linea;oid;nombre;alias;cerrada;regiongeo;departamento;localidad;urbanarural;coddepart;codloc;codsecc;codseg;codzona;cod1;cod2;coordx;coordy;latlong;calle;numpuerta;esquina;telefono;codregion;regionasse;depadmin;uedepende;uedependenom;nivelatencion;categoria;codcatsnomed;pertenecea;pertenecearap;sgc;sgcenua;hcea;hceo;obstetrapartera;medfamycom;medgeneral;pediatria;ginecoobstetricia;odontolog;espadolesc;horespado;vacunatorio;puertaemer;puertaurge;geosalud;maternidadbc;maternidadac;camactiadulto;camacetped;camaciadulto;camaciped;camacb;camacm;ctisic;resehgeosalud;hceintgeosalud;block;siq;medfarmacia;meddispensa;webfarma;sga farmacia;emedicamen;muestraslab;laboratorio;imradiologia;imecografo;immamografo;imtomografo;imrnm;ridi;telemedicina;LAT;LONG;geometry
2;2.16.858.0.0.2.1.1.5980102024126002068;INSTITUTO DE ORTOPEDIA Y TRAUMATOLOGIA;INOT;NO;SUR;MONTEVIDEO;MONTEVIDEO;URBANA;1;20;24;126;2;102024126002068;1002;576134.51;6141167.762;-34.869,-56.167;DE HERRERA  DR. LUIS ALBERTO;3326;VARELA  JOSE PEDRO;24830487;2;SUR;REGION SUR;9;INSTITUTO DE ORTOPEDIA Y TRAUMATOLOGIA;SEGUNDO NIVEL;HOSPITAL;22232009;ASSE;NO;SI;SI;SI;NO;NO;NO;NO;NO;NO;NO;NO;NC;NO;SI;NO;SI;NO;NO;NO;NO;NO;NO;NO;SI;NO;SI;SI;SI;SI;SI;SI;SI;S-D;SI;SI;SI;SI;NO;NO;SI;NO;SI;SI;-34.869;-56.167;POINT (-56.167 -34.869)
4;2.16.858.0.0.2.1.1.5980102099266603004;CENTRO DE SALUD LA CRUZ DE CARRASCO;C. S. LA CRUZ DE CARRASCO;NO;SUR;MONTEVIDEO;MONTEVIDEO;URBANA;1;20;99;266;603;102099266603004;1004;582528.82;6140836.25;-34.87148968,-56.09701354;JUAN AGAZZI;2735;DR. A. PEREIRA;25220127;2;SUR;REGION SUR;2;RAP METROPOLITANA;PRIMER NIVEL;CENTRO DE SALUD;264361005;ASSE;SI;SI;SI;SI;NO;SI;SI;SI;SI;SI;SI;SI;JUEVES;NO;NO;NO;NO;NO;NO;NO;NO;NO;NO;NO;NO;NO;N-C;N-C;NO;NO;SI;SI;NO;SI;SI;SI;NO;NO;SI;NO;NO;NO;NO;NO;-34.87148968;-56.09701354;POINT (-56.09701354 -34.87148968)
6;2.16.858.0.0.2.1.1.5980102002001011006;CENTRO DE SALUD CIUDAD VIEJA;C. S. CIUDAD VIEJA;NO;SUR;MONTEVIDEO;MONTEVIDEO;URBANA;1;20;2;1;11;102002001011006;1006;571993.03;6136898.3;-34.90779863,-56.21194121;25 DE MAYO;183;MACIEL;29170074;2;SUR;REGION SUR;2;RAP METROPOLITANA;PRIMER NIVEL;CENTRO DE SALUD;264361005;ASSE;SI;SI;SI;SI;NO;SI;SI;SI;SI;SI;SI;SI;JUEVES;SI;NO;NO;NO;NO;NO;NO;NO;NO;NO;NO;NO;NO;N-C;N-C;NO;NO;SI;SI;NO;SI;SI;SI;NO;NO;SI;NO;NO;NO;NO;NO;-34.90779863;-56.21194121;POINT (-56.21194121 -34.90779863)
7;2.16.858.0.0.2.1.1.5980102017204602007;CENTRO DE SALUD DR. BADANO REPETTO;C. S. PIEDRAS BLANCAS;NO;SUR;MONTEVIDEO;MONTEVIDEO;URBANA;1;20;17;204;602;102017204602007;1007;578468.685;6146406.313;-34.821588161289824, -56.14195432818572;CAPITAN TULA;4145;DR. SEBASTIAN RODRIGUEZ;22224901-22222518;2;SUR;REGION SUR;2;RAP METROPOLITANA;PRIMER NIVEL;CENTRO DE SALUD;264361005;ASSE;SI;SI;SI;SI;NO;SI;SI;SI;SI;SI;SI;NO;NC;SI;NO;SI;SI;NO;NO;NO;NO;NO;NO;NO;NO;N-C;NO;NO;NO;NO;SI;SI;NO;SI;SI;SI;NO;NO;SI;NO;NO;NO;NO;NO;-34.8215881612898;-56.1419543281857;POINT (-56.14195432818572 -34.821588161289824)
8;2.16.858.0.0.2.1.1.5980102012206008008;CENTRO DE SALUD DR. E. CLAVEAUX;C. S. CLAVEAUX;NO;SUR;MONTEVIDEO;MONTEVIDEO;URBANA;1;20;12;206;8;102012206008008;1008;575785.29;6141118.26;-34.86947219,-56.17078259;PAMPILLO Y NOVAS;3161;CUFRE;22036770 - 22092722;2;SUR;REGION SUR;2;RAP METROPOLITANA;PRIMER NIVEL;CENTRO DE SALUD;264361005;ASSE;SI;SI;SI;SI;NO;NO;SI;SI;SI;SI;SI;SI;MARTES;NO;NO;NO;NO;NO;NO;NO;NO;NO;NO;NO;NO;NO;N-C;N-C;NO;NO;SI;SI;NO;SI;SI;SI;NO;SI;SI;NO;NO;NO;SI;SI;-34.86947219;-56.17078259;POINT (-56.17078259 -34.86947219)
9;2.16.858.0.0.2.1.1.5980102022008013009;CENTRO DE SALUD GIORDANO;C. S. GIORDANO;NO;SUR;MONTEVIDEO;MONTEVIDEO;URBANA;1;20;22;8;13;102022008013009;1009;575512.11;6142656.75;-34.85562067,-56.17394345;SAN MARTIN;3797;GARCIA DE ZUNIGA;22153270;2;SUR;REGION SUR;2;RAP METROPOLITANA;PRIMER NIVEL;CENTRO DE SALUD;264361005;ASSE;SI;SI;SI;SI;NO;SI;SI;SI;SI;SI;SI;SI;MIERCOLES;SI;NO;NO;NO;NO;NO;NO;NO;NO;NO;NO;NO;NO;N-C;N-C;NO;NO;SI;SI;NO;SI;SI;SI;NO;NO;SI;NO;NO;NO;NO;NO;-34.85562067;-56.17394345;POINT (-56.17394345 -34.85562067)
10;2.16.858.0.0.2.1.1.5980102011138012010;CENTRO DE SALUD JARDINES DEL HIPODROMO;C. S. JARDINES DEL HIPODROMO;NO;SUR;MONTEVIDEO;MONTEVIDEO;URBANA;1;20;11;138;12;102011138012010;1010;579960.61;6144511.09;-34.8385605626839, -56.125461318841744;MALINAS;3843;LIBIA;25140686;2;SUR;REGION SUR;2;RAP METROPOLITANA;PRIMER NIVEL;CENTRO DE SALUD;264361005;ASSE;SI;SI;SI;SI;NO;SI;SI;SI;SI;SI;SI;SI;MARTES;SI;NO;SI;SI;NO;NO;NO;NO;NO;NO;NO;NO;N-C;NO;NO;NO;NO;SI;SI;NO;SI;SI;SI;NO;SI;SI;NO;NO;NO;NO;NO;-34.8385605626839;-56.1254613188417;POINT (-56.125461318841744 -34.8385605626839)
11;2.16.858.0.0.2.1.1.5980102011206604011;CENTRO DE SALUD MARONAS;C. S. MARONAS;NO;SUR;MONTEVIDEO;MONTEVIDEO;URBANA;1;20;11;206;604;102011206604011;1011;578632.978;6143911.724;-34.84406836275983, -56.1399241031169;JOSE M. GUERRA;3510;SHAW;25137941 - 25137369 - 25146967;2;SUR;REGION SUR;2;RAP METROPOLITANA;PRIMER NIVEL;CENTRO DE SALUD;264361005;NO PERTENECE A ASSE;SI;SI;SI;SI;NO;SI;SI;SI;SI;SI;SI;SI;JUEVES;SI;NO;NO;NO;NO;NO;NO;NO;NO;NO;NO;NO;NO;N-C;N-C;NO;NO;SI;SI;NO;SI;SI;SI;NO;NO;SI;NO;NO;NO;NO;NO;-34.8440683627598;-56.1399241031169;POINT (-56.1399241031169 -34.84406836275983)
12;2.16.858.0.0.2.1.1.5980102017010027012;CENTRO DE SALUD MISURRACO;C. S. MISURRACO;NO;SUR;MONTEVIDEO;MONTEVIDEO;URBANA;1;20;17;208;3;102017010027012;1012;577924.171;6145121.642;-34.8332134959044, -56.14778861682315;APARICIO SARAVIA;S/N;CURUPU;22161886 - 22165027;2;SUR;REGION SUR;2;RAP METROPOLITANA;PRIMER NIVEL;CENTRO DE SALUD;264361005;ASSE;SI;SI;SI;SI;NO;SI;SI;SI;SI;SI;SI;SI;MARTES Y JUEVES;SI;NO;NO;NO;NO;NO;NO;NO;NO;NO;NO;NO;NO;N-C;N-C;NO;NO;SI;SI;NO;SI;SI;SI;NO;NO;SI;NO;NO;NO;NO;NO;-34.8332134959044;-56.1477886168232;POINT (-56.14778861682315 -34.8332134959044)
13;2.16.858.0.0.2.1.1.5980102017204403013;CENTRO DE SALUD PIEDRAS BLANCAS (ANEXO);C. S. PIEDRAS BLANCAS (ANEXO);NO;SUR;MONTEVIDEO;MONTEVIDEO;URBANA;1;20;17;204;403;102017204403013;1013;578708.99;6146675.17;-34.81914541,-56.13935212;JOSE BELLONI;4602;CLEMENTE RUGGIA;22275295;2;SUR;REGION SUR;2;RAP METROPOLITANA;PRIMER NIVEL;POLICLINICA;35971002;ASSE;SI;NO;SI;SI;NO;NO;SI;NO;NO;SI;NO;SI;JUEVES;NO;NO;NO;NO;NO;NO;NO;NO;NO;NO;NO;NO;NO;N-C;N-C;NO;NO;NO;NO;NO;NO;NO;NO;NO;NO;NO;NO;NO;NO;NO;NO;-34.81914541;-56.13935212;POINT (-56.13935212 -34.81914541)
14;2.16.858.0.0.2.1.1.5980102021026003014;CENTRO DE SALUD SAYAGO;C. S. SAYAGO;NO;SUR;MONTEVIDEO;MONTEVIDEO;URBANA;1;20;21;26;3;102021026003014;1014;571388.41;6145332.9;-34.83178829,-56.21927831;ARIEL;5018;QUICUYO;23552796;2;SUR;REGION SUR;2;RAP METROPOLITANA;PRIMER NIVEL;CENTRO DE SALUD;264361005;ASSE;SI;SI;SI;SI;NO;SI;SI;SI;SI;SI;SI;S-D;S-D;SI;NO;NO;NO;NO;NO;NO;NO;NO;NO;NO;NO;NO;N-C;N-C;NO;NO;SI;SI;NO;SI;SI;SI;NO;NO;SI;NO;NO;NO;NO;NO;-34.83178829;-56.21927831;POINT (-56.21927831 -34.83178829)
15;2.16.858.0.0.2.1.1.5980102099045010015;CENTRO DE SALUD UNION;C. S. UNION;NO;SUR;MONTEVIDEO;MONTEVIDEO;URBANA;1;20;99;45;10;102099045010015;1015;579375.81;6142419.66;-34.85746399,-56.13165863;VICENZA;2815;8 DE OCTUBRE;25112408 - 25148263;2;SUR;REGION SUR;2;RAP METROPOLITANA;PRIMER NIVEL;CENTRO DE SALUD;264361005;NO PERTENECE A ASSE;SI;SI;SI;SI;NO;SI;SI;SI;SI;SI;SI;SI;JUEVES;SI;NO;NO;NO;NO;NO;NO;NO;NO;NO;NO;NO;NO;N-C;N-C;NO;NO;SI;SI;NO;SI;SI;SI;NO;NO;SI;NO;NO;NO;NO;NO;-34.85746399;-56.13165863;POINT (-56.13165863 -34.85746399)
20;2.16.858.0.0.2.1.1.5980102016008331020;POLICLINICA 19 DE ABRIL;POL. 19 DE ABRIL;NO;SUR;MONTEVIDEO;MONTEVIDEO;URBANA;1;20;16;8;331;102016008331020;1020;568427.88;6144070.93;-34.84337085,-56.25154991;GUAZUCUA;320;PASAJE 19 DE ABRIL;23095481 - 23082281;2;SUR;REGION SUR;2;RAP METROPOLITANA;PRIMER NIVEL;POLICLINICA;35971002;NO PERTENECE A ASSE;SI;SI;SI;SI;NO;SI;SI;NO;SI;NO;SI;NO;NC;NO;NO;NO;NO;NO;NO;NO;NO;NO;NO;NO;NO;NO;N-C;N-C;NO;NO;NO;NO;NO;NO;NO;SI;NO;NO;NO;NO;NO;NO;NO;NO;-34.84337085;-56.25154991;POINT (-56.25154991 -34.84337085)
22;2.16.858.0.0.2.1.1.5980102016213007022;POLICLINICA 3 OMBUES;POL. 3 OMBUES;NO;SUR;MONTEVIDEO;MONTEVIDEO;URBANA;1;20;16;213;7;102016213007022;1022;568959.99;6142814.62;-34.85466293,-56.24562686;ALAGOAS;742;PEDRO GIRALT;23075193 - 23048153;2;SUR;REGION SUR;2;RAP METROPOLITANA;PRIMER NIVEL;POLICLINICA;35971002;NO PERTENECE A ASSE;SI;SI;SI;SI;NO;SI;SI;NO;SI;NO;SI;NO;NC;NO;NO;NO;NO;NO;NO;NO;NO;NO;NO;NO;NO;NO;N-C;N-C;NO;NO;SI;SI;NO;SI;SI;SI;NO;NO;NO;NO;NO;NO;NO;NO;-34.85466293;-56.24562686;POINT (-56.24562686 -34.85466293)
23;2.16.858.0.0.2.1.1.5980102016227604023;CONSULTORIO ALDEAS INFANTILES;CONS. ALDEAS INFANTILES;NO;SUR;MONTEVIDEO;MONTEVIDEO;URBANA;1;20;16;227;604;102016227604023;1023;560531.019;6148659.262;-34.802498201202326,-56.33824968233888;AVDA. L. BATLLE BERRES;1021;PQUE. LECQOC;23120203;2;SUR;REGION SUR;2;RAP METROPOLITANA;PRIMER NIVEL;POLICLINICA;35971002;ASSE;SI;SI;SI;SI;NO;NO;SI;NO;NO;NO;SI;NO;NC;NO;NO;NO;NO;NO;NO;NO;NO;NO;NO;NO;NO;NO;N-C;N-C;NO;NO;NO;NO;NO;NO;NO;NO;NO;NO;NO;NO;NO;NO;NO;NO;-34.8024982012023;-56.3382496823389;POINT (-56.33824968233888 -34.802498201202326)
24;2.16.858.0.0.2.1.1.5980102017032027024;CONSULTORIO AQUILES LANZA;CONS. AQUILES LANZA;NO;SUR;MONTEVIDEO;MONTEVIDEO;URBANA;1;20;17;32;27;102017032027024;1024;575893.81;6146357.45;-34.82222403,-56.17010315;NATAL;5469;PASAJE DE LOS FRESNOS;22203094;2;SUR;REGION SUR;2;RAP METROPOLITANA;PRIMER NIVEL;POLICLINICA;35971002;ASSE;SI;SI;SI;SI;NO;NO;SI;NO;SI;NO;NO;NO;NC;SI;NO;NO;NO;NO;NO;NO;NO;NO;NO;NO;NO;NO;N-C;N-C;NO;NO;NO;NO;NO;NO;NO;NO;NO;NO;NO;NO;NO;NO;NO;NO;-34.82222403;-56.17010315;POINT (-56.17010315 -34.82222403)
25;2.16.858.0.0.2.1.1.5980102017109014025;CONSULTORIO AREA-ESPACIO ADOLESCENTE RUBEN ALONSO;ESPACIO ADOLESCENTE RUBEN ALONSO;NO;SUR;MONTEVIDEO;MONTEVIDEO;URBANA;1;20;17;109;14;102017109014025;1025;577293.913;6144980.351;-34.83453556423404,-56.15466768232279;TIMBUES;3571;APARICIO SARAVIA;22154628;2;SUR;REGION SUR;2;RAP METROPOLITANA;PRIMER NIVEL;POLICLINICA;35971002;S-D;SI;NO;NO;NO;NO;NO;SI;NO;NO;NO;NO;SI;JUEVES;NO;NO;NO;NO;NO;NO;NO;NO;NO;NO;NO;NO;NO;N-C;N-C;NO;NO;NO;NO;NO;NO;NO;NO;NO;NO;NO;NO;NO;NO;NO;NO;-34.834535564234;-56.1546676823228;POINT (-56.15466768232279 -34.83453556423404)
26;2.16.858.0.0.2.1.1.5980102017138602026;CONSULTORIO ASENTAMIENTO 23 DE DICIEMBRE;CONS. 23 DE DICIEMBRE;NO;SUR;MONTEVIDEO;MONTEVIDEO;URBANA;1;20;17;138;602;102017138602026;1026;577135.03;6150363.43;-34.78600977,-56.15689968;CNO. LINNEO;S/N;23 DE DICIEMBRE;S-D;2;SUR;REGION SUR;2;RAP METROPOLITANA;PRIMER NIVEL;POLICLINICA;35971002;NO PERTENECE A ASSE;SI;SI;SI;SI;NO;NO;SI;NO;NO;NO;NO;NO;NC;NO;NO;NO;NO;NO;NO;NO;NO;NO;NO;NO;NO;NO;N-C;N-C;NO;NO;NO;NO;NO;NO;NO;SI;NO;NO;NO;NO;NO;NO;NO;NO;-34.78600977;-56.15689968;POINT (-56.15689968 -34.78600977)
27;2.16.858.0.0.2.1.1.5980102009255701027;CONSULTORIO ASENTAMIENTO 25 DE AGOSTO;CONS. 25 DE AGOSTO;NO;SUR;MONTEVIDEO;MONTEVIDEO;URBANA;1;20;9;255;701;102009255701027;1027;570147.75;6150237.2;-34.78765299,-56.23325505;PORORO;S/N;FERNANDO MENK;23240854;2;SUR;REGION SUR;2;RAP METROPOLITANA;PRIMER NIVEL;POLICLINICA;35971002;NO PERTENECE A ASSE;SI;SI;SI;NO;NO;NO;SI;NO;SI;NO;NO;NO;NC;NO;NO;NO;NO;NO;NO;NO;NO;NO;NO;NO;NO;NO;N-C;N-C;NO;NO;NO;NO;NO;NO;NO;NO;NO;NO;NO;NO;NO;NO;NO;NO;-34.78765299;-56.23325505;POINT (-56.23325505 -34.78765299)
28;2.16.858.0.0.2.1.1.5980102010268049028;CONSULTORIO ASENTAMIENTO ACOSTA Y LARA;POL. ACOSTA Y LARA;NO;SUR;MONTEVIDEO;MONTEVIDEO;URBANA;1;20;10;268;49;102010268049028;1028;586453.715;6140929.197;-34.87032518407368,-56.05408409336734;ACOSTA Y LARA;7125;ANTONIO PENA;26013563 - 26038484;2;SUR;REGION SUR;2;RAP METROPOLITANA;PRIMER NIVEL;POLICLINICA;35971002;NO PERTENECE A ASSE;SI;SI;SI;SI;NO;SI;SI;NO;SI;SI;NO;NO;NC;NO;NO;NO;NO;NO;NO;NO;NO;NO;NO;NO;NO;NO;N-C;N-C;NO;NO;NO;NO;NO;NO;NO;NO;NO;NO;NO;NO;NO;NO;NO;NO;-34.8703251840737;-56.0540840933673;POINT (-56.05408409336734 -34.87032518407368)
29;2.16.858.0.0.2.1.1.5980102099006608029;CONSULTORIO ASENTAMIENTO MARIA EUGENIA;CONS. SERVANDO GOMEZ;NO;SUR;MONTEVIDEO;MONTEVIDEO;URBANA;1;20;99;6;608;102099006608029;1029;585844.797;6143410.979;-34.848,-56.061;CNO. GRAL. SERVANDO GOMEZ;S-D;CNO. LATERAL;S-D;2;SUR;REGION SUR;2;RAP METROPOLITANA;PRIMER NIVEL;POLICLINICA;35971002;S-D;SI;NO;NO;NO;NO;NC;NC;NC;NC;NC;NO;NO;NC;NO;NO;NO;NO;NO;NO;NO;NO;NO;NO;NO;NO;NO;N-C;N-C;NO;NO;NO;NO;NO;NO;NO;NO;NO;NO;NO;NO;NO;NO;NO;NO;-34.848;-56.061;POINT (-56.061 -34.848)
30;2.16.858.0.0.2.1.1.5980102017241021030;CONSULTORIO BARRIO FENIX;CONS. FENIX;NO;SUR;MONTEVIDEO;MONTEVIDEO;URBANA;1;20;17;241;21;102017241021030;1030;577846.519;6149027.657;-34.798,-56.149;CALLE B;4741;CALLE D;S-D;2;SUR;REGION SUR;2;RAP METROPOLITANA;PRIMER NIVEL;POLICLINICA;35971002;S-D;SI;SI;SI;SI;NO;NO;SI;NO;NO;NO;NO;NO;NC;NO;NO;NO;NO;NO;NO;NO;NO;NO;NO;NO;NO;NO;N-C;N-C;NO;NO;NO;NO;NO;NO;NO;NO;NO;NO;NO;NO;NO;NO;NO;NO;-34.798;-56.149;POINT (-56.149 -34.798)
32;2.16.858.0.0.2.1.1.5980102010218011032;POLICLINICA DR. GONZALO ESTAPE;CONSULTORIO CAIF JUAN XXIII;NO;SUR;MONTEVIDEO;MONTEVIDEO;URBANA;1;20;10;218;11;102010218011032;1032;579598.561;6140190.144;-34.877549247840335,-56.12901008322988;MENORCA;2107;JUAN JOSE CASTRO;25081995;2;SUR;REGION SUR;2;RAP METROPOLITANA;PRIMER NIVEL;POLICLINICA;35971002;NO PERTENECE A ASSE;SI;NO;SI;NO;NO;NO;SI;NO;NO;NO;NO;NO;NC;NO;NO;NO;NO;NO;NO;NO;NO;NO;NO;NO;NO;NO;N-C;N-C;NO;NO;NO;NO;NO;NO;NO;NO;NO;NO;NO;NO;NO;NO;NO;NO;-34.8775492478403;-56.1290100832299;POINT (-56.12901008322988 -34.877549247840335)
33;2.16.858.0.0.2.1.1.5980102014002003033;CONSULTORIO CAPURRO;POL. CAPURRO;NO;SUR;MONTEVIDEO;MONTEVIDEO;URBANA;1;20;14;2;3;102014002003033;1033;571551.537;6140947.16;-34.871322278153656,-56.21711990593877;DOROTEO ENCISO;676;RUTA NACIONAL DR. HUGO BATALLA;23082130;2;SUR;REGION SUR;2;RAP METROPOLITANA;PRIMER NIVEL;POLICLINICA;35971002;ASSE;SI;SI;SI;SI;NO;NO;SI;NO;NO;NO;NO;NO;NC;NO;NO;NO;NO;NO;NO;NO;NO;NO;NO;NO;NO;NO;N-C;N-C;NO;NO;NO;NO;NO;NO;NO;NO;NO;NO;NO;NO;NO;NO;NO;NO;-34.8713222781537;-56.2171199059388;POINT (-56.21711990593877 -34.871322278153656)
35;2.16.858.0.0.2.1.1.5980102020222011035;CONSULTORIO CLUB CAP. POLONIO;CONS. CAP. POLONIO;NO;SUR;MONTEVIDEO;MONTEVIDEO;URBANA;1;20;20;222;11;102020222011035;1035;570351.304;6142840.734;-34.85433208515363,-56.23041025833961;BASAGOITI;4539;GREGORIO CAMINO;23058164 - 23082144;2;SUR;REGION SUR;2;RAP METROPOLITANA;PRIMER NIVEL;POLICLINICA;35971002;NO PERTENECE A ASSE;SI;SI;SI;SI;NO;NO;SI;NO;NO;NO;NO;NO;NC;NO;NO;NO;NO;NO;NO;NO;NO;NO;NO;NO;NO;NO;N-C;N-C;NO;NO;NO;NO;NO;NO;NO;NO;NO;NO;NO;NO;NO;NO;NO;NO;-34.8543320851536;-56.2304102583396;POINT (-56.23041025833961 -34.85433208515363)
36;2.16.858.0.0.2.1.1.5980102013140002036;CONSULTORIO COVICENOVA;CONS. COVICENOVA;NO;SUR;MONTEVIDEO;MONTEVIDEO;URBANA;1;20;13;140;2;102013140002036;1036;566906.72;6141167.76;-34.86964977,-56.26795495;CNO. CIBILS;4617;PERNAMBUCO;23122060 - 23124693;2;SUR;REGION SUR;2;RAP METROPOLITANA;PRIMER NIVEL;POLICLINICA;35971002;ASSE;SI;SI;SI;SI;NO;NO;SI;NO;NO;NO;NO;NO;NC;NO;NO;NO;NO;NO;NO;NO;NO;NO;NO;NO;NO;NO;N-C;N-C;NO;NO;NO;NO;NO;NO;NO;NO;NO;NO;NO;NO;NO;NO;NO;NO;-34.86964977;-56.26795495;POINT (-56.26795495 -34.86964977)
39;2.16.858.0.0.2.1.1.5980102010126007039;CONSULTORIO DELMIRA AGUSTINI;CONS. DELMIRA AGUSTINI;NO;SUR;MONTEVIDEO;MONTEVIDEO;URBANA;1;20;10;126;7;102010126007039;1039;580032.781;6138944.804;-34.88874379685899,-56.1241400933673;SAMUEL BLIXEN;4151;RESISTENCIA;S-D;2;SUR;REGION SUR;2;RAP METROPOLITANA;PRIMER NIVEL;POLICLINICA;35971002;NO PERTENECE A ASSE;SI;SI;SI;SI;NO;NO;SI;NO;NO;NO;NO;NO;NC;NO;NO;NO;NO;NO;NO;NO;NO;NO;NO;NO;NO;NO;N-C;N-C;NO;NO;NO;NO;NO;NO;NO;NO;NO;NO;NO;NO;NO;NO;NO;NO;-34.888743796859;-56.1241400933673;POINT (-56.1241400933673 -34.88874379685899)
42;2.16.858.0.0.2.1.1.5980102016030007042;CONSULTORIO ESPARTACO;CONS. ESPARTACO;NO;SUR;MONTEVIDEO;MONTEVIDEO;URBANA;1;20;16;30;7;102016030007042;1042;562304.73;6145978.94;-34.82655990,-56.31866095;LOMAS DE ZAMORA;2996;MARIO R. PEREZ;23128633;2;SUR;REGION SUR;2;RAP METROPOLITANA;PRIMER NIVEL;POLICLINICA;35971002;NO PERTENECE A ASSE;SI;SI;SI;SI;NO;NO;SI;NO;NO;NO;NO;NO;NC;NO;NO;NO;NO;NO;NO;NO;NO;NO;NO;NO;NO;NO;N-C;N-C;NO;NO;NO;NO;NO;NO;NO;NO;NO;NO;NO;NO;NO;NO;NO;NO;-34.8265599;-56.31866095;POINT (-56.31866095 -34.8265599)
45;2.16.858.0.0.2.1.1.5980102013139013045;POLICLINICA JARDINES DE LAS TORRES;CONS. JARDINES DE LAS TORRES;NO;SUR;MONTEVIDEO;MONTEVIDEO;URBANA;1;20;13;139;604;102013139013045;1045;566353.55;6143997.94;-34.84416651,-56.27423103;LOS NOGALES;2342;PASAJE LAS ALEGRIAS;23129258;2;SUR;REGION SUR;2;RAP METROPOLITANA;PRIMER NIVEL;POLICLINICA;35971002;ASSE;SI;SI;SI;SI;NO;SI;SI;SI;SI;NO;NO;NO;NC;NO;NO;NO;NO;NO;NO;NO;NO;NO;NO;NO;NO;NO;N-C;N-C;NO;NO;NO;NO;NO;NO;NO;NO;NO;NO;NO;NO;NO;NO;NO;NO;-34.84416651;-56.27423103;POINT (-56.27423103 -34.84416651)
46;2.16.858.0.0.2.1.1.5980102013235013046;POLICLINICA LA BOYADA;POL. LA BOYADA;NO;SUR;MONTEVIDEO;MONTEVIDEO;URBANA;1;20;13;235;13;102013235013046;1046;568378.519;6142421.312;-34.85825,-56.25196;CNO. LA BOYADA;1682;SANTIN C. ROSSI;23139074;2;SUR;REGION SUR;2;RAP METROPOLITANA;PRIMER NIVEL;POLICLINICA;35971002;NO PERTENECE A ASSE;SI;SI;SI;SI;NO;SI;SI;NO;NO;NO;NO;NO;NC;NO;NO;NO;NO;NO;NO;NO;NO;NO;NO;NO;NO;NO;N-C;N-C;NO;NO;NO;NO;NO;NO;NO;NO;NO;NO;NO;NO;NO;NO;NO;NO;-34.85825;-56.25196;POINT (-56.25196 -34.85825)
47;2.16.858.0.0.2.1.1.5980102017111008047;POLICLINICA LAS ACACIAS;POL. LAS ACACIAS;NO;SUR;MONTEVIDEO;MONTEVIDEO;URBANA;1;20;17;111;8;102017111008047;1047;577389.238;6144310.402;-34.8405690338915,-56.15356342939878;IBERIA;3895;NIAGARA;22112378;2;SUR;REGION SUR;2;RAP METROPOLITANA;PRIMER NIVEL;POLICLINICA;35971002;NO PERTENECE A ASSE;SI;SI;SI;SI;NO;NO;SI;SI;SI;NO;NO;NO;NC;SI;NO;NO;NO;NO;NO;NO;NO;NO;NO;NO;NO;NO;N-C;N-C;NO;NO;NO;NO;NO;NO;NO;SI;NO;NO;NO;NO;NO;NO;NO;NO;-34.8405690338915;-56.1535634293988;POINT (-56.15356342939878 -34.8405690338915)
49;2.16.858.0.0.2.1.1.5980102017006033049;POLICLINICA LOS REYES;POL. LOS REYES;NO;SUR;MONTEVIDEO;MONTEVIDEO;URBANA;1;20;17;6;33;102017006033049;1049;577171.412;6146228.214;-34.82329324031267,-56.15612210440337;PASAJE A SOLAR 35 CNO. MENDOZA;S/N;MATILDE PACHECO;222020093;2;SUR;REGION SUR;2;RAP METROPOLITANA;PRIMER NIVEL;POLICLINICA;35971002;S-D;SI;SI;SI;SI;NO;NO;SI;SI;SI;NO;NO;SI;MARTES;SI;NO;NO;NO;NO;NO;NO;NO;NO;NO;NO;NO;NO;N-C;N-C;NO;NO;NO;NO;NO;NO;NO;SI;NO;NO;NO;NO;NO;NO;NO;NO;-34.8232932403127;-56.1561221044034;POINT (-56.15612210440337 -34.82329324031267)
56;2.16.858.0.0.2.1.1.5980102011286600056;CONSULTORIO TOLEDO CHICO;POL. TOLEDO CHICO;NO;SUR;MONTEVIDEO;MONTEVIDEO;URBANA;1;20;11;286;600;102011286600056;1056;581450.217;6153808.14;-34.75461,-56.11007;AVDA. INSTRUCCIONES;5461;CNO. TOLEDO CHICO;25150607;2;SUR;REGION SUR;2;RAP METROPOLITANA;PRIMER NIVEL;POLICLINICA;35971002;ASSE;SI;SI;SI;SI;NO;NO;SI;NO;NO;NO;NO;NO;NC;NO;NO;NO;NO;NO;NO;NO;NO;NO;NO;NO;NO;NO;N-C;N-C;NO;NO;NO;NO;NO;NO;NO;NO;NO;NO;NO;NO;NO;NO;NO;NO;-34.75461;-56.11007;POINT (-56.11007 -34.75461)
59;2.16.858.0.0.2.1.1.5980102018129001059;HOSPITAL DE LA MUJER;CHPR MUJER;NO;SUR;MONTEVIDEO;MONTEVIDEO;URBANA;1;20;18;129;1;102018129001059;1059;576367.13;6137816.74;-34.89919758,-56.16414919;BVAR. ARTIGAS;1550;DR. GASTON RAMON;27087741 AL 44;2;SUR;REGION SUR;4;CENTRO HOSPITALARIO PEREIRA ROSSELL;TERCER NIVEL;HOSPITAL;22232009;ASSE;NO;SI;SI;SI;SI;SI;NO;NO;NO;SI;NO;NO;NC;NO;SI;NO;SI;NO;SI;SI;SI;NO;SI;NO;SI;SI;SI;NO;SI;SI;SI;SI;SI;S-D;NO;SI;SI;SI;SI;SI;NO;NO;SI;SI;-34.89919758;-56.16414919;POINT (-56.16414919 -34.89919758)
60;2.16.858.0.0.2.1.1.5980102009054003060;"HOSPITAL ESPECIALIZADO DE OJOS ""JOSE MARTI""";HOSPITAL DE OJOS;NO;SUR;MONTEVIDEO;MONTEVIDEO;URBANA;1;20;9;54;3;102009054003060;1060;569460.38;6150192.03;-34.78810736,-56.24076404;FAUQUET;6358;GUANAHANY;23228080;2;SUR;REGION SUR;88;"HOSPITAL ESPECIALIZADO DE OJOS ""JOSE MARTI""";SEGUNDO NIVEL;HOSPITAL;22232009;ASSE;NO;SI;SI;SI;NO;NC;NC;NC;NC;NC;NO;NO;NC;NO;NO;NO;SI;NO;NO;NO;NO;NO;NO;NO;SI;NO;NO;NO;SI;SI;SI;SI;SI;S-D;SI;SI;NO;NO;NO;NO;NO;NO;NO;NO;-34.78810736;-56.24076404;POINT (-56.24076404 -34.78810736)
61;2.16.858.0.0.2.1.1.5980102012125011061;HOSPITAL ESPANOL;HOSPITAL ESPANOL;NO;SUR;MONTEVIDEO;MONTEVIDEO;URBANA;1;20;12;125;11;102012125011061;1061;574788.76;6140473.07;-34.87536380,-56.18166065;GARIBALDI;1729;ROCHA;22097899;2;SUR;REGION SUR;76;HOSPITAL ESPANOL;TERCER NIVEL;HOSPITAL;22232009;ASSE;NO;SI;SI;SI;NO;NO;NO;NO;NO;NO;NO;NO;NC;NO;SI;NO;SI;NO;NO;SI;NO;SI;NO;NO;SI;SI;NO;SI;SI;SI;SI;SI;SI;S-D;NO;SI;SI;SI;SI;NO;SI;NO;SI;SI;-34.8753638;-56.18166065;POINT (-56.18166065 -34.8753638)
62;2.16.858.0.0.2.1.1.5980102002001011062;HOSPITAL MACIEL;HOSPITAL MACIEL;NO;SUR;MONTEVIDEO;MONTEVIDEO;URBANA;1;20;2;1;11;102002001011062;1062;571987.483;6136876.013;-34.908,-56.212;25 DE MAYO;174;MACIEL;29153000;2;SUR;REGION SUR;5;HOSPITAL MACIEL;TERCER NIVEL;HOSPITAL;22232009;ASSE;NO;SI;SI;SI;SI;NO;NO;SI;NO;NO;SI;NO;NC;SI;SI;NO;SI;NO;NO;SI;NO;SI;NO;NO;SI;SI;NO;SI;SI;SI;SI;SI;SI;S-D;NO;SI;SI;SI;SI;SI;SI;NO;SI;SI;-34.908;-56.212;POINT (-56.212 -34.908)
63;2.16.858.0.0.2.1.1.5980102010006001063;HOSPITAL PASTEUR;HOSPITAL PASTEUR;NO;SUR;MONTEVIDEO;MONTEVIDEO;URBANA;1;20;10;6;1;102010006001063;1063;578756.034;6140511.721;-34.87471540704519,-56.138258586489734;LARRAVIDE;2465;ASILO;25088131;2;SUR;REGION SUR;6;HOSPITAL PASTEUR;TERCER NIVEL;HOSPITAL;22232009;ASSE;NO;SI;SI;SI;NO;NO;NO;SI;NO;NO;SI;NO;NC;SI;SI;NO;SI;NO;NO;SI;NO;SI;NO;NO;SI;SI;SI;SI;SI;SI;SI;SI;SI;S-D;SI;SI;SI;SI;SI;SI;SI;NO;SI;SI;-34.8747154070452;-56.1382585864897;POINT (-56.138258586489734 -34.87471540704519)
64;2.16.858.0.0.2.1.1.5980102018129001064;HOSPITAL PEDIATRICO;CHPR PEDIATRICO;NO;SUR;MONTEVIDEO;MONTEVIDEO;URBANA;1;20;18;129;1;102018129001064;1064;576360.49;6137853.15;-34.89886976,-56.16422520;BVAR. ARTIGAS;1550;FRANCISCO CANARO;27095212;2;SUR;REGION SUR;4;CENTRO HOSPITALARIO PEREIRA ROSSELL;TERCER NIVEL;HOSPITAL;22232009;ASSE;NO;SI;SI;SI;NO;NO;NO;NO;SI;NO;SI;NO;NC;NO;SI;NO;SI;NO;NO;NO;SI;NO;SI;NO;SI;NO;SI;SI;SI;SI;SI;SI;SI;S-D;NO;SI;SI;SI;SI;NO;SI;SI;SI;SI;-34.89886976;-56.1642252;POINT (-56.1642252 -34.89886976)
66;2.16.858.0.0.2.1.1.5980102009054003066;HOSPITAL SAINT BOIS;HOSPITAL SAINT BOIS;NO;SUR;MONTEVIDEO;MONTEVIDEO;URBANA;1;20;9;54;3;102009054003066;1066;569353.06;6150161.63;-34.78838880,-56.24193441;FAUQUET;6358;GUANAHANY;23228080;2;SUR;REGION SUR;12;CENTRO HOSPITALARIO DEL NORTE GUSTAVO SAINT BOIS;SEGUNDO NIVEL;HOSPITAL;22232009;ASSE;NO;SI;SI;SI;NO;SI;NO;SI;SI;SI;SI;NO;NC;SI;SI;NO;SI;NO;NO;NO;NO;NO;NO;NO;SI;NO;NO;SI;SI;SI;SI;SI;SI;S-D;SI;SI;SI;SI;SI;SI;NO;NO;SI;SI;-34.7883888;-56.24193441;POINT (-56.24193441 -34.7883888)
67;2.16.858.0.0.2.1.1.5980102012228013067;HOSPITAL VILARDEBO;HOSPITAL VILARDEBO;NO;SUR;MONTEVIDEO;MONTEVIDEO;URBANA;1;20;12;228;13;102012228013067;1067;574214.68;6140028.29;-34.87941639,-56.18790221;MILLAN;2515;CONCEPCION ARENAL;22034641;2;SUR;SALUD MENTAL;68;ASSE CENTRAL;SEGUNDO NIVEL;HOSPITAL;22232009;ASSE;NO;SI;SI;SI;NO;NC;NC;NC;NC;NC;SI;NO;NC;NO;SI;NO;SI;NO;NO;NO;NO;NO;NO;NO;SI;NO;NO;NO;NO;NO;SI;SI;SI;S-D;NO;SI;SI;SI;NO;NO;NO;NO;NO;NO;-34.87941639;-56.18790221;POINT (-56.18790221 -34.87941639)
68;2.16.858.0.0.2.1.1.5980102024126602069;INSTITUTO NACIONAL DE REUMATOLOGIA;INRU;NO;SUR;MONTEVIDEO;MONTEVIDEO;URBANA;1;20;24;126;602;102024126602069;1069;577544.652;6138774.17;-34.89047546572966,-56.15135107804432;AVDA. ITALIA;S/N;LAS HERAS;24874933;2;SUR;REGION SUR;10;INSTITUTO NACIONAL DE REUMATOLOGIA;SEGUNDO NIVEL;HOSPITAL;22232009;ASSE;NO;SI;SI;SI;NO;NC;NC;NC;NC;NC;NO;NO;NC;NO;NO;NO;NO;NO;NO;NO;NO;NO;NO;NO;NO;NO;NO;NO;SI;SI;SI;SI;SI;S-D;SI;SI;SI;SI;NO;NO;NO;NO;SI;SI;-34.8904754657297;-56.1513510780443;POINT (-56.15135107804432 -34.89047546572966)
69;2.16.858.0.0.2.1.1.5980102010101602070;INSTITUTO NACIONAL DEL CANCER;INCA;NO;SUR;MONTEVIDEO;MONTEVIDEO;URBANA;1;20;10;101;602;102010101602070;1070;577584.56;6139959.06;-34.87978872,-56.15102424;JOANICO;3265;AGUSTIN ABREU;24875098;2;SUR;REGION SUR;8;INSTITUTO NACIONAL DEL CANCER;SEGUNDO NIVEL;HOSPITAL;22232009;ASSE;NO;SI;SI;SI;SI;NC;NC;NC;NC;NC;NO;NO;NC;NO;NO;NO;NO;NO;NO;NO;NO;NO;NO;NO;SI;NO;SI;NO;SI;SI;SI;SI;SI;S-D;NO;SI;SI;SI;SI;SI;SI;NO;SI;SI;-34.87978872;-56.15102424;POINT (-56.15102424 -34.87978872)
70;2.16.858.0.0.2.1.1.5980102017125007071;INTERIN CASAVALLE;INTERIN CASAVALLE;NO;SUR;MONTEVIDEO;MONTEVIDEO;URBANA;1;20;17;125;7;102017125007071;1071;576068.881;6144273.655;-34.841,-56.168;ENRIQUE AMORIN;S-D;E. SUAREZ PELODURO;2215 9749;2;SUR;SALUD MENTAL;68;ASSE CENTRAL;PRIMER NIVEL;POLICLINICA;35971002;S-D;NO;NO;NO;NO;NO;NC;NC;NC;NC;NC;NO;NO;NC;NO;NO;NO;NO;NO;NO;NO;NO;NO;NO;NO;NO;NO;N-C;N-C;NO;NO;NO;NO;NO;S-D;NO;NO;NO;NO;NO;NO;NO;NO;NO;NO;-34.841;-56.168;POINT (-56.168 -34.841)
71;2.16.858.0.0.2.1.1.5980102004001009072;INTERIN CENTRO SUR;INTERIN CENTRO SUR;NO;SUR;MONTEVIDEO;MONTEVIDEO;URBANA;1;20;4;1;9;102004001009072;1072;573176.93;6136938.94;-34.90734745,-56.19898650;SAN JOSÉ;S-D;FLORIDA;2902 9675;2;SUR;SALUD MENTAL;68;ASSE CENTRAL;PRIMER NIVEL;POLICLINICA;35971002;S-D;NO;NO;NO;NO;NO;NC;NC;NC;NC;NC;NO;NO;NC;NO;NO;NO;NO;NO;NO;NO;NO;NO;NO;NO;NO;NO;N-C;N-C;NO;NO;NO;NO;NO;S-D;NO;NO;NO;NO;NO;NO;NO;NO;NO;NO;-34.90734745;-56.1989865;POINT (-56.1989865 -34.90734745)
72;2.16.858.0.0.2.1.1.5980102013029002073;INTERIN CERRO;INTERIN CERRO;NO;SUR;MONTEVIDEO;MONTEVIDEO;URBANA;1;20;13;29;2;102013029002073;1073;568521.82;6140903.63;-34.87192370,-56.25026335;HAITI;S-D;DR. RAUL MORETTI;2315 5834;2;SUR;SALUD MENTAL;68;ASSE CENTRAL;PRIMER NIVEL;POLICLINICA;35971002;S-D;NO;NO;NO;NO;NO;NC;NC;NC;NC;NC;NO;NO;NC;NO;NO;NO;NO;NO;NO;NO;NO;NO;NO;NO;NO;NO;N-C;N-C;NO;NO;NO;NO;NO;S-D;NO;NO;NO;NO;NO;NO;NO;NO;NO;NO;-34.8719237;-56.25026335;POINT (-56.25026335 -34.8719237)
74;2.16.858.0.0.2.1.1.5980102011097808075;POLICLINICA 24 DE JUNIO;POL. 24 DE JUNIO;NO;SUR;MONTEVIDEO;MONTEVIDEO;URBANA;1;20;11;97;808;102011097808075;1075;582947.26;6149107.1;-34.79688102,-56.09325371;PASAJE E;7759;CNO. REPETTO;22202508;2;SUR;REGION SUR;2;RAP METROPOLITANA;PRIMER NIVEL;POLICLINICA;35971002;NO PERTENECE A ASSE;SI;SI;SI;SI;NO;NO;SI;NO;NO;NO;NO;NO;NC;NO;NO;NO;NO;NO;NO;NO;NO;NO;NO;NO;NO;NO;N-C;N-C;NO;NO;NO;NO;NO;NO;NO;NO;NO;NO;NO;NO;NO;NO;NO;NO;-34.79688102;-56.09325371;POINT (-56.09325371 -34.79688102)
79;2.16.858.0.0.2.1.1.5980102017044008080;POLICLINICA ARTIGAS;POL. ARTIGAS;NO;SUR;MONTEVIDEO;MONTEVIDEO;URBANA;1;20;17;44;8;102017044008080;1080;576531.13;6148101.08;-34.80645446,-56.16329379;CNO. C. PETEROSSI;5185;INSTRUCCIONES;22224802;2;SUR;REGION SUR;2;RAP METROPOLITANA;PRIMER NIVEL;POLICLINICA;35971002;ASSE;SI;SI;SI;SI;NO;SI;SI;SI;SI;NO;NO;NO;NC;NO;NO;NO;NO;NO;NO;NO;NO;NO;NO;NO;NO;NO;N-C;N-C;NO;NO;NO;NO;NO;NO;NO;SI;NO;NO;NO;NO;NO;NO;NO;NO;-34.80645446;-56.16329379;POINT (-56.16329379 -34.80645446)
80;2.16.858.0.0.2.1.1.5980102011092007081;POLICLINICA CAPRA;POL. CAPRA;NO;SUR;MONTEVIDEO;MONTEVIDEO;URBANA;1;20;11;92;7;102011092007081;1081;580359.31;6148523.01;-34.80235511,-56.12148525;PLAZOLETA DE BARRIO NUEVO PASAJE C;S/N;JUAN LOPEZ;22223778;2;SUR;REGION SUR;2;RAP METROPOLITANA;PRIMER NIVEL;POLICLINICA;35971002;ASSE;SI;NO;NO;SI;NO;SI;SI;SI;SI;NO;NO;NO;NC;NO;NO;NO;NO;NO;NO;NO;NO;NO;NO;NO;NO;NO;N-C;N-C;NO;NO;NO;NO;NO;NO;NO;SI;NO;NO;NO;NO;NO;NO;NO;NO;-34.80235511;-56.12148525;POINT (-56.12148525 -34.80235511)
81;2.16.858.0.0.2.1.1.5980102020012001082;POLICLINICA CASA DE MARIO;POL. CASA DE MARIO;NO;SUR;MONTEVIDEO;MONTEVIDEO;URBANA;1;20;20;12;1;102020012001082;1082;571215.18;6141576.28;-34.86567328,-56.22085335;DR. VAZQUEZ SAGASTUME;383;GOBERNADOR DEL PINO;23070846 - 23589871;2;SUR;REGION SUR;2;RAP METROPOLITANA;PRIMER NIVEL;POLICLINICA;35971002;NO PERTENECE A ASSE;SI;SI;SI;SI;NO;NO;SI;SI;NO;NO;NO;NO;NC;NO;NO;NO;NO;NO;NO;NO;NO;NO;NO;NO;NO;NO;N-C;N-C;NO;NO;NO;NO;NO;NO;NO;NO;NO;NO;NO;NO;NO;NO;NO;NO;-34.86567328;-56.22085335;POINT (-56.22085335 -34.86567328)
82;2.16.858.0.0.2.1.1.5980102017330020083;POLICLINICA CASAVALLE;POL. CASAVALLE;NO;SUR;MONTEVIDEO;MONTEVIDEO;URBANA;1;20;17;330;20;102017330020083;1083;575568.58;6145101.9;-34.83356920,-56.17354616;CNO. LEANDRO GOMEZ;S/N;DR. JOSE MARTIRENE;22154525;2;SUR;REGION SUR;2;RAP METROPOLITANA;PRIMER NIVEL;POLICLINICA;35971002;INTENDENCIA;SI;SI;SI;SI;NO;SI;SI;SI;NO;SI;NO;NO;NC;NO;NO;NO;NO;NO;NO;NO;NO;NO;NO;NO;NO;NO;N-C;N-C;NO;NO;SI;SI;NO;SI;SI;SI;NO;NO;NO;NO;NO;NO;NO;NO;-34.8335692;-56.17354616;POINT (-56.17354616 -34.8335692)
84;2.16.858.0.0.2.1.1.5980102011289010085;POLICLINICA CIRILO;POL. CIRILO;NO;SUR;MONTEVIDEO;MONTEVIDEO;URBANA;1;20;11;289;10;102011289010085;1085;579780.82;6150083.63;-34.78832892,-56.12795711;SANTOS ALFONSO;4085;EDRULFO OLIVERA;22202926;2;SUR;REGION SUR;2;RAP METROPOLITANA;PRIMER NIVEL;POLICLINICA;35971002;S-D;SI;SI;SI;SI;NO;SI;SI;NO;SI;NO;NO;NO;NC;NO;NO;NO;NO;NO;NO;NO;NO;NO;NO;NO;NO;NO;N-C;N-C;NO;NO;NO;NO;NO;NO;NO;SI;NO;NO;NO;NO;NO;NO;NO;NO;-34.78832892;-56.12795711;POINT (-56.12795711 -34.78832892)
85;2.16.858.0.0.2.1.1.5980102009117414086;POLICLINICA COLON;POL. COLON;NO;SUR;MONTEVIDEO;MONTEVIDEO;URBANA;1;20;9;117;414;102009117414086;1086;570921.788;6148974.824;-34.79898214404191, -56.22468864460107;AVDA. GARZON;2101;CALDERON DE LA BARCA;23202003;2;SUR;REGION SUR;2;RAP METROPOLITANA;PRIMER NIVEL;POLICLINICA;35971002;INTENDENCIA;SI;SI;SI;SI;NO;SI;SI;SI;NO;NO;NO;NO;NC;NO;NO;NO;NO;NO;NO;NO;NO;NO;NO;NO;NO;NO;N-C;N-C;NO;NO;NO;NO;NO;NO;NO;NO;NO;NO;NO;NO;NO;NO;NO;NO;-34.7989821440419;-56.2246886446011;POINT (-56.22468864460107 -34.79898214404191)
86;2.16.858.0.0.2.1.1.5980102009117030087;POLICLINICA COMPLEJO AMERICA;POL. COMPLEJO AMERICA;NO;SUR;MONTEVIDEO;MONTEVIDEO;URBANA;1;20;9;117;30;102009117030087;1087;570358.092;6148965.593;-34.79910447263776, -56.23084966405317;CNO. DURAN;S/N;YEGROS;23203238;2;SUR;REGION SUR;2;RAP METROPOLITANA;PRIMER NIVEL;POLICLINICA;35971002;NO PERTENECE A ASSE;SI;SI;SI;SI;NO;NO;SI;NO;NO;SI;NO;NO;NC;NO;NO;NO;NO;NO;NO;NO;NO;NO;NO;NO;NO;NO;N-C;N-C;NO;NO;NO;NO;NO;NO;NO;NO;NO;NO;NO;NO;NO;NO;NO;NO;-34.7991044726378;-56.2308496640532;POINT (-56.23084966405317 -34.79910447263776)
87;2.16.858.0.0.2.1.1.5980102099047053088;POLICLINICA COMPLEJO MARONAS;POL. LA CASONA;NO;SUR;MONTEVIDEO;MONTEVIDEO;URBANA;1;20;99;47;53;102099047053088;1088;580766.139;6142013.253;-34.8610188824486, -56.116411331012706;PANTALEON PEREZ;4961;SENDA L Y CALLE U;23203238;2;SUR;REGION SUR;2;RAP METROPOLITANA;PRIMER NIVEL;POLICLINICA;35971002;NO PERTENECE A ASSE;SI;SI;SI;SI;NO;NO;SI;NO;SI;NO;NO;NO;NC;SI;NO;NO;NO;NO;NO;NO;NO;NO;NO;NO;NO;NO;N-C;N-C;NO;NO;NO;NO;NO;NO;NO;NO;NO;NO;NO;NO;NO;NO;NO;NO;-34.8610188824486;-56.1164113310127;POINT (-56.116411331012706 -34.8610188824486)
88;2.16.858.0.0.2.1.1.5980102021222402089;POLICLINICA COVIMT 9;POL. COVIMT 9;NO;SUR;MONTEVIDEO;MONTEVIDEO;URBANA;1;20;21;222;402;102021222402089;1089;573848.914;6143986.542;-34.84404748,-56.19255949;J. B. Y ORDONEZ;5129;ZUBIRIA;236598386;2;SUR;REGION SUR;2;RAP METROPOLITANA;PRIMER NIVEL;POLICLINICA;35971002;NO PERTENECE A ASSE;SI;SI;SI;SI;NO;NO;SI;NO;NO;NO;NO;NO;NC;NO;NO;NO;NO;NO;NO;NO;NO;NO;NO;NO;NO;NO;N-C;N-C;NO;NO;NO;NO;NO;NO;NO;NO;NO;NO;NO;NO;NO;NO;NO;NO;-34.84404748;-56.19255949;POINT (-56.19255949 -34.84404748)
89;2.16.858.0.0.2.1.1.5980102011097411090;POLICLINICA SILVIA DA LUZ;POL. COVIPRO;NO;SUR;MONTEVIDEO;MONTEVIDEO;URBANA;1;20;11;97;411;102011097411090;1090;585701.697;6150125.397;-34.78747150255269, -56.0632506720211;RUTA 8 KM 21;9621;LAUDELINO VAZQUEZ;22272100;2;SUR;REGION SUR;2;RAP METROPOLITANA;PRIMER NIVEL;POLICLINICA;35971002;ASSE;SI;SI;SI;SI;NO;SI;SI;SI;SI;SI;SI;NO;NC;NO;NO;NO;NO;NO;NO;NO;NO;NO;NO;NO;NO;NO;N-C;N-C;NO;NO;SI;SI;NO;SI;SI;NO;NO;NO;NO;NO;NO;NO;NO;NO;-34.7874715025527;-56.0632506720211;POINT (-56.0632506720211 -34.78747150255269)
90;2.16.858.0.0.2.1.1.5980102010139004091;POLICLINICA DR. MANUEL LIBEROFF;POL. DR. MANUEL LIBEROFF;NO;SUR;MONTEVIDEO;MONTEVIDEO;URBANA;1;20;10;139;4;102010139004091;1091;581164.96;6140722.7;-34.87262348,-56.11192356;CARLOS PRANDO;2450;JOSE DE FREITAS;25244746;2;SUR;REGION SUR;2;RAP METROPOLITANA;PRIMER NIVEL;POLICLINICA;35971002;ASSE;SI;SI;SI;SI;NO;NO;SI;SI;SI;SI;NO;NO;NC;NO;NO;NO;NO;NO;NO;NO;NO;NO;NO;NO;NO;NO;N-C;N-C;NO;NO;NO;NO;NO;NO;NO;NO;NO;NO;NO;NO;NO;NO;NO;NO;-34.87262348;-56.11192356;POINT (-56.11192356 -34.87262348)
91;2.16.858.0.0.2.1.1.5980102099099025092;POLICLINICA EL MONARCA;POL. EL MONARCA;NO;SUR;MONTEVIDEO;MONTEVIDEO;URBANA;1;20;99;99;25;102099099025092;1092;588345.32;6151232.01;-34.77726794,-56.03447484;RUTA 8 CALLE 4 SOLAR 188;188;SOLAR 187;22273724;2;SUR;REGION SUR;2;RAP METROPOLITANA;PRIMER NIVEL;POLICLINICA;35971002;ASSE;SI;SI;SI;SI;NO;NO;SI;NO;NO;NO;NO;NO;NC;NO;NO;NO;NO;NO;NO;NO;NO;NO;NO;NO;NO;NO;N-C;N-C;NO;NO;NO;NO;NO;NO;NO;NO;NO;NO;NO;NO;NO;NO;NO;NO;-34.77726794;-56.03447484;POINT (-56.03447484 -34.77726794)
93;2.16.858.0.0.2.1.1.5980102011078017094;POLICLINICA GIRALDEZ;POL. GIRALDEZ;NO;SUR;MONTEVIDEO;MONTEVIDEO;URBANA;1;20;11;78;17;102011078017094;1094;579297.75;6150589.51;-34.78380524,-56.13328440;FAROS;6294;FIRMAMENTO;22275378;2;SUR;REGION SUR;2;RAP METROPOLITANA;PRIMER NIVEL;POLICLINICA;35971002;INTENDENCIA;SI;SI;SI;SI;NO;SI;NO;SI;SI;SI;NO;NO;NC;NO;NO;NO;NO;NO;NO;NO;NO;NO;NO;NO;NO;NO;N-C;N-C;NO;NO;NO;NO;NO;NO;SI;NO;NO;NO;NO;NO;NO;NO;NO;NO;-34.78380524;-56.1332844;POINT (-56.1332844 -34.78380524)
94;2.16.858.0.0.2.1.1.5980102016022012095;POLICLINICA INVE 18;POL. INVE 18;NO;SUR;MONTEVIDEO;MONTEVIDEO;URBANA;1;20;16;22;12;102016022012095;1095;569373.9;6141275.012;-34.86851715711464, -56.2409717738556;LAURELES PASAJE E;4379;CAMAMBU;23096974;2;SUR;REGION SUR;2;RAP METROPOLITANA;PRIMER NIVEL;POLICLINICA;35971002;ASSE;SI;SI;SI;SI;NO;NO;NO;NO;NO;NO;NO;NO;NC;NO;NO;NO;NO;NO;NO;NO;NO;NO;NO;NO;NO;NO;N-C;N-C;NO;NO;NO;NO;NO;NO;NO;NO;NO;NO;NO;NO;NO;NO;NO;NO;-34.8685171571146;-56.2409717738556;POINT (-56.2409717738556 -34.86851715711464)
95;2.16.858.0.0.2.1.1.5980102009051003096;POLICLINICA INVE 19;POL. INVE 19;NO;SUR;MONTEVIDEO;MONTEVIDEO;URBANA;1;20;9;51;3;102009051003096;1096;567736.38;6150297.8;-34.78726974,-56.25961522;AV. LEZICA;6708;CALLE 1;23236724;2;SUR;REGION SUR;2;RAP METROPOLITANA;PRIMER NIVEL;POLICLINICA;35971002;NO PERTENECE A ASSE;SI;SI;SI;NO;NO;NO;SI;NO;NO;NO;NO;NO;NC;NO;NO;NO;NO;NO;NO;NO;NO;NO;NO;NO;NO;NO;N-C;N-C;NO;NO;NO;NO;NO;NO;NO;NO;NO;NO;NO;NO;NO;NO;NO;NO;-34.78726974;-56.25961522;POINT (-56.25961522 -34.78726974)
96;2.16.858.0.0.2.1.1.5980102009029005097;POLICLINICA JARDINES DE PENAROL;POL. JARDINES DE PENAROL;NO;SUR;MONTEVIDEO;MONTEVIDEO;URBANA;1;20;9;29;5;102009029005097;1097;571958.79;6147259.72;-34.81437432,-56.21320618;ISIDORO FYNN;S-D;BADAJOZ;23218890;2;SUR;REGION SUR;2;RAP METROPOLITANA;PRIMER NIVEL;POLICLINICA;35971002;NO PERTENECE A ASSE;SI;SI;SI;SI;NO;NO;SI;NO;NO;NO;NO;NO;NC;NO;NO;NO;NO;NO;NO;NO;NO;NO;NO;NO;NO;NO;N-C;N-C;NO;NO;NO;NO;NO;NO;NO;NO;NO;NO;NO;NO;NO;NO;NO;NO;-34.81437432;-56.21320618;POINT (-56.21320618 -34.81437432)
100;2.16.858.0.0.2.1.1.5980102013139026101;POLICLINICA LAS FLORES;POL. LAS FLORES;NO;SUR;MONTEVIDEO;MONTEVIDEO;URBANA;1;20;13;139;26;102013139026101;1101;565400.487;6143420.48;-34.84943517681204, -56.284609792686695;CNO. MANUEL FLORES;S/N;CNO. TOMKINSON;23113649;2;SUR;REGION SUR;2;RAP METROPOLITANA;PRIMER NIVEL;POLICLINICA;35971002;ASSE;SI;SI;SI;SI;NO;NO;NO;SI;NO;NO;NO;NO;NC;NO;NO;NO;NO;NO;NO;NO;NO;NO;NO;NO;NO;NO;N-C;N-C;NO;NO;NO;NO;NO;NO;NO;NO;NO;NO;NO;NO;NO;NO;NO;NO;-34.849435176812;-56.2846097926867;POINT (-56.284609792686695 -34.84943517681204)
101;2.16.858.0.0.2.1.1.5980102021128013102;POLICLINICA HELIOS SARTHOU;POL. LAS RETAMAS;NO;SUR;MONTEVIDEO;MONTEVIDEO;URBANA;1;20;21;128;13;102021128013102;1102;570233.59;6146429.25;-34.82198303,-56.23199843;PICAFLOR;6307;CARDENAL;23565565;2;SUR;REGION SUR;2;RAP METROPOLITANA;PRIMER NIVEL;POLICLINICA;35971002;ASSE;SI;SI;SI;SI;NO;NO;SI;NO;NO;NO;NO;NO;NC;NO;NO;NO;NO;NO;NO;NO;NO;NO;NO;NO;NO;NO;N-C;N-C;NO;NO;NO;NO;NO;NO;NO;SI;NO;NO;NO;NO;NO;NO;NO;NO;-34.82198303;-56.23199843;POINT (-56.23199843 -34.82198303)
102;2.16.858.0.0.2.1.1.5980102020046400103;POLICLINICA LEGION BUENA VOLUNTAD;POL. LEGION BUENA VOLUNTAD;NO;SUR;MONTEVIDEO;MONTEVIDEO;URBANA;1;20;20;46;400;102020046400103;1103;574326.196;6143434.674;-34.84869376761742, -56.1869844243364;J. B. Y ORDONEZ;4820;GOYEN Y ARECHAVALETA;22197282;2;SUR;REGION SUR;2;RAP METROPOLITANA;PRIMER NIVEL;POLICLINICA;35971002;NO PERTENECE A ASSE;SI;SI;SI;SI;NO;SI;SI;NO;SI;NO;NO;SI;JUEVES;SI;NO;NO;NO;NO;NO;NO;NO;NO;NO;NO;NO;NO;N-C;N-C;NO;NO;NO;NO;NO;NO;NO;NO;NO;NO;NO;NO;NO;NO;NO;NO;-34.8486937676174;-56.1869844243364;POINT (-56.1869844243364 -34.84869376761742)
103;2.16.858.0.0.2.1.1.5980102017021007104;POLICLINICA LEON DUARTE;POL. LEON DUARTE;NO;SUR;MONTEVIDEO;MONTEVIDEO;URBANA;1;20;17;21;7;102017021007104;1104;578182.48;6141961.94;-34.86168360,-56.14466919;SUNER Y CAPDEVILLA;3995;JUAN V. ARCOS;25062129;2;SUR;REGION SUR;2;RAP METROPOLITANA;PRIMER NIVEL;POLICLINICA;35971002;NO PERTENECE A ASSE;SI;SI;SI;SI;NO;NO;SI;SI;SI;NO;SI;NO;NC;SI;NO;NO;NO;NO;NO;NO;NO;NO;NO;NO;NO;NO;N-C;N-C;NO;NO;NO;NO;NO;NO;SI;NO;NO;NO;NO;NO;NO;NO;NO;NO;-34.8616836;-56.14466919;POINT (-56.14466919 -34.8616836)
104;2.16.858.0.0.2.1.1.5980102017031024105;POLICLINICA LOS ANGELES;POL. LOS ANGELES;NO;SUR;MONTEVIDEO;MONTEVIDEO;URBANA;1;20;17;31;24;102017031024105;1105;575397.66;6146211.91;-34.82357319,-56.17551499;LOS ANGELES;5340;CURITIBA;22260359;2;SUR;REGION SUR;2;RAP METROPOLITANA;PRIMER NIVEL;POLICLINICA;35971002;INTENDENCIA;SI;SI;SI;SI;NO;SI;SI;NO;SI;SI;NO;NO;NC;NO;NO;NO;NO;NO;NO;NO;NO;NO;NO;NO;NO;NO;N-C;N-C;NO;NO;NO;NO;NO;NO;NO;SI;NO;NO;NO;NO;NO;NO;NO;NO;-34.82357319;-56.17551499;POINT (-56.17551499 -34.82357319)
105;2.16.858.0.0.2.1.1.5980102016125010106;POLICLINICA LOS BULEVARES;POL. LOS BULEVARES;NO;SUR;MONTEVIDEO;MONTEVIDEO;URBANA;1;20;16;125;10;102016125010106;1106;565628.27;6146459.42;-34.82201843,-56.28235615;IDEARIO ARTIGUISTA;2145;LIGA FEDERAL;23124709;2;SUR;REGION SUR;2;RAP METROPOLITANA;PRIMER NIVEL;POLICLINICA;35971002;ASSE;SI;SI;SI;SI;NO;SI;SI;SI;NO;NO;NO;NO;NC;NO;NO;NO;NO;NO;NO;NO;NO;NO;NO;NO;NO;NO;N-C;N-C;NO;NO;NO;NO;NO;NO;NO;NO;NO;NO;NO;NO;NO;NO;NO;NO;-34.82201843;-56.28235615;POINT (-56.28235615 -34.82201843)
107;2.16.858.0.0.2.1.1.5980102013236105108;POLICLINICA MARACANA SUR;POL. MARACANA SUR;NO;SUR;MONTEVIDEO;MONTEVIDEO;URBANA;1;20;13;236;105;102013236105108;1108;566674.33;6142909.89;-34.85395638,-56.27063609;CNO. CIBILS;S/N;NUBLE YIC;23144955;2;SUR;REGION SUR;2;RAP METROPOLITANA;PRIMER NIVEL;POLICLINICA;35971002;ASSE;SI;SI;SI;SI;NO;SI;SI;NO;SI;NO;SI;NO;NC;NO;NO;NO;NO;NO;NO;NO;NO;NO;NO;NO;NO;NO;N-C;N-C;NO;NO;NO;NO;NO;NO;SI;NO;NO;NO;NO;NO;NO;NO;NO;NO;-34.85395638;-56.27063609;POINT (-56.27063609 -34.85395638)
110;2.16.858.0.0.2.1.1.5980102009047846111;POLICLINICA NUEVA ESPERANZA;POL. NUEVA ESPERANZA;NO;SUR;MONTEVIDEO;MONTEVIDEO;URBANA;1;20;9;47;846;102009047846111;1111;570043.14;6147663.13;-34.81087039,-56.23418377;PASAJE H;1675;ALBENIZ;23201813;2;SUR;REGION SUR;2;RAP METROPOLITANA;PRIMER NIVEL;POLICLINICA;35971002;NO PERTENECE A ASSE;SI;SI;SI;SI;NO;SI;SI;NO;SI;NO;NO;NO;NC;NO;NO;NO;NO;NO;NO;NO;NO;NO;NO;NO;NO;NO;N-C;N-C;NO;NO;NO;NO;NO;NO;NO;SI;NO;NO;NO;NO;NO;NO;NO;NO;-34.81087039;-56.23418377;POINT (-56.23418377 -34.81087039)
114;2.16.858.0.0.2.1.1.5980102013045007115;POLICLINICA PAJAS BLANCAS;POL. PAJAS BLANCAS;NO;SUR;MONTEVIDEO;MONTEVIDEO;URBANA;1;20;13;45;7;102013045007115;1115;560832.439;6141630.499;-34.86585915321795, -56.33444478353506;AVDA. CAPITAN LEAL DE IBARRA;5495;CAPITAN PEDRO DE MESA Y CASTRO;23124950;2;SUR;REGION SUR;2;RAP METROPOLITANA;PRIMER NIVEL;POLICLINICA;35971002;NO PERTENECE A ASSE;SI;SI;SI;SI;NO;NO;SI;SI;NO;NO;NO;NO;NC;NO;NO;NO;NO;NO;NO;NO;NO;NO;NO;NO;NO;NO;N-C;N-C;NO;NO;NO;NO;NO;NO;NO;NO;NO;NO;NO;NO;NO;NO;NO;NO;-34.865859153218;-56.3344447835351;POINT (-56.33444478353506 -34.86585915321795)
116;2.16.858.0.0.2.1.1.5980102099070400117;POLICLINICA PUNTA DE RIELES;POL. PUNTA DE RIELES;NO;SUR;MONTEVIDEO;MONTEVIDEO;URBANA;1;20;99;70;400;102099070400117;1117;582214.87;6146143.57;-34.82366146,-56.10096891;CNO. MALDONADO;6870;LEO;25145749;2;SUR;REGION SUR;2;RAP METROPOLITANA;PRIMER NIVEL;POLICLINICA;35971002;INTENDENCIA;SI;SI;SI;SI;NO;SI;NO;SI;SI;NO;NO;NO;NC;NO;NO;NO;NO;NO;NO;NO;NO;NO;NO;NO;NO;NO;N-C;N-C;NO;NO;NO;NO;NO;NO;SI;NO;NO;NO;NO;NO;NO;NO;NO;NO;-34.82366146;-56.10096891;POINT (-56.10096891 -34.82366146)
117;2.16.858.0.0.2.1.1.5980102009054003118;POLICLINICA SAINT BOIS;POL. UDA SAINT BOIS;NO;SUR;MONTEVIDEO;MONTEVIDEO;URBANA;1;20;9;54;3;102009054003118;1118;569282.79;6149745.7;-34.79214398,-56.24266823;FAUQUET;6358;GUANAHANY;23237075;2;SUR;REGION SUR;2;RAP METROPOLITANA;PRIMER NIVEL;POLICLINICA;35971002;ASSE;SI;SI;SI;SI;NO;NO;SI;NO;SI;SI;NO;NO;NC;NO;NO;NO;NO;NO;NO;NO;NO;NO;NO;NO;NO;NO;N-C;N-C;NO;NO;NO;NO;NO;NO;NO;SI;NO;NO;NO;NO;NO;NO;NO;NO;-34.79214398;-56.24266823;POINT (-56.24266823 -34.79214398)
118;2.16.858.0.0.2.1.1.5980102009010007119;POLICLINICA SAN JOSÉ;POL. SAN JOSÉ;NO;SUR;MONTEVIDEO;MONTEVIDEO;URBANA;1;20;9;10;7;102009010007119;1119;568718.12;6149195.81;-34.79714060,-56.24879520;GUANAHANY;1870;LUIS LASAGNA;23228517;2;SUR;REGION SUR;2;RAP METROPOLITANA;PRIMER NIVEL;POLICLINICA;35971002;NO PERTENECE A ASSE;SI;SI;SI;SI;NO;SI;SI;NO;NO;NO;NO;NO;NC;NO;NO;NO;NO;NO;NO;NO;NO;NO;NO;NO;NO;NO;N-C;N-C;NO;NO;NO;NO;NO;NO;NO;NO;NO;NO;NO;NO;NO;NO;NO;NO;-34.7971406;-56.2487952;POINT (-56.2487952 -34.7971406)
119;2.16.858.0.0.2.1.1.5980102017026008120;POLICLINICA SAN LORENZO;POL. SAN LORENZO;NO;SUR;MONTEVIDEO;MONTEVIDEO;URBANA;1;20;17;26;8;102017026008120;1120;575601.565;6143643.583;-34.8467160423614, -56.1730539395736;LANCASTER;4267;CHIMBORAZO;22168581;2;SUR;REGION SUR;2;RAP METROPOLITANA;PRIMER NIVEL;POLICLINICA;35971002;NO PERTENECE A ASSE;SI;NO;NO;SI;NO;NO;SI;NO;NO;NO;NO;NO;NC;SI;NO;NO;NO;NO;NO;NO;NO;NO;NO;NO;NO;NO;N-C;N-C;NO;NO;NO;NO;NO;NO;SI;SI;NO;NO;NO;NO;NO;NO;NO;NO;-34.8467160423614;-56.1730539395736;POINT (-56.1730539395736 -34.8467160423614)
121;2.16.858.0.0.2.1.1.5980102013342065122;POLICLINICA SANTA CATALINA;POL. SANTA CATALINA;NO;SUR;MONTEVIDEO;MONTEVIDEO;URBANA;1;20;13;342;65;102013342065122;1122;564903.16;6139408.25;-34.88564507,-56.28973850;BURDEOS;S/N;VICTOR HUGO;23115825;2;SUR;REGION SUR;2;RAP METROPOLITANA;PRIMER NIVEL;POLICLINICA;35971002;ASSE;SI;SI;SI;SI;NO;SI;SI;SI;SI;SI;SI;SI;MIERCOLES;SI;NO;NO;NO;NO;NO;NO;NO;NO;NO;NO;NO;NO;N-C;N-C;NO;NO;SI;SI;NO;SI;SI;NO;NO;NO;NO;NO;NO;NO;NO;NO;-34.88564507;-56.2897385;POINT (-56.2897385 -34.88564507)
122;2.16.858.0.0.2.1.1.5980102011135006123;POLICLINICA SANTA MARIA;POL. SANTA MARIA;NO;SUR;MONTEVIDEO;MONTEVIDEO;URBANA;1;20;11;135;6;102011135006123;1123;579503.63;6145886.77;-34.82619233,-56.13058925;CNO. TENIENTE GALEANO;3761 BIS;PASAJE CENTRAL;25145600;2;SUR;REGION SUR;2;RAP METROPOLITANA;PRIMER NIVEL;POLICLINICA;35971002;S-D;SI;SI;SI;SI;NO;SI;SI;SI;NO;NO;NO;NO;NC;NO;NO;NO;NO;NO;NO;NO;NO;NO;NO;NO;NO;NO;N-C;N-C;NO;NO;NO;NO;NO;NO;NO;SI;NO;NO;NO;NO;NO;NO;NO;NO;-34.82619233;-56.13058925;POINT (-56.13058925 -34.82619233)
123;2.16.858.0.0.2.1.1.5980102011073010124;POLICLINICA DON BOSCO;POL. DON BOSCO;NO;SUR;MONTEVIDEO;MONTEVIDEO;URBANA;1;20;11;73;10;102011073010124;1124;583670.813;6148757.539;-34.799973729956456, -56.08531020688083;RUTA 8 KM. 17;7777;CNO. REPETTO;S-D;2;SUR;REGION SUR;2;RAP METROPOLITANA;PRIMER NIVEL;POLICLINICA;35971002;NO PERTENECE A ASSE;SI;SI;SI;SI;NO;NO;SI;NO;SI;SI;SI;NO;NC;NO;NO;NO;NO;NO;NO;NO;NO;NO;NO;NO;NO;NO;N-C;N-C;NO;NO;NO;NO;NO;NO;NO;NO;NO;NO;NO;NO;NO;NO;NO;NO;-34.7999737299565;-56.0853102068808;POINT (-56.08531020688083 -34.799973729956456)
124;2.16.858.0.0.2.1.1.5980102021128025125;POLICLINICA UDAI 2;POL. UDAI 2;NO;SUR;MONTEVIDEO;MONTEVIDEO;URBANA;1;20;21;128;25;102021128025125;1125;570665.763;6145919.457;-34.82654987150971, -56.227230084427;LAURA CORTINAS;5330;RINALDI GUERRA;23552511;2;SUR;REGION SUR;2;RAP METROPOLITANA;PRIMER NIVEL;POLICLINICA;35971002;ASSE;SI;SI;SI;SI;NO;NO;SI;NO;NO;NO;NO;SI;JUEVES;NO;NO;NO;NO;NO;NO;NO;NO;NO;NO;NO;NO;NO;N-C;N-C;NO;NO;NO;NO;NO;NO;NO;NO;NO;NO;NO;NO;NO;NO;NO;NO;-34.8265498715097;-56.227230084427;POINT (-56.227230084427 -34.82654987150971)
125;2.16.858.0.0.2.1.1.5980102016040007126;POLICLINICA SANTIAGO VAZQUEZ;POL. SANTIAGO VAZQUEZ;NO;SUR;MONTEVIDEO;MONTEVIDEO;URBANA;1;20;16;40;7;102016040007126;1126;559154.43;6150152.97;-34.78911007,-56.35340339;LUIS BATLLE BERRES;174;LA GUARDIA;23120502;2;SUR;REGION SUR;2;RAP METROPOLITANA;PRIMER NIVEL;POLICLINICA;35971002;ASSE;SI;SI;SI;SI;NO;SI;SI;SI;SI;SI;SI;NO;NC;NO;NO;NO;NO;NO;NO;NO;NO;NO;NO;NO;NO;NO;N-C;N-C;NO;NO;NO;NO;NO;NO;NO;NO;NO;NO;NO;NO;NO;NO;NO;NO;-34.78911007;-56.35340339;POINT (-56.35340339 -34.78911007)
126;2.16.858.0.0.2.1.1.5980102021047604127;POLICLINICA VERDISOL;POL. VERDISOL;NO;SUR;MONTEVIDEO;MONTEVIDEO;URBANA;1;20;21;47;604;102021047604127;1127;568798.679;6146730.856;-34.81936151951583, -56.24771265084316;CNO. MELILLA;6420;FRANCISCO LECOCQ;23236413;2;SUR;REGION SUR;2;RAP METROPOLITANA;PRIMER NIVEL;POLICLINICA;35971002;NO PERTENECE A ASSE;SI;SI;SI;SI;NO;SI;SI;NO;NO;NO;NO;NO;NC;NO;NO;NO;NO;NO;NO;NO;NO;NO;NO;NO;NO;NO;N-C;N-C;NO;NO;NO;NO;NO;NO;NO;NO;NO;NO;NO;NO;NO;NO;NO;NO;-34.8193615195158;-56.2477126508432;POINT (-56.24771265084316 -34.81936151951583)
127;2.16.858.0.0.2.1.1.5980102011091068128;POLICLINICA VILLA FARRE;POL. VILLA FARRE;NO;SUR;MONTEVIDEO;MONTEVIDEO;URBANA;1;20;11;91;68;102011091068128;1128;581794.02;6147065.38;-34.81538377,-56.10566024;PASAJE ESTRELLITA GENTA;S/N;TTE. GALEANO;25133906;2;SUR;REGION SUR;2;RAP METROPOLITANA;PRIMER NIVEL;POLICLINICA;35971002;ASSE;SI;SI;SI;SI;NO;SI;SI;NO;SI;SI;NO;SI;JUEVES;NO;NO;NO;NO;NO;NO;NO;NO;NO;NO;NO;NO;NO;N-C;N-C;NO;NO;NO;NO;NO;NO;NO;NO;NO;NO;NO;NO;NO;NO;NO;NO;-34.81538377;-56.10566024;POINT (-56.10566024 -34.81538377)
128;2.16.858.0.0.2.1.1.5980102016009005129;POLICLINICA VILLA SARANDI;POL. VILLA SARANDI;NO;SUR;MONTEVIDEO;MONTEVIDEO;URBANA;1;20;16;9;5;102016009005129;1129;567981.363;6144055.967;-34.84353573127094, -56.2564322134284;MINOTTO DI CICCO;5802;CAMPOAMOR;23125336;2;SUR;REGION SUR;2;RAP METROPOLITANA;PRIMER NIVEL;POLICLINICA;35971002;ASSE;SI;SI;SI;SI;NO;SI;SI;SI;SI;NO;NO;NO;NC;SI;NO;NO;NO;NO;NO;NO;NO;NO;NO;NO;NO;NO;N-C;N-C;NO;NO;NO;NO;NO;NO;NO;NO;NO;NO;NO;NO;NO;NO;NO;NO;-34.8435357312709;-56.2564322134284;POINT (-56.2564322134284 -34.84353573127094)
129;2.16.858.0.0.2.1.1.5980102021246022130;POLICLINICA VILLA TERESA;POL. VILLA TERESA;NO;SUR;MONTEVIDEO;MONTEVIDEO;URBANA;1;20;21;246;22;102021246022130;1130;570404.419;6144873.417;-34.836,-56.230;JACINTO DE SERPA (EX DURAN);1210;ISIDORO PEREZ DE ROXAS;23097724;2;SUR;REGION SUR;2;RAP METROPOLITANA;PRIMER NIVEL;POLICLINICA;35971002;S-D;SI;SI;SI;SI;NO;SI;SI;NO;NO;NO;NO;NO;NC;NO;NO;NO;NO;NO;NO;NO;NO;NO;NO;NO;NO;NO;N-C;N-C;NO;NO;NO;NO;NO;NO;SI;SI;NO;NO;NO;NO;NO;NO;NO;NO;-34.836;-56.23;POINT (-56.23 -34.836)
130;2.16.858.0.0.2.1.1.5980102099050008131;POLICLINICA YANICELLI;POL. YANICELLI;NO;SUR;MONTEVIDEO;MONTEVIDEO;URBANA;1;20;99;50;8;102099050008131;1131;580534.798;6140746.163;-34.872462051531976, -56.118820087854786;CNO. CARRASCO EUSKALERRIA 92;4626;ROBERTO BERRO;25222431;2;SUR;REGION SUR;2;RAP METROPOLITANA;PRIMER NIVEL;POLICLINICA;35971002;NO PERTENECE A ASSE;SI;SI;SI;SI;NO;SI;SI;SI;SI;SI;SI;NO;NC;SI;NO;NO;NO;NO;NO;NO;NO;NO;NO;NO;NO;NO;N-C;N-C;NO;NO;NO;NO;NO;NO;SI;NO;NO;NO;NO;NO;NO;NO;NO;NO;-34.872462051532;-56.1188200878548;POINT (-56.118820087854786 -34.872462051531976)
131;2.16.858.0.0.2.1.1.5980102022029005132;POLICLINICA YUCATAN;POL. YUCATAN;NO;SUR;MONTEVIDEO;MONTEVIDEO;URBANA;1;20;22;29;5;102022029005132;1132;577830.79;6141420.15;-34.86659576,-56.14846598;TOMAS CLARAMOUNT;3749;ING. JOSE SERRATO;25084277;2;SUR;REGION SUR;2;RAP METROPOLITANA;PRIMER NIVEL;POLICLINICA;35971002;INTENDENCIA;SI;SI;SI;SI;NO;SI;SI;SI;SI;SI;NO;NO;NC;NO;NO;NO;NO;NO;NO;NO;NO;NO;NO;NO;NO;NO;N-C;N-C;NO;NO;NO;NO;NO;NO;SI;NO;NO;NO;NO;NO;NO;NO;NO;NO;-34.86659576;-56.14846598;POINT (-56.14846598 -34.86659576)
132;2.16.858.0.0.2.1.1.5980102021048010133;POLICLINICA ZULLY SANCHEZ;POL. ZULLY SANCHEZ;NO;SUR;MONTEVIDEO;MONTEVIDEO;URBANA;1;20;21;48;10;102021048010133;1133;573140.952;6145782.149;-34.82761302276137, -56.20015283001581;APARICIO SARAVIA;4579;CNO. CORONEL RAIZ;23562419;2;SUR;REGION SUR;2;RAP METROPOLITANA;PRIMER NIVEL;POLICLINICA;35971002;INTENDENCIA;SI;SI;SI;SI;NO;SI;SI;NO;SI;SI;NO;NO;NC;NO;NO;NO;NO;NO;NO;NO;NO;NO;NO;NO;NO;NO;N-C;N-C;NO;NO;SI;SI;NO;NO;SI;NO;NO;NO;NO;NO;NO;NO;NO;NO;-34.8276130227614;-56.2001528300158;POINT (-56.20015283001581 -34.82761302276137)
133;2.16.858.0.0.2.1.1.5980102020130803134;PORTAL AMARILLO;PORTAL AMARILLO;NO;SUR;MONTEVIDEO;MONTEVIDEO;URBANA;1;20;20;130;803;102020130803134;1134;570751.245;6144008.056;-34.84377876606148,-56.22613411059518;CARLOS M. DE PENA;5101;CORONILLA;23053081;2;SUR;SALUD MENTAL;78;PORTAL AMARILLO;SEGUNDO NIVEL;HOSPITAL;22232009;S-D;NO;SI;SI;SI;NO;NC;NC;NC;NC;NC;NO;NO;NC;NO;NO;NO;NO;NO;NO;NO;NO;NO;NO;NO;SI;NO;NO;SI;NO;NO;NO;SI;SI;S-D;NO;NO;NO;NO;NO;NO;NO;NO;NO;NO;-34.8437787660615;-56.2261341105952;POINT (-56.22613411059518 -34.84377876606148)
137;2.16.858.0.0.2.1.1.5980102009255007139;SAI PPL UI 5: CMRF;SAI PPL UI 5: CMRF (CENTRO METROPOLITANO DE RECLUSION FEMENINA);NO;SUR;MONTEVIDEO;MONTEVIDEO;URBANA;1;20;9;255;7;102009255007139;1139;570339.28;6149830.065;-34.791310895953124, -56.2311276622297;CNO. CARLOS A. LOPEZ;8549;RAMON LANDIVAR;S-D;2;SUR;SAI-PPL;86;SAI-PPL (U. Ejecutora);PRIMER NIVEL;POLICLINICA;35971002;S-D;NO;SI;SI;SI;NO;S-D;S-D;S-D;S-D;S-D;SI;NO;NC;SI;SI;NO;SI;NO;NO;NO;NO;NO;NO;NO;NO;NO;N-C;N-C;NO;NO;S-D;S-D;NO;S-D;NO;S-D;NO;NO;NO;NO;NO;NO;NO;SI;-34.7913108959531;-56.2311276622297;POINT (-56.2311276622297 -34.791310895953124)
138;2.16.858.0.0.2.1.1.5980102020020005140;SAI PPL UI 9: EL MOLINO;SAI PPL UI 9: EX MOLINO;NO;SUR;MONTEVIDEO;MONTEVIDEO;URBANA;1;20;20;20;5;102020020005140;1140;571295.251;6142197.981;-34.86006189988945, -56.22003032765121;DR. VICENTE BASAGOITY;4076;EMILIO ROMERO;S-D;2;SUR;SAI-PPL;86;SAI-PPL (U. Ejecutora);PRIMER NIVEL;POLICLINICA;35971002;S-D;NO;SI;SI;SI;NO;S-D;S-D;S-D;S-D;S-D;NO;NO;NC;NO;NO;NO;NO;NO;NO;NO;NO;NO;NO;NO;NO;NO;N-C;N-C;NO;NO;S-D;S-D;NO;S-D;NO;S-D;NO;NO;NO;NO;NO;NO;NO;SI;-34.8600618998895;-56.2200303276512;POINT (-56.22003032765121 -34.86006189988945)
141;2.16.858.0.0.2.1.1.5980190016035011143;SAI PPL UI 4: COMCAR;SAI PPL UI 4: COMCAR;NO;SUR;MONTEVIDEO;RURAL;RURAL;1;900;16;35;11;190016035011143;1143;559272.168;6148500.926;-34.804,-56.352;CNO. GRAL. ESC. BASILIO MUNOZ;S-D;CNO. MANUEL M. FLORES;S-D;2;SUR;SAI-PPL;86;SAI-PPL (U. Ejecutora);PRIMER NIVEL;POLICLINICA;35971002;S-D;NO;SI;SI;SI;NO;S-D;S-D;S-D;S-D;S-D;SI;NO;NC;SI;SI;NO;SI;NO;NO;NO;NO;NO;NO;NO;NO;NO;N-C;N-C;NO;NO;S-D;NO;NO;S-D;NO;S-D;NO;NO;NO;NO;NO;NO;NO;SI;-34.804;-56.352;POINT (-56.352 -34.804)
142;2.16.858.0.0.2.1.1.5980190099103002144;SAI PPL UI 6: PUNTA DE RIELES;SAI PPL UI 6: PUNTA DE RIELES;NO;SUR;MONTEVIDEO;RURAL;RURAL;1;900;99;103;2;190099103002144;1144;583204.564;6144655.306;-34.837,-56.090;CNO. DIONISIOS;S-D;CNO. PUNTA DE RIELES;S-D;2;SUR;SAI-PPL;86;SAI-PPL (U. Ejecutora);PRIMER NIVEL;POLICLINICA;35971002;S-D;NO;SI;SI;SI;NO;NO;NO;SI;NO;NO;SI;NO;NC;NO;SI;NO;SI;NO;NO;NO;NO;NO;NO;NO;NO;NO;N-C;N-C;NO;NO;S-D;SI;SI;S-D;SI;S-D;NO;SI;NO;NO;NO;NO;SI;SI;-34.837;-56.09;POINT (-56.09 -34.837)
143;2.16.858.0.0.2.1.1.5980102017005036146;POLICLINICA SAN MARTIN II;POL. SAN MARTIN II;NO;SUR;MONTEVIDEO;MONTEVIDEO;URBANA;1;20;17;5;36;102017005036146;1146;576378.45;6146304.98;-34.82266084,-56.16479935;CAPITAN TULA;S-D;CNO. COLMAN;25123446;2;SUR;REGION SUR;2;RAP METROPOLITANA;PRIMER NIVEL;POLICLINICA;35971002;ASSE;SI;SI;SI;SI;NO;NO;SI;SI;SI;NO;NO;NO;NC;NO;NO;NO;NO;NO;NO;NO;NO;NO;NO;NO;NO;NO;N-C;N-C;NO;NO;NO;NO;NO;NO;NO;SI;NO;NO;NO;NO;NO;NO;NO;NO;-34.82266084;-56.16479935;POINT (-56.16479935 -34.82266084)
145;2.16.858.0.0.2.1.1.5980222001024014002;CENTRO DE SALUD ARTIGAS;C. S. ARTIGAS;NO;NORTE;ARTIGAS;ARTIGAS;URBANA;2;220;1;24;14;222001024014002;2002;551707.83;6637300.34;-30.39518862,-56.46173530;18 DE JULIO;237;GRAL.EUGENIO GARZON;47726009;1;NORTE;REGION NORTE;79;RAP ARTIGAS;PRIMER NIVEL;CENTRO DE SALUD;264361005;ASSE;SI;SI;SI;SI;NO;SI;NO;SI;SI;SI;SI;SI;LUNES JUEVES Y VIERNES;NO;NO;NO;NO;NO;NO;NO;NO;NO;NO;NO;NO;NO;N-C;N-C;NO;NO;NO;SI;SI;S-D;NO;NO;NO;NO;SI;NO;NO;NO;NO;SI;-30.39518862;-56.4617353;POINT (-56.4617353 -30.39518862)
146;2.16.858.0.0.2.1.1.5980222001018011003;CENTRO DEPARTAMENTAL ARTIGAS;HOSPITAL DE ARTIGAS;NO;NORTE;ARTIGAS;ARTIGAS;URBANA;2;220;1;18;11;222001018011003;2003;552052.06;6636404.837;-30.40325,-56.45811;EDUARDO M. CASTRO;S-D;FRUCTUOSO RIVERA;47723701;1;NORTE;REGION NORTE;15;CENTRO DEPARTAMENTAL ARTIGAS;SEGUNDO NIVEL;HOSPITAL;22232009;ASSE;NO;SI;SI;SI;SI;NO;NO;SI;SI;SI;SI;NO;NC;NO;SI;NO;SI;SI;NO;NO;NO;NO;NO;NO;SI;NO;SI;SI;SI;SI;SI;SI;SI;S-D;SI;SI;SI;SI;SI;NO;SI;NO;SI;SI;-30.40325;-56.45811;POINT (-56.45811 -30.40325)
147;2.16.858.0.0.2.1.1.5980222001009711004;POLICLINICA ALVARO GIMENEZ;POL. 19 DE JUNIO;NO;NORTE;ARTIGAS;ARTIGAS;URBANA;2;220;1;9;711;222001009711004;2004;548923.318;6636680.396;-30.400898989069667, -56.490691339568734;IBIRAPITA;30;PLAZOLETA BUSTAMANTE;47730807;1;NORTE;REGION NORTE;79;RAP ARTIGAS;PRIMER NIVEL;POLICLINICA;35971002;COMUNIDAD;SI;SI;SI;SI;NO;SI;SI;NO;SI;NO;NO;NO;NC;NO;NO;NO;NO;NO;NO;NO;NO;NO;NO;NO;NO;NO;N-C;N-C;NO;NO;NO;NO;NO;S-D;NO;NO;NO;NO;NO;NO;NO;NO;NO;NO;-30.4008989890697;-56.4906913395687;POINT (-56.490691339568734 -30.400898989069667)
149;2.16.858.0.0.2.1.1.5980222001128016006;POLICLINICA AYUI;POL. AYUI;NO;NORTE;ARTIGAS;ARTIGAS;URBANA;2;220;1;128;16;222001128016006;2006;552082.373;6634965.474;-30.416241458552097, -56.45772015009274;EMILIO MELLO;105;PERICHON;1884 4210;1;NORTE;REGION NORTE;79;RAP ARTIGAS;PRIMER NIVEL;POLICLINICA;35971002;INTENDENCIA;SI;SI;SI;SI;NO;SI;SI;NO;SI;SI;NO;NO;NC;NO;NO;NO;NO;NO;NO;NO;NO;NO;NO;NO;NO;NO;N-C;N-C;NO;NO;NO;NO;NO;S-D;NO;NO;NO;NO;NO;NO;NO;NO;NO;NO;-30.4162414585521;-56.4577201500927;POINT (-56.45772015009274 -30.416241458552097)
150;2.16.858.0.0.2.1.1.5980222001221805007;POLICLINICA BARRIO SUR;POL. BARRIO SUR;NO;NORTE;ARTIGAS;ARTIGAS;URBANA;2;220;1;221;805;222001221805007;2007;549396.3;6634896.807;-30.416974238632474, -56.48568323200122;DR. AMILCAR VASCONCELLOS;1408;19 DE ABRIL;47725611;1;NORTE;REGION NORTE;79;RAP ARTIGAS;PRIMER NIVEL;POLICLINICA;35971002;COMUNIDAD;SI;SI;SI;SI;NO;NO;NO;SI;SI;NO;NO;NO;NC;NO;NO;NO;NO;NO;NO;NO;NO;NO;NO;NO;NO;NO;N-C;N-C;NO;NO;NO;NO;NO;S-D;NO;NO;NO;NO;NO;NO;NO;NO;NO;NO;-30.4169742386325;-56.4856832320012;POINT (-56.48568323200122 -30.416974238632474)
151;2.16.858.0.0.2.1.1.5980222001003007008;POLICLINICA CATALA;POL. CATALA;NO;NORTE;ARTIGAS;ARTIGAS;URBANA;2;220;1;3;7;222001003007008;2008;551112.71;6637635.28;-30.39219154,-56.46794652;SANTIAGO MONTES;S/N;JUAN B. TORRES;47727338;1;NORTE;REGION NORTE;79;RAP ARTIGAS;PRIMER NIVEL;POLICLINICA;35971002;INTENDENCIA;SI;SI;SI;SI;NO;NO;SI;SI;SI;NO;NO;NO;NC;NO;NO;NO;NO;NO;NO;NO;NO;NO;NO;NO;NO;NO;N-C;N-C;NO;NO;NO;NO;NO;S-D;NO;NO;NO;NO;NO;NO;NO;NO;NO;NO;-30.39219154;-56.46794652;POINT (-56.46794652 -30.39219154)
152;2.16.858.0.0.2.1.1.5980222001020024009;POLICLINICA COBAZO;POL. COBAZO;NO;NORTE;ARTIGAS;ARTIGAS;URBANA;2;220;1;20;24;222001020024009;2009;549581.88;6635648.14;-30.41018683,-56.48378669;ATANASIO SIERRA;122;CARMELO COLMAN;47722280;1;NORTE;REGION NORTE;79;RAP ARTIGAS;PRIMER NIVEL;POLICLINICA;35971002;COMUNIDAD;SI;SI;SI;SI;NO;SI;NO;SI;SI;NO;SI;NO;NC;NO;NO;NO;NO;NO;NO;NO;NO;NO;NO;NO;NO;NO;N-C;N-C;NO;NO;NO;NO;NO;S-D;NO;NO;NO;NO;NO;NO;NO;NO;NO;NO;-30.41018683;-56.48378669;POINT (-56.48378669 -30.41018683)
153;2.16.858.0.0.2.1.1.5980222001328046010;POLICLINICA FABINI;POL. FABINI;NO;NORTE;ARTIGAS;ARTIGAS;URBANA;2;220;1;328;46;222001328046010;2010;551603.44;6635021.08;-30.41576030,-56.46270931;DAYMAN;S/N;OLIMAR;1884-4270;1;NORTE;REGION NORTE;79;RAP ARTIGAS;PRIMER NIVEL;POLICLINICA;35971002;INTENDENCIA;SI;SI;SI;SI;NO;SI;NO;SI;SI;NO;SI;NO;NC;NO;NO;NO;NO;NO;NO;NO;NO;NO;NO;NO;NO;NO;N-C;N-C;NO;NO;NO;NO;NO;S-D;NO;NO;NO;NO;NO;NO;NO;NO;NO;NO;-30.4157603;-56.46270931;POINT (-56.46270931 -30.4157603)
154;2.16.858.0.0.2.1.1.5980222001328825011;POLICLINICA GOMEZ GOTUZZO;POL. GOMEZ GOTUZZO;NO;NORTE;ARTIGAS;ARTIGAS;URBANA;2;220;1;328;825;222001328825011;2011;551298.84;6634658.004;-30.41904958777285, -56.465862864310466;GERARDO MATOS RODRIGUEZ;1;FRANCISCO CANARO;47736598;1;NORTE;REGION NORTE;79;RAP ARTIGAS;PRIMER NIVEL;POLICLINICA;35971002;COMUNIDAD;SI;SI;SI;SI;NO;SI;NO;SI;SI;NO;SI;NO;NC;NO;NO;NO;NO;NO;NO;NO;NO;NO;NO;NO;NO;NO;N-C;N-C;NO;NO;NO;NO;NO;S-D;NO;NO;NO;NO;NO;NO;NO;NO;NO;NO;-30.4190495877729;-56.4658628643105;POINT (-56.465862864310466 -30.41904958777285)
155;2.16.858.0.0.2.1.1.5980222001008015012;POLICLINICA VENANCIO FLORES;POL. LAS FLORES;NO;NORTE;ARTIGAS;ARTIGAS;URBANA;2;220;1;8;15;222001008015012;2012;550561.95;6636661.39;-30.40100288,-56.47363228;JOSE PEDRO VARELA;41;FRANCSICO SANCHEZ;47738334;1;NORTE;REGION NORTE;79;RAP ARTIGAS;PRIMER NIVEL;POLICLINICA;35971002;COMUNIDAD;SI;SI;SI;SI;NO;NO;NO;SI;SI;SI;NO;NO;NC;NO;NO;NO;NO;NO;NO;NO;NO;NO;NO;NO;NO;NO;N-C;N-C;NO;NO;NO;NO;NO;S-D;NO;NO;NO;NO;NO;NO;NO;NO;NO;NO;-30.40100288;-56.47363228;POINT (-56.47363228 -30.40100288)
156;2.16.858.0.0.2.1.1.5980222001005007013;POLICLINICA PUEBLO NUEVO;POL. PUEBLO NUEVO;NO;NORTE;ARTIGAS;ARTIGAS;URBANA;2;220;1;5;7;222001005007013;2013;551570.78;6637625.42;-30.39226100,-56.46317798;HUGO POLITO;115;DR. MANUEL J. TERAN;47736581;1;NORTE;REGION NORTE;79;RAP ARTIGAS;PRIMER NIVEL;POLICLINICA;35971002;ASSE;SI;SI;SI;SI;NO;NO;NO;SI;SI;NO;NO;NO;NC;NO;NO;NO;NO;NO;NO;NO;NO;NO;NO;NO;NO;NO;N-C;N-C;NO;NO;NO;NO;NO;S-D;NO;NO;NO;NO;NO;NO;NO;NO;NO;NO;-30.392261;-56.46317798;POINT (-56.46317798 -30.392261)
157;2.16.858.0.0.2.1.1.5980222007203601014;POLICLINICA RINCON PACHECO;POL. RINCON PACHECO;NO;NORTE;ARTIGAS;ARTIGAS;URBANA;2;220;7;203;601;222007203601014;2014;580104.182;6603264.381;-30.700739044848525, -56.16352970770418;RUTA 30  CAMINO VECINAL;S/N;VIVIENDA MEVIR  PEGADO A SALON COMUNAL;47702240;1;NORTE;REGION NORTE;79;RAP ARTIGAS;PRIMER NIVEL;POLICLINICA;35971002;COMUNIDAD;SI;SI;SI;SI;NO;NO;NO;SI;NO;NO;NO;NO;NC;NO;NO;NO;NO;NO;NO;NO;NO;NO;NO;NO;NO;NO;N-C;N-C;NO;NO;NO;NO;NO;S-D;NO;NO;NO;NO;NO;NO;NO;NO;NO;NO;-30.7007390448485;-56.1635297077042;POINT (-56.16352970770418 -30.700739044848525)
159;2.16.858.0.0.2.1.1.5980222001022020016;POLICLINICA VITOPA;POL. VITOPA;NO;NORTE;ARTIGAS;ARTIGAS;URBANA;2;220;1;22;20;222001022020016;2016;551718.653;6634657.598;-30.419035296034416, -56.46149179629499;CUAREIM;S/N;SAN SALVADOR;47736589;1;NORTE;REGION NORTE;79;RAP ARTIGAS;PRIMER NIVEL;POLICLINICA;35971002;COMUNIDAD;SI;SI;SI;SI;NO;SI;SI;SI;SI;NO;NO;NO;NC;NO;NO;NO;NO;NO;NO;NO;NO;NO;NO;NO;NO;NO;N-C;N-C;NO;NO;NO;NO;NO;S-D;NO;NO;NO;NO;NO;NO;NO;NO;NO;NO;-30.4190352960344;-56.461491796295;POINT (-56.46149179629499 -30.419035296034416)
160;2.16.858.0.0.2.1.1.5980252107306021017;CENTRO DE SALUD BELLA UNION;C. S. BELLA UNION;NO;NORTE;ARTIGAS;BELLA UNION;URBANA;2;521;7;306;21;252107306021017;2017;443238.818;6652737.259;-30.255663385984754, -57.59003094462921;CHILE;1261;ARGENTINA;47792426;1;NORTE;REGION NORTE;79;RAP ARTIGAS;PRIMER NIVEL;CENTRO DE SALUD;264361005;ASSE;SI;SI;SI;SI;NO;SI;NO;SI;SI;SI;NO;SI;LUNES A VIERNES;SI;NO;NO;NO;NO;NO;NO;NO;NO;NO;NO;NO;NO;N-C;N-C;NO;NO;NO;SI;SI;S-D;SI;NO;NO;NO;NO;NO;NO;NO;NO;SI;-30.2556633859848;-57.5900309446292;POINT (-57.59003094462921 -30.255663385984754)
161;2.16.858.0.0.2.1.1.5980252107205039018;HOSPITAL DE BELLA UNION;CENTRO AUXILIAR DE BELLA UNION;NO;NORTE;ARTIGAS;BELLA UNION;URBANA;2;521;7;205;39;252107205039018;2018;442703.91;6652452.01;-30.25821228,-57.59560654;GRAL. RIVERA;S-D;DR. PEDRO ACOSTA;47792131;1;NORTE;REGION NORTE;34;HOSPITAL DE BELLA UNION;SEGUNDO NIVEL;HOSPITAL;22232009;ASSE;NO;SI;SI;SI;SI;NO;NO;SI;SI;SI;SI;NO;NC;NO;SI;NO;SI;SI;NO;NO;NO;NO;NO;NO;SI;NO;SI;NO;SI;SI;SI;SI;SI;S-D;SI;SI;SI;SI;SI;SI;NO;NO;SI;SI;-30.25821228;-57.59560654;POINT (-57.59560654 -30.25821228)
162;2.16.858.0.0.2.1.1.5980252107013004019;POLICLINICA BARRIO EXTENSION SUR;POL. BARRIO EXTENSION SUR;NO;NORTE;ARTIGAS;BELLA UNION;URBANA;2;521;7;13;4;252107013004019;2019;442842.44;6651804.59;-30.26406098,-57.59420181;CONTINUACION PEDRO ACOSTA  VIVIENDA N.? 63;63;A21;47794254;1;NORTE;REGION NORTE;79;RAP ARTIGAS;PRIMER NIVEL;POLICLINICA;35971002;ASSE;SI;SI;SI;SI;NO;SI;NO;SI;SI;SI;NO;NO;NC;NO;NO;NO;NO;NO;NO;NO;NO;NO;NO;NO;NO;NO;N-C;N-C;NO;NO;NO;NO;NO;S-D;NO;NO;NO;NO;NO;NO;NO;NO;NO;NO;-30.26406098;-57.59420181;POINT (-57.59420181 -30.26406098)
163;2.16.858.0.0.2.1.1.5980252107305026020;POLICLINICA TORTUGUITA II;POL. TORTUGUITA II;NO;NORTE;ARTIGAS;BELLA UNION;URBANA;2;521;7;305;26;252107305026020;2020;443319.18;6652386.23;-30.25883480,-57.58921452;CONTINUACION APARICIO SARAVIA  BARRIO LOS OLIVOS;S/N;CHILE;47793022;1;NORTE;REGION NORTE;79;RAP ARTIGAS;PRIMER NIVEL;POLICLINICA;35971002;INAU;SI;SI;SI;SI;NO;NO;NO;SI;NO;NO;NO;NO;NC;NO;NO;NO;NO;NO;NO;NO;NO;NO;NO;NO;NO;NO;N-C;N-C;NO;NO;NO;NO;NO;S-D;NO;NO;NO;NO;NO;NO;NO;NO;NO;NO;-30.2588348;-57.58921452;POINT (-57.58921452 -30.2588348)
164;2.16.858.0.0.2.1.1.5980252107204056021;POLICLINICA UTAA;POL. UTAA;NO;NORTE;ARTIGAS;BELLA UNION;URBANA;2;521;7;204;56;252107204056021;2021;441695.21;6651932.12;-30.26285553,-57.60612056;A. SARAVIA;456;MONES QUINTELA;47792263 - 47798425;1;NORTE;REGION NORTE;79;RAP ARTIGAS;PRIMER NIVEL;POLICLINICA;35971002;COMUNIDAD;SI;SI;SI;SI;NO;SI;NO;SI;SI;NO;SI;NO;NC;NO;NO;NO;NO;NO;NO;NO;NO;NO;NO;NO;NO;NO;N-C;N-C;NO;NO;NO;NO;NO;S-D;NO;NO;NO;NO;NO;NO;NO;NO;NO;NO;-30.26285553;-57.60612056;POINT (-57.60612056 -30.26285553)
165;2.16.858.0.0.2.1.1.5980252209102603023;POLICLINICA TOMAS GOMENSORO;POL. TOMAS GOMENSORO;NO;NORTE;ARTIGAS;TOMAS GOMENSORO;RURAL;2;522;9;102;603;252209102603023;2023;457713.189;6633664.551;-30.428364413784273, -57.44034433270387;INDEPENDENCIA;S/N;JUAN SENA CASTRO;47772042;1;NORTE;REGION NORTE;79;RAP ARTIGAS;PRIMER NIVEL;POLICLINICA;35971002;ASSE;SI;SI;SI;SI;NO;SI;NO;SI;NO;SI;SI;NO;NC;NO;NO;SI;SI;NO;NO;NO;NO;NO;NO;NO;NO;NO;N-C;N-C;NO;NO;NO;NO;NO;S-D;SI;NO;NO;NO;NO;NO;NO;NO;NO;SI;-30.4283644137843;-57.4403443327039;POINT (-57.44034433270387 -30.428364413784273)
166;2.16.858.0.0.2.1.1.5980262108001014024;POLICLINICA BALTASAR BRUM;POL. BALTASAR BRUM;NO;NORTE;ARTIGAS;BALTASAR BRUM;RURAL;2;621;8;1;14;262108001014024;2024;468741.739;6601516.285;-30.718796699833636, -57.32647306706312;18 DE JULIO;S/N;BATLLE Y ORDONEZ;47762101;1;NORTE;REGION NORTE;79;RAP ARTIGAS;PRIMER NIVEL;POLICLINICA;35971002;ASSE;SI;SI;SI;SI;NO;SI;NO;SI;NO;SI;SI;NO;NC;SI;NO;SI;SI;NO;NO;NO;NO;NO;NO;NO;NO;NO;N-C;N-C;NO;NO;NO;SI;SI;S-D;SI;SI;NO;NO;NO;NO;NO;NO;NO;SI;-30.7187966998336;-57.3264730670631;POINT (-57.32647306706312 -30.718796699833636)
167;2.16.858.0.0.2.1.1.5980272104002017025;POLICLINICA BERNABE RIVERA;POL. YACARE;NO;NORTE;ARTIGAS;BERNABE RIVERA;RURAL;2;721;4;2;17;272104002017025;2025;502884.717;6648081.89;-30.299,-56.970;HIPOLITO IPAR;1270;PEDRO DE BAZAN;47702494;1;NORTE;REGION NORTE;79;RAP ARTIGAS;PRIMER NIVEL;POLICLINICA;35971002;COMUNIDAD;SI;SI;SI;SI;NO;NO;NO;SI;NO;NO;SI;NO;NC;NO;NO;NO;NO;NO;NO;NO;NO;NO;NO;NO;NO;NO;N-C;N-C;NO;NO;NO;NO;NO;S-D;NO;NO;NO;NO;NO;NO;NO;NO;NO;NO;-30.299;-56.97;POINT (-56.97 -30.299)
168;2.16.858.0.0.2.1.1.5980272407003808026;POLICLINICA LAS LAMINAS;POL. LAS LAMINAS;NO;NORTE;ARTIGAS;FRANQUIA;RURAL;2;724;7;3;808;272407003808026;2026;443774.74;6654026.92;-30.244050720238388, -57.584391409187575;RUTA 3;S/N;A4;47709275;1;NORTE;REGION NORTE;79;RAP ARTIGAS;PRIMER NIVEL;POLICLINICA;35971002;COMUNIDAD;SI;SI;SI;SI;NO;SI;NO;SI;SI;NO;SI;NO;NC;NO;NO;NO;NO;NO;NO;NO;NO;NO;NO;NO;NO;NO;N-C;N-C;NO;NO;NO;NO;NO;S-D;NO;NO;NO;NO;NO;NO;NO;NO;NO;NO;-30.2440507202384;-57.5843914091876;POINT (-57.584391409187575 -30.244050720238388)
169;2.16.858.0.0.2.1.1.5980272506004004027;POLICLINICA SEQUEIRA;POL. SEQUEIRA;NO;NORTE;ARTIGAS;SEQUEIRA;RURAL;2;725;6;4;4;272506004004027;2027;511767.774;6570383.544;-31.000072215081104, -56.876733375904884;RUTA 4  KM.;122;UTE 10;47706060;1;NORTE;REGION NORTE;79;RAP ARTIGAS;PRIMER NIVEL;POLICLINICA;35971002;ASSE;SI;SI;SI;SI;NO;SI;NO;SI;NO;NO;SI;NO;NC;NO;NO;NO;NO;NO;NO;NO;NO;NO;NO;NO;NO;NO;N-C;N-C;NO;NO;NO;NO;NO;S-D;NO;NO;NO;NO;NO;NO;NO;NO;NO;NO;-31.0000722150811;-56.8767333759049;POINT (-56.876733375904884 -31.000072215081104)
170;2.16.858.0.0.2.1.1.5980282207007700028;POLICLINICA NUEVO CORONADO;POL. NUEVO CORONADO;NO;NORTE;ARTIGAS;CORONADO;RURAL;2;822;7;7;700;282207007700028;2028;442092.5;6650585.85;-30.27502290,-57.60206477;ING. ALFREDO MONES QUINTELA;S/N;CALLEJON BENINCA;S-D;1;NORTE;REGION NORTE;79;RAP ARTIGAS;PRIMER NIVEL;POLICLINICA;35971002;COMUNIDAD;SI;SI;SI;SI;NO;SI;NO;SI;NO;NO;NO;NO;NC;NO;NO;NO;NO;NO;NO;NO;NO;NO;NO;NO;NO;NO;N-C;N-C;NO;NO;NO;NO;NO;S-D;NO;NO;NO;NO;NO;NO;NO;NO;NO;NO;-30.2750229;-57.60206477;POINT (-57.60206477 -30.2750229)
171;2.16.858.0.0.2.1.1.5980282307012801029;POLICLINICA CUAREIM;POL. CUAREIM;NO;NORTE;ARTIGAS;CUAREIM;RURAL;2;823;7;12;801;282307012801029;2029;445341.624;6656149.471;-30.224968781409263, -57.56799615977365;CALLE PRINCIPAL;S/N; FRENTE A BOMBA DE OSE VIEJA.;47794669;1;NORTE;REGION NORTE;79;RAP ARTIGAS;PRIMER NIVEL;POLICLINICA;35971002;ASSE;SI;SI;SI;SI;NO;SI;NO;SI;SI;SI;SI;NO;NC;NO;NO;NO;NO;NO;NO;NO;NO;NO;NO;NO;NO;NO;N-C;N-C;NO;NO;NO;NO;NO;S-D;NO;NO;NO;NO;NO;NO;NO;NO;NO;NO;-30.2249687814093;-57.5679961597737;POINT (-57.56799615977365 -30.224968781409263)
172;2.16.858.0.0.2.1.1.5980282402103002030;POLICLINICA CUARO;POL. CUARO;NO;NORTE;ARTIGAS;CUARO;RURAL;2;824;2;103;2;282402103002030;2030;509091.04;6613425.473;-30.611707779356948, -56.905154168179216;CNO. A CAMANO;S/N;UTE 1;47701130;1;NORTE;REGION NORTE;79;RAP ARTIGAS;PRIMER NIVEL;POLICLINICA;35971002;COMUNIDAD;SI;SI;SI;SI;NO;NO;NO;SI;NO;NO;NO;NO;NC;NO;NO;NO;NO;NO;NO;NO;NO;NO;NO;NO;NO;NO;N-C;N-C;NO;NO;NO;NO;NO;S-D;NO;NO;NO;NO;NO;NO;NO;NO;NO;NO;-30.6117077793569;-56.9051541681792;POINT (-56.905154168179216 -30.611707779356948)
173;2.16.858.0.0.2.1.1.5980282402127006031;POLICLINICA GUAYUBIRA;POL. GUAYUBIRA;NO;NORTE;ARTIGAS;CUARO;RURAL;2;824;2;127;6;282402127006031;2031;557024.76;6625272.92;-30.50347831,-56.40573179;GUAYUBIRA;S/N;FRENTE A DESTACAMENTO POLICIAL;S-D;1;NORTE;REGION NORTE;79;RAP ARTIGAS;PRIMER NIVEL;POLICLINICA;35971002;COMUNIDAD;SI;SI;SI;SI;NO;NO;NO;SI;NO;NO;NO;NO;NC;NO;NO;NO;NO;NO;NO;NO;NO;NO;NO;NO;NO;NO;N-C;N-C;NO;NO;NO;NO;NO;S-D;NO;NO;NO;NO;NO;NO;NO;NO;NO;NO;-30.50347831;-56.40573179;POINT (-56.40573179 -30.50347831)
174;2.16.858.0.0.2.1.1.5980282402102002032;POLICLINICA PAGUERO;POL. PAGUERO;NO;NORTE;ARTIGAS;CUARO;RURAL;2;824;2;102;2;282402102002032;2032;521880.59;6610469.11;-30.63821936,-56.77166026;CUARO CHICO PAGUERO;S/N;ESCUELA N.? 11;S-D;1;NORTE;REGION NORTE;79;RAP ARTIGAS;PRIMER NIVEL;POLICLINICA;35971002;COMUNIDAD;SI;SI;SI;SI;NO;NO;NO;SI;NO;NO;NO;NO;NC;NO;NO;NO;NO;NO;NO;NO;NO;NO;NO;NO;NO;NO;N-C;N-C;NO;NO;NO;NO;NO;S-D;NO;NO;NO;NO;NO;NO;NO;NO;NO;NO;-30.63821936;-56.77166026;POINT (-56.77166026 -30.63821936)
175;2.16.858.0.0.2.1.1.5980282601025008033;POLICLINICA JAVIER DE VIANA;POL. JAVIER DE VIANA;NO;NORTE;ARTIGAS;JAVIER DE VIANA;RURAL;2;826;1;25;8;282601025008033;2033;520229.665;6633233.252;-30.432829134813513, -56.78933249037695;RUTA 30  KM.;98;FRENTE A UNA IGLESIA;S-D;1;NORTE;REGION NORTE;79;RAP ARTIGAS;PRIMER NIVEL;POLICLINICA;35971002;COMUNIDAD;SI;SI;SI;SI;NO;NO;NO;SI;NO;NO;NO;NO;NC;NO;NO;NO;NO;NO;NO;NO;NO;NO;NO;NO;NO;NO;N-C;N-C;NO;NO;NO;NO;NO;S-D;NO;NO;NO;NO;NO;NO;NO;NO;NO;NO;-30.4328291348135;-56.789332490377;POINT (-56.78933249037695 -30.432829134813513)
176;2.16.858.0.0.2.1.1.5980282807008006034;POLICLINICA LAS PIEDRAS;POL. LAS PIEDRAS;NO;NORTE;ARTIGAS;LAS PIEDRAS;RURAL;2;828;7;8;6;282807008006034;2034;444005.931;6653812.091;-30.246,-57.582;A5;S/N;B32;47793533;1;NORTE;REGION NORTE;79;RAP ARTIGAS;PRIMER NIVEL;POLICLINICA;35971002;INTENDENCIA;SI;SI;SI;SI;NO;SI;NO;SI;SI;SI;SI;NO;NC;NO;NO;NO;NO;NO;NO;NO;NO;NO;NO;NO;NO;NO;N-C;N-C;NO;NO;NO;NO;NO;S-D;NO;NO;NO;NO;NO;NO;NO;NO;NO;NO;-30.246;-57.582;POINT (-57.582 -30.246)
177;2.16.858.0.0.2.1.1.5980283001327020035;POLICLINICA PINTADITO;POL. PINTADITO;NO;NORTE;ARTIGAS;PINTADITO;RURAL;2;830;1;327;20;283001327020035;2035;552153.47;6633039.57;-30.43361701,-56.45688367;4 DE ABRIL;14;BOHANES;1884-4220;1;NORTE;REGION NORTE;79;RAP ARTIGAS;PRIMER NIVEL;POLICLINICA;35971002;INTENDENCIA;SI;SI;SI;SI;NO;SI;SI;SI;SI;NO;SI;NO;NC;NO;NO;NO;NO;NO;NO;NO;NO;NO;NO;NO;NO;NO;N-C;N-C;NO;NO;NO;NO;NO;S-D;NO;NO;NO;NO;NO;NO;NO;NO;NO;NO;-30.43361701;-56.45688367;POINT (-56.45688367 -30.43361701)
178;2.16.858.0.0.2.1.1.5980283107002607036;POLICLINICA PORTON DE FIERRO;POL. PORTON DE FIERRO;NO;NORTE;ARTIGAS;PORT. DE HIERRO Y CAMPODONICO;RURAL;2;831;7;2;607;283107002607036;2036;446453.13;6650108.75;-30.27952877,-57.55675349;RUTA 3  KM.;622;PORTONES DE HIERRO Y CAMPODONICO;S-D;1;NORTE;REGION NORTE;79;RAP ARTIGAS;PRIMER NIVEL;POLICLINICA;35971002;COMUNIDAD;SI;SI;SI;SI;NO;SI;NO;SI;NO;NO;NO;NO;NC;NO;NO;NO;NO;NO;NO;NO;NO;NO;NO;NO;NO;NO;N-C;N-C;NO;NO;NO;NO;NO;S-D;NO;NO;NO;NO;NO;NO;NO;NO;NO;NO;-30.27952877;-57.55675349;POINT (-57.55675349 -30.27952877)
179;2.16.858.0.0.2.1.1.5980283307014011037;POLICLINICA MONES QUINTELA;CALPICA;NO;NORTE;ARTIGAS;MONES QUINTELA;RURAL;2;833;7;14;11;283307014011037;2037;436200.182;6639473.482;-30.375,-57.664;CALLE DE CIRCUNVALACION;3276;MONES QUINTELA VIVIENDA DE MEVIR;47782262;1;NORTE;REGION NORTE;79;RAP ARTIGAS;PRIMER NIVEL;POLICLINICA;35971002;COMUNIDAD;SI;SI;SI;SI;NO;SI;SI;SI;NO;NO;SI;NO;NC;NO;NO;NO;NO;NO;NO;NO;NO;NO;NO;NO;NO;NO;N-C;N-C;NO;NO;NO;NO;NO;S-D;NO;NO;NO;NO;NO;NO;NO;NO;NO;NO;-30.375;-57.664;POINT (-57.664 -30.375)
181;2.16.858.0.0.2.1.1.5980290001026003039;POLICLINICA COLONIA RIVERA;POL. COLONIA RIVERA;NO;NORTE;ARTIGAS;RURAL;RURAL;2;900;1;26;3;290001026003039;2039;542667.057;6636451.099;-30.403205839347486, -56.55581004868536;CAMINO VECINAL 25 DE AGOSTO;S/N;ESCUELA N 16;S-D;1;NORTE;REGION NORTE;79;RAP ARTIGAS;PRIMER NIVEL;POLICLINICA;35971002;COMUNIDAD;SI;SI;SI;NO;NO;NO;NO;SI;NO;NO;NO;NO;NC;NO;NO;NO;NO;NO;NO;NO;NO;NO;NO;NO;NO;NO;N-C;N-C;NO;NO;NO;NO;NO;S-D;NO;NO;NO;NO;NO;NO;NO;NO;NO;NO;-30.4032058393475;-56.5558100486854;POINT (-56.55581004868536 -30.403205839347486)
182;2.16.858.0.0.2.1.1.5980290005203600040;POLICLINICA DIEGO LAMAS;POL. DIEGO LAMAS;NO;NORTE;ARTIGAS;DIEGO LAMAS;RURAL;2;900;5;203;600;290005203600040;2040;494866.947;6597559.717;-30.754898574893883, -57.05363166986742;CNO. VECINAL;S/N;ESCUELA N 35;S-D;1;NORTE;REGION NORTE;79;RAP ARTIGAS;PRIMER NIVEL;POLICLINICA;35971002;COMUNIDAD;SI;SI;SI;NO;NO;NO;NO;NO;NO;NO;NO;NO;NC;NO;NO;NO;NO;NO;NO;NO;NO;NO;NO;NO;NO;NO;N-C;N-C;NO;NO;NO;NO;NO;S-D;NO;NO;NO;NO;NO;NO;NO;NO;NO;NO;-30.7548985748939;-57.0536316698674;POINT (-57.05363166986742 -30.754898574893883)
183;2.16.858.0.0.2.1.1.5980290003101306041;POLICLINICA LA BOLSA;POL. LA BOLSA;NO;NORTE;ARTIGAS;RURAL;RURAL;2;900;3;101;306;290003101306041;2041;563449.166;6587218.487;-30.846523829158933, -56.336442083701705;PUEBLO LA BOLSA;S/N;SALON COMUNAL MEVIR;S-D;1;NORTE;REGION NORTE;79;RAP ARTIGAS;PRIMER NIVEL;POLICLINICA;35971002;COMUNIDAD;SI;SI;SI;NO;NO;NO;NO;SI;NO;NO;NO;NO;NC;NO;NO;NO;NO;NO;NO;NO;NO;NO;NO;NO;NO;NO;N-C;N-C;NO;NO;NO;NO;NO;S-D;NO;NO;NO;NO;NO;NO;NO;NO;NO;NO;-30.8465238291589;-56.3364420837017;POINT (-56.336442083701705 -30.846523829158933)
184;2.16.858.0.0.2.1.1.5980292507110602042;POLICLINICA CAINSA;POL. CAINSA;NO;NORTE;ARTIGAS;CAINSA;RURAL;2;925;7;110;602;292507110602042;2042;440968.859;6637950.685;-30.388983802948438, -57.614458193907716;RUTA 3  KM.;614;SALON COMUNAL;47782261;1;NORTE;REGION NORTE;79;RAP ARTIGAS;PRIMER NIVEL;POLICLINICA;35971002;ASSE;SI;SI;SI;SI;NO;SI;NO;SI;NO;NO;NO;NO;NC;NO;NO;NO;NO;NO;NO;NO;NO;NO;NO;NO;NO;NO;N-C;N-C;NO;NO;NO;NO;NO;S-D;NO;NO;NO;NO;NO;NO;NO;NO;NO;NO;-30.3889838029484;-57.6144581939077;POINT (-57.614458193907716 -30.388983802948438)
185;2.16.858.0.0.2.1.1.5980292706205009043;POLICLINICA PASO CAMPAMENTO;POL. PASO CAMPAMENTO;NO;NORTE;ARTIGAS;PASO CAMPAMENTO;RURAL;2;927;6;205;9;292706205009043;2043;520714.843;6593853.566;-30.788171495521667, -56.783490897604544;RUTA 4  KM.;47;FRENTE A LA ESCUELA N|? 38;S-D;1;NORTE;REGION NORTE;79;RAP ARTIGAS;PRIMER NIVEL;POLICLINICA;35971002;COMUNIDAD;SI;SI;SI;SI;NO;NO;NO;SI;NO;NO;NO;NO;NC;NO;NO;NO;NO;NO;NO;NO;NO;NO;NO;NO;NO;NO;N-C;N-C;NO;NO;NO;NO;NO;S-D;NO;NO;NO;NO;NO;NO;NO;NO;NO;NO;-30.7881714955217;-56.7834908976045;POINT (-56.783490897604544 -30.788171495521667)
186;2.16.858.0.0.2.1.1.5980294505201601044;POLICLINICA PASO FARIAS;POL. PASO FARIAS;NO;NORTE;ARTIGAS;PASO FARIAS;RURAL;2;945;5;201;601;294505201601044;2044;487961.624;6628386.116;-30.4766793023083, -57.125421374579425;RUTA 30  KM.;58;ALMACEN CASA ISABELINO;S-D;1;NORTE;REGION NORTE;79;RAP ARTIGAS;PRIMER NIVEL;POLICLINICA;35971002;COMUNIDAD;SI;SI;SI;NO;NO;NO;NO;NO;NO;NO;NO;NO;NC;NO;NO;NO;NO;NO;NO;NO;NO;NO;NO;NO;NO;NO;N-C;N-C;NO;NO;NO;NO;NO;S-D;NO;NO;NO;NO;NO;NO;NO;NO;NO;NO;-30.4766793023083;-57.1254213745794;POINT (-57.125421374579425 -30.4766793023083)
187;2.16.858.0.0.2.1.1.5980295704001005045;POLICLINICA TOPADOR;POL. TOPADOR;NO;NORTE;ARTIGAS;TOPADOR;RURAL;2;957;4;1;5;295704001005045;2045;517308.494;6648179.368;-30.298,-56.820;TOPADOR;S/N;FRENTE A CAIF MANITOS TRAVIESAS;S-D;1;NORTE;REGION NORTE;79;RAP ARTIGAS;PRIMER NIVEL;POLICLINICA;35971002;COMUNIDAD;SI;SI;SI;SI;NO;NO;NO;SI;NO;NO;NO;NO;NC;NO;NO;NO;NO;NO;NO;NO;NO;NO;NO;NO;NO;NO;N-C;N-C;NO;NO;NO;NO;NO;S-D;NO;NO;NO;NO;NO;NO;NO;NO;NO;NO;-30.298;-56.82;POINT (-56.82 -30.298)
188;2.16.858.0.0.2.1.1.5980295801427002046;POLICLINICA CERRO EJIDO;POL. CERRO EJIDO;NO;NORTE;ARTIGAS;CERRO EJIDO;RURAL;2;958;1;427;2;295801427002046;2046;551281.511;6633777.02;-30.427,-56.466;CERRO EJIDO CALLE 2;S/N;PRINCIPAL Y CALLE 6;1884-4230;1;NORTE;REGION NORTE;79;RAP ARTIGAS;PRIMER NIVEL;POLICLINICA;35971002;INTENDENCIA;SI;SI;SI;SI;NO;NO;NO;SI;NO;SI;SI;NO;NC;NO;NO;NO;NO;NO;NO;NO;NO;NO;NO;NO;NO;NO;N-C;N-C;NO;NO;NO;NO;NO;S-D;NO;NO;NO;NO;NO;NO;NO;NO;NO;NO;-30.427;-56.466;POINT (-56.466 -30.427)
189;2.16.858.0.0.2.1.1.5980295908205800047;POLICLINICA COLONIA PALMA;POL. COLONIA PALMA;NO;NORTE;ARTIGAS;COLONIA PALMA;RURAL;2;959;8;205;800;295908205800047;2047;434883.86;6616322.3;-30.58383012,-57.67914757;RUTA 3  KM.;596;SALON COMUNAL;47708220;1;NORTE;REGION NORTE;79;RAP ARTIGAS;PRIMER NIVEL;POLICLINICA;35971002;COMUNIDAD;SI;SI;SI;SI;NO;SI;NO;SI;NO;NO;SI;NO;NC;NO;NO;NO;NO;NO;NO;NO;NO;NO;NO;NO;NO;NO;N-C;N-C;NO;NO;NO;NO;NO;S-D;NO;NO;NO;NO;NO;NO;NO;NO;NO;NO;-30.58383012;-57.67914757;POINT (-57.67914757 -30.58383012)
191;2.16.858.0.0.2.1.1.5980352537227012002;POLICLINICA CENTRO DE BARRIO;POL. CENTRO DE BARRIO;NO;SUR;CANELONES;PASO CARRASCO;URBANA;3;525;37;227;12;352537227012002;3002;586561.525;6141851.516;-34.862,-56.053;CNO. CARRASCO;70;SERSALE;26011029;2;SUR;REGION SUR;2;RAP METROPOLITANA;PRIMER NIVEL;POLICLINICA;35971002;NO PERTENECE A ASSE;SI;NO;NO;NO;NO;NO;SI;NO;NO;NO;NO;NO;NC;NO;NO;NO;NO;NO;NO;NO;NO;NO;NO;NO;NO;NO;N-C;N-C;NO;NO;NO;NO;NO;NO;NO;NO;NO;NO;NO;NO;NO;NO;NO;NO;-34.862;-56.053;POINT (-56.053 -34.862)
192;2.16.858.0.0.2.1.1.5980372737129054003;POLICLINICA MELVIN JONES;POL. MELVIN JONES;NO;SUR;CANELONES;PARQUE CARRASCO;URBANA;3;727;37;129;54;372737129054003;3003;590931.13;6142126.74;-34.85913682,-56.00523183;CALIFORNIA;S-D;AMANECER;26822440;2;SUR;REGION SUR;2;RAP METROPOLITANA;PRIMER NIVEL;POLICLINICA;35971002;S-D;SI;SI;SI;SI;NO;NO;NO;SI;SI;NO;NO;NO;NC;SI;NO;NO;NO;NO;NO;NO;NO;NO;NO;NO;NO;NO;N-C;N-C;NO;NO;NO;NO;NO;NO;NO;NO;NO;NO;NO;NO;NO;NO;NO;NO;-34.85913682;-56.00523183;POINT (-56.00523183 -34.85913682)
193;2.16.858.0.0.2.1.1.5980322104007002004;HOSPITAL DE LAS PIEDRAS;HOSPITAL DE LAS PIEDRAS DR. ALFONSO ESPINOLA;NO;SUR;CANELONES;LAS PIEDRAS;URBANA;3;221;4;7;2;322104007002004;3004;571323.678;6157287.391;-34.724,-56.221;ESPINOLA;S-D;FERREIRA ALDUNATE;23657658;2;SUR;REGION SUR;62;HOSPITAL DE LAS PIEDRAS;SEGUNDO NIVEL;HOSPITAL;22232009;ASSE;NO;SI;SI;SI;SI;NO;NO;SI;SI;SI;SI;NO;NC;SI;SI;NO;SI;SI;NO;SI;NO;NO;NO;NO;SI;NO;SI;SI;SI;SI;SI;SI;SI;S-D;SI;SI;SI;SI;SI;NO;NO;NO;SI;SI;-34.724;-56.221;POINT (-56.221 -34.724)
194;2.16.858.0.0.2.1.1.5980322104008005005;POLICLINICA CORFRISA;POL. CORFRISA;NO;SUR;CANELONES;LAS PIEDRAS;URBANA;3;221;4;8;5;322104008005005;3005;571302.76;6157627.6;-34.72093381,-56.22125721;VIVIAN TRIAS;S-D;ESPINOLA;S-D;2;SUR;REGION SUR;57;RAP CANELONES;PRIMER NIVEL;POLICLINICA;35971002;INTENDENCIA;SI;SI;SI;SI;NO;NO;NO;SI;SI;NO;SI;NO;NC;NO;NO;NO;NO;NO;NO;NO;NO;NO;NO;NO;NO;NO;N-C;N-C;NO;NO;NO;NO;NO;S-D;NO;NO;NO;NO;NO;NO;NO;NO;NO;NO;-34.72093381;-56.22125721;POINT (-56.22125721 -34.72093381)
197;2.16.858.0.0.2.1.1.5980322104030015008;POLICLINICA HERTEN;POL. HERTEN;NO;SUR;CANELONES;LAS PIEDRAS;URBANA;3;221;4;30;15;322104030015008;3008;570481.218;6157465.623;-34.72245136093208, -56.23021553809401;PARAGUAY;S-D;RICALDONI;23636039;2;SUR;REGION SUR;57;RAP CANELONES;PRIMER NIVEL;POLICLINICA;35971002;COMODATO;SI;SI;SI;SI;NO;NO;SI;SI;SI;NO;NO;SI;MIERCOLES;NO;NO;NO;NO;NO;NO;NO;NO;NO;NO;NO;NO;NO;N-C;N-C;NO;NO;NO;NO;NO;S-D;NO;NO;NO;NO;NO;NO;NO;NO;NO;NO;-34.7224513609321;-56.230215538094;POINT (-56.23021553809401 -34.72245136093208)
198;2.16.858.0.0.2.1.1.5980322104023410009;POLICLINICA HIPODROMO;POL. HIPODROMO;NO;SUR;CANELONES;LAS PIEDRAS;URBANA;3;221;4;23;410;322104023410009;3009;572931.345;6156964.989;-34.72679354837202, -56.203414603731034;AVDA. DEL BICENTENARIO;S-D;HIPODROMO DE LAS PIEDRAS;23657493;2;SUR;REGION SUR;57;RAP CANELONES;PRIMER NIVEL;POLICLINICA;35971002;INTENDENCIA;SI;SI;SI;SI;NO;NO;SI;NO;SI;NO;NO;SI;MIERCOLES;NO;NO;NO;NO;NO;NO;NO;NO;NO;NO;NO;NO;NO;N-C;N-C;NO;NO;NO;NO;NO;S-D;NO;NO;NO;NO;NO;NO;NO;NO;NO;NO;-34.726793548372;-56.203414603731;POINT (-56.203414603731034 -34.72679354837202)
199;2.16.858.0.0.2.1.1.5980322104033022010;POLICLINICA LAURES;POL. LAURES;NO;SUR;CANELONES;LAS PIEDRAS;URBANA;3;221;4;33;22;322104033022010;3010;572462.08;6158048.16;-34.71706003,-56.20863273;VIRGEN DE LOURDES;S-D;LA GRUTA;S-D;2;SUR;REGION SUR;57;RAP CANELONES;PRIMER NIVEL;POLICLINICA;35971002;COMISION FOMENTO;SI;SI;SI;SI;NO;NO;NO;SI;SI;NO;NO;NO;NC;NO;NO;NO;NO;NO;NO;NO;NO;NO;NO;NO;NO;NO;N-C;N-C;NO;NO;NO;NO;NO;S-D;NO;NO;NO;NO;NO;NO;NO;NO;NO;NO;-34.71706003;-56.20863273;POINT (-56.20863273 -34.71706003)
200;2.16.858.0.0.2.1.1.5980322104134021011;POLICLINICA OBELISCO;POL. OBELISCO;NO;SUR;CANELONES;LAS PIEDRAS;URBANA;3;221;4;134;21;322104134021011;3011;573720.82;6157952.29;-34.71783443,-56.19487865;SIMON BOLIVAR;120;SAN LUIS;23649284;2;SUR;REGION SUR;57;RAP CANELONES;PRIMER NIVEL;POLICLINICA;35971002;ASSE;SI;SI;SI;SI;NO;SI;SI;SI;SI;SI;SI;SI;VIERNES;NO;NO;NO;NO;NO;NO;NO;NO;NO;NO;NO;NO;NO;N-C;N-C;NO;NO;SI;SI;SI;S-D;SI;NO;NO;NO;NO;NO;NO;NO;NO;NO;-34.71783443;-56.19487865;POINT (-56.19487865 -34.71783443)
204;2.16.858.0.0.2.1.1.5980322104228020015;POLICLINICA VILLA JUANITA;POL. VILLA JUANITA;NO;SUR;CANELONES;LAS PIEDRAS;URBANA;3;221;4;228;20;322104228020015;3015;571814.16;6155164.46;-34.74310811,-56.21546248;JULIO SOSA;997;D. CASTILLA;23655513;2;SUR;REGION SUR;57;RAP CANELONES;PRIMER NIVEL;POLICLINICA;35971002;COMISION FOMENTO;SI;SI;SI;SI;NO;SI;NO;SI;SI;NO;NO;NO;NC;NO;NO;NO;NO;NO;NO;NO;NO;NO;NO;NO;NO;NO;N-C;N-C;NO;NO;NO;NO;NO;S-D;NO;NO;NO;NO;NO;NO;NO;NO;NO;NO;-34.74310811;-56.21546248;POINT (-56.21546248 -34.74310811)
205;2.16.858.0.0.2.1.1.5980322104138600016;POLICLINICA VISTA LINDA;POL. VISTA LINDA;NO;SUR;CANELONES;LAS PIEDRAS;URBANA;3;221;4;138;600;322104138600016;3016;571568.01;6160563.2;-34.69444482,-56.21860949;MAGALLANES;S-D;ASENCIO;23648475;2;SUR;REGION SUR;57;RAP CANELONES;PRIMER NIVEL;POLICLINICA;35971002;COMISION FOMENTO;SI;SI;SI;SI;NO;SI;SI;SI;SI;SI;NO;SI;LUNES;NO;NO;NO;NO;NO;NO;NO;NO;NO;NO;NO;NO;NO;N-C;N-C;NO;NO;NO;SI;SI;S-D;NO;NO;NO;NO;NO;NO;NO;NO;NO;NO;-34.69444482;-56.21860949;POINT (-56.21860949 -34.69444482)
207;2.16.858.0.0.2.1.1.5980332001013017019;CENTRO DEPARTAMENTAL CANELONES;HOSPITAL DE CANELONES;NO;SUR;CANELONES;CANELONES;URBANA;3;320;1;13;17;332001013017019;3019;565738.12;6180467.19;-34.51535563,-56.28379921;GERSON TAUBE;1073;CENDAN;43323288;2;SUR;REGION SUR;16;CENTRO DEPARTAMENTAL CANELONES;SEGUNDO NIVEL;HOSPITAL;22232009;ASSE;NO;SI;SI;SI;NO;SI;NO;SI;SI;SI;SI;NO;NC;SI;SI;NO;SI;SI;NO;NO;NO;NO;NO;NO;SI;NO;SI;NO;SI;SI;SI;SI;SI;S-D;SI;SI;SI;SI;SI;SI;NO;NO;SI;SI;-34.51535563;-56.28379921;POINT (-56.28379921 -34.51535563)
211;2.16.858.0.0.2.1.1.5980332105007007023;POLICLINICA ANTELO;POL. JUNTA LOCAL VIEJA;NO;SUR;CANELONES;LA PAZ;URBANA;3;321;5;7;7;332105007007023;3023;570559.54;6155432.87;-34.74077532,-56.22919001;VALDENEGRO;S-D;PARAGUAY;23641586;2;SUR;REGION SUR;57;RAP CANELONES;PRIMER NIVEL;POLICLINICA;35971002;S-D;SI;SI;SI;SI;NO;NO;NO;SI;SI;NO;NO;NO;NC;NO;NO;NO;NO;NO;NO;NO;NO;NO;NO;NO;NO;NO;N-C;N-C;NO;NO;NO;NO;NO;S-D;NO;NO;NO;NO;NO;NO;NO;NO;NO;NO;-34.74077532;-56.22919001;POINT (-56.22919001 -34.74077532)
212;2.16.858.0.0.2.1.1.5980332105006008024;POLICLINICA LA PAZ;POL. LA PAZ;NO;SUR;CANELONES;LA PAZ;URBANA;3;321;5;6;8;332105006008024;3024;570775.9;6153629.32;-34.75702297,-56.22667505;EMILIO ANDREON;S-D;GARIBALDI;23622486;2;SUR;REGION SUR;57;RAP CANELONES;PRIMER NIVEL;POLICLINICA;35971002;ASSE;SI;SI;SI;SI;NO;SI;SI;SI;SI;SI;SI;SI;LUNES;SI;NO;NO;NO;NO;NO;NO;NO;NO;NO;NO;NO;NO;N-C;N-C;NO;NO;SI;SI;SI;S-D;SI;NO;NO;NO;NO;NO;NO;NO;NO;NO;-34.75702297;-56.22667505;POINT (-56.22667505 -34.75702297)
213;2.16.858.0.0.2.1.1.5980332105004001025;POLICLINICA TISCORNIA;POL. TISCORNIA;NO;SUR;CANELONES;LA PAZ;URBANA;3;321;5;4;1;332105004001025;3025;570180.14;6153209.42;-34.76085035,-56.23314903;MANUEL TISCORNIA;S-D;JUAN ZORRILLA DE SAN MARTIN;23621543;2;SUR;REGION SUR;57;RAP CANELONES;PRIMER NIVEL;POLICLINICA;35971002;COMISION FOMENTO;SI;SI;SI;SI;NO;SI;NO;SI;SI;NO;NO;NO;NC;NO;NO;NO;NO;NO;NO;NO;NO;NO;NO;NO;NO;NO;N-C;N-C;NO;NO;NO;NO;NO;S-D;NO;NO;NO;NO;NO;NO;NO;NO;NO;NO;-34.76085035;-56.23314903;POINT (-56.23314903 -34.76085035)
214;2.16.858.0.0.2.1.1.5980332227009005026;HOSPITAL DE PANDO;HOSPITAL DE PANDO;NO;SUR;CANELONES;PANDO;URBANA;3;322;27;9;5;332227009005026;3026;595638.05;6157438.79;-34.72064756,-55.95548870;DR. CORRECH;1149;TREINTA Y TRES;22925974;2;SUR;REGION SUR;50;HOSPITAL DE PANDO;SEGUNDO NIVEL;HOSPITAL;22232009;ASSE;NO;SI;SI;SI;NO;NO;SI;SI;SI;NO;SI;NO;NC;SI;SI;NO;SI;NO;NO;NO;NO;NO;NO;NO;SI;NO;SI;NO;NO;NO;SI;SI;SI;S-D;SI;SI;SI;SI;SI;SI;NO;NO;SI;SI;-34.72064756;-55.9554887;POINT (-55.9554887 -34.72064756)
215;2.16.858.0.0.2.1.1.5980332227211043027;POLICLINICA BARRIO ESTADIO;POL. BARRIO ESTADIO;NO;SUR;CANELONES;PANDO;URBANA;3;322;27;211;43;332227211043027;3027;595249.928;6158852.857;-34.70793403296334, -55.959886649351375;25 DE AGOSTO;S-D;FLORIDA;22920623;2;SUR;REGION SUR;57;RAP CANELONES;PRIMER NIVEL;POLICLINICA;35971002;S-D;SI;SI;SI;SI;NO;SI;SI;SI;NO;SI;NO;NO;NC;NO;NO;NO;NO;NO;NO;NO;NO;NO;NO;NO;NO;NO;N-C;N-C;NO;NO;SI;SI;SI;S-D;SI;NO;NO;NO;NO;NO;NO;NO;NO;NO;-34.7079340329633;-55.9598866493514;POINT (-55.959886649351375 -34.70793403296334)
216;2.16.858.0.0.2.1.1.5980332227002010028;CENTRO DE PROMOCION SOCIAL Y DE SALUD BPS - PANDO;BPS PANDO;NO;SUR;CANELONES;PANDO;URBANA;3;322;27;2;10;332227002010028;3028;594908.72;6157736.22;-34.71803378,-55.96348640;BALTASAR BRUM;881;GRAL. GARIBALDI;22925465;2;SUR;REGION SUR;57;RAP CANELONES;PRIMER NIVEL;POLICLINICA;35971002;BPS;SI;SI;SI;SI;NO;SI;SI;SI;SI;SI;NO;NO;NC;NO;NO;NO;NO;NO;NO;NO;NO;NO;NO;NO;NO;NO;N-C;N-C;NO;NO;SI;SI;SI;S-D;SI;NO;NO;NO;NO;NO;NO;NO;NO;NO;-34.71803378;-55.9634864;POINT (-55.9634864 -34.71803378)
217;2.16.858.0.0.2.1.1.5980332302006009030;CENTRO AUXILIAR SANTA LUCIA;CENTRO AUXILIAR SANTA LUCIA;NO;SUR;CANELONES;SANTA LUCIA;URBANA;3;323;2;6;9;332302006009030;3030;556403.987;6186773.037;-34.45904542447837, -56.385903626881614;L. A. DE HERRERA;S/N;BOLIVIA;43347655;2;SUR;REGION SUR;57;RAP CANELONES;PRIMER NIVEL;CENTRO DE SALUD;264361005;ASSE;SI;SI;SI;SI;NO;SI;SI;SI;SI;SI;SI;SI;LUNES 11 A 16 HS;SI;NO;SI;SI;NO;NO;NO;NO;NO;NO;NO;NO;N-C;NO;NO;NO;NO;SI;SI;SI;S-D;SI;SI;SI;SI;SI;NO;NO;NO;SI;NO;-34.4590454244784;-56.3859036268816;POINT (-56.385903626881614 -34.45904542447837)
220;2.16.858.0.0.2.1.1.5980342104048018033;POLICLINICA PROGRESO;POL. PROGRESO;NO;SUR;CANELONES;PROGRESO;URBANA;3;421;4;48;18;342104048018033;3033;571885.23;6163376.844;-34.669051763976974, -56.2153856486771;MALDONADO;S-D;REPUBLICA ARGENTINA;23689032;2;SUR;REGION SUR;57;RAP CANELONES;PRIMER NIVEL;POLICLINICA;35971002;ASSE;SI;SI;SI;SI;NO;SI;SI;SI;SI;SI;SI;NO;NC;NO;NO;NO;NO;NO;NO;NO;NO;NO;NO;NO;NO;NO;N-C;N-C;NO;NO;SI;SI;SI;S-D;SI;NO;NO;NO;NO;NO;NO;NO;NO;NO;-34.669051763977;-56.2153856486771;POINT (-56.2153856486771 -34.669051763976974)
221;2.16.858.0.0.2.1.1.5980342104244011034;POLICLINICA VILLA ALEGRIA;POL. VILLA ALEGRIA;NO;SUR;CANELONES;PROGRESO;URBANA;3;421;4;244;11;342104244011034;3034;571705.83;6162120.98;-34.68038853,-56.21723705;LOS ALGARROBOS;S-D;CICLAMOR;23693957;2;SUR;REGION SUR;57;RAP CANELONES;PRIMER NIVEL;POLICLINICA;35971002;COMISION FOMENTO;SI;SI;SI;SI;NO;NO;NO;SI;SI;NO;NO;NO;NC;NO;NO;NO;NO;NO;NO;NO;NO;NO;NO;NO;NO;NO;N-C;N-C;NO;NO;NO;NO;NO;S-D;NO;NO;NO;NO;NO;NO;NO;NO;NO;NO;-34.68038853;-56.21723705;POINT (-56.21723705 -34.68038853)
222;2.16.858.0.0.2.1.1.5980342211001410035;CENTRO AUXILIAR SAN RAMON;CENTRO AUXILIAR SAN RAMON;NO;SUR;CANELONES;SAN RAMON;URBANA;3;422;11;1;410;342211001410035;3035;595984.77;6205058.47;-34.29124411,-55.95706525;BATLLE Y ORDONEZ;S-D;JOSE ENRIQUE RODO;43122156;2;SUR;REGION SUR;57;RAP CANELONES;PRIMER NIVEL;CENTRO DE SALUD;264361005;ASSE;SI;SI;SI;SI;NO;SI;SI;SI;SI;SI;SI;NO;NC;SI;NO;SI;SI;NO;NO;NO;NO;NO;NO;NO;NO;N-C;NO;NO;NO;NO;SI;SI;SI;S-D;SI;SI;SI;SI;SI;NO;NO;NO;NO;SI;-34.29124411;-55.95706525;POINT (-55.95706525 -34.29124411)
227;2.16.858.0.0.2.1.1.5980352137319704041;POLICLINICA 6 DE SETIEMBRE;POL. 6 DE SETIEMBRE;NO;SUR;CANELONES;BARROS BLANCOS;URBANA;3;521;37;319;704;352137319704041;3041;593106.881;6154665.639;-34.74588526364802, -55.9828226602725;PABLO NERUDA;S-D;HORACIO QUIROGA;22885362;2;SUR;REGION SUR;57;RAP CANELONES;PRIMER NIVEL;POLICLINICA;35971002;S-D;SI;SI;SI;SI;NO;NO;SI;SI;NO;SI;NO;NO;NC;NO;NO;NO;NO;NO;NO;NO;NO;NO;NO;NO;NO;NO;N-C;N-C;NO;NO;NO;NO;NO;S-D;NO;NO;NO;NO;NO;NO;NO;NO;NO;NO;-34.745885263648;-55.9828226602725;POINT (-55.9828226602725 -34.74588526364802)
229;2.16.858.0.0.2.1.1.5980352137517036043;POLICLINICA PASO ESCOBAR;POL. ENTRE TODOS;NO;SUR;CANELONES;BARROS BLANCOS;URBANA;3;521;37;517;36;352137517036043;3043;591141.31;6151777.47;-34.77210366,-56.00398060;CANELONES;S-D;TOLEDO;22886958;2;SUR;REGION SUR;57;RAP CANELONES;PRIMER NIVEL;POLICLINICA;35971002;S-D;SI;SI;SI;SI;NO;SI;SI;NO;NO;SI;NO;SI;JUEVES 9 A 16 HS;NO;NO;NO;NO;NO;NO;NO;NO;NO;NO;NO;NO;NO;N-C;N-C;NO;NO;NO;SI;SI;S-D;SI;NO;NO;NO;NO;NO;NO;NO;NO;NO;-34.77210366;-56.0039806;POINT (-56.0039806 -34.77210366)
230;2.16.858.0.0.2.1.1.5980352116108024044;POLICLINICA HURACAN SIRE;POL. HURACAN SIRE;NO;SUR;CANELONES;BARROS BLANCOS;URBANA;3;521;16;108;24;352116108024044;3044;590247.412;6154126.865;-34.751,-56.014;18 DE JULIO;S-D;RINCON;22885978;2;SUR;REGION SUR;57;RAP CANELONES;PRIMER NIVEL;POLICLINICA;35971002;S-D;SI;SI;SI;SI;NO;NO;SI;NO;NO;SI;NO;NO;NC;NO;NO;NO;NO;NO;NO;NO;NO;NO;NO;NO;NO;NO;N-C;N-C;NO;NO;NO;NO;NO;S-D;NO;NO;NO;NO;NO;NO;NO;NO;NO;NO;-34.751;-56.014;POINT (-56.014 -34.751)
232;2.16.858.0.0.2.1.1.5980352137318603046;POLICLINICA VENTURA;POL BARROS BLANCOS;NO;SUR;CANELONES;BARROS BLANCOS;URBANA;3;521;37;318;603;352137318603046;3046;591259.519;6153100.763;-34.76008866,-56.00291046;CNO. VENTURA;S-D;LAS CAMELIAS;22885205;2;SUR;REGION SUR;57;RAP CANELONES;PRIMER NIVEL;POLICLINICA;35971002;S-D;SI;SI;SI;SI;NO;SI;SI;SI;NO;SI;NO;NO;NC;NO;NO;NO;NO;NO;NO;NO;NO;NO;NO;NO;NO;NO;N-C;N-C;NO;NO;SI;SI;SI;S-D;SI;NO;NO;NO;NO;NO;NO;NO;NO;NO;-34.76008866;-56.00291046;POINT (-56.00291046 -34.76008866)
233;2.16.858.0.0.2.1.1.5980352237117060047;CONSULTORIO EL REMANSO;CONS. EL REMANSO;NO;SUR;CANELONES;BARROS BLANCOS;RURAL;3;522;37;117;60;352237117060047;3047;589468.04;6151045.87;-34.77884831,-56.02218638;BANADO DE ORO;S-D;ARROYO YERBAL;S-D;2;SUR;REGION SUR;57;RAP CANELONES;PRIMER NIVEL;POLICLINICA;35971002;S-D;SI;SI;SI;SI;NO;NO;SI;NO;NO;NO;NO;NO;NC;NO;NO;NO;NO;NO;NO;NO;NO;NO;NO;NO;NO;NO;N-C;N-C;NO;NO;NO;NO;NO;S-D;NO;NO;NO;NO;NO;NO;NO;NO;NO;NO;-34.77884831;-56.02218638;POINT (-56.02218638 -34.77884831)
234;2.16.858.0.0.2.1.1.5980352237517030048;POLICLINICA LA LOMA;CENTRO CIVICO SALVADOR ALLENDE;NO;SUR;CANELONES;BARROS BLANCOS;RURAL;3;522;37;517;30;352237517030048;3048;589613.816;6152475.264;-34.765947468812456, -56.02074565273339;RUTA 8 KM 23500;23500;CNO. AL PASO ESCOBAR;22887475;2;SUR;REGION SUR;57;RAP CANELONES;PRIMER NIVEL;POLICLINICA;35971002;S-D;SI;SI;SI;SI;NO;NO;SI;NO;SI;SI;SI;NO;NC;NO;NO;NO;NO;NO;NO;NO;NO;NO;NO;NO;NO;NO;N-C;N-C;NO;NO;SI;SI;SI;S-D;SI;NO;NO;NO;NO;NO;NO;NO;NO;NO;-34.7659474688125;-56.0207456527334;POINT (-56.02074565273339 -34.765947468812456)
237;2.16.858.0.0.2.1.1.5980352337031006051;POLICLINICA COLONIA NICOLICH;POL. COLONIA NICOLICH;NO;SUR;CANELONES;COLONIA NICOLICH;URBANA;3;523;37;31;6;352337031006051;3051;587418.301;6147025.836;-34.81527279629407, -56.04416732090776;PONCHITESTA;S-D;TOMAS BERRETA;26838858;2;SUR;REGION SUR;2;RAP METROPOLITANA;PRIMER NIVEL;POLICLINICA;35971002;ASSE;SI;SI;SI;SI;NO;NO;SI;NO;SI;NO;NO;NO;NC;SI;NO;NO;NO;NO;NO;NO;NO;NO;NO;NO;NO;NO;N-C;N-C;NO;NO;NO;NO;NO;NO;NO;NO;NO;NO;NO;NO;NO;NO;NO;NO;-34.8152727962941;-56.0441673209078;POINT (-56.04416732090776 -34.81527279629407)
238;2.16.858.0.0.2.1.1.5980352337232418052;CENTRO CIVICO NICOLICH;POL. EMPALME NICOLICH;NO;SUR;CANELONES;COLONIA NICOLICH;URBANA;3;523;37;232;418;352337232418052;3052;590690.563;6146344.266;-34.821131776661964, -56.00831939134203;RUTA 101;KM 21200;RUTA 102;26839586;2;SUR;REGION SUR;2;RAP METROPOLITANA;PRIMER NIVEL;POLICLINICA;35971002;ASSE;SI;SI;SI;SI;NO;SI;SI;SI;SI;SI;SI;SI;MIERCOLES;NO;NO;NO;NO;NO;NO;NO;NO;NO;NO;NO;NO;NO;N-C;N-C;NO;;SI;SI;NO;SI;SI;SI;NO;NO;NO;NO;NO;NO;NO;NO;-34.821131776662;-56.008319391342;POINT (-56.00831939134203 -34.821131776661964)
239;2.16.858.0.0.2.1.1.5980352416001018053;POLICLINICA JOAQUIN SUAREZ;POL. JOAQUIN SUAREZ;NO;SUR;CANELONES;JOAQUIN SUAREZ;URBANA;3;524;16;1;18;352416001018053;3053;588363.71;6155779.93;-34.73625998,-56.03475119;CNO. DEL ESTE;S-D;ROMULO CARLO;22970091;2;SUR;REGION SUR;57;RAP CANELONES;PRIMER NIVEL;POLICLINICA;35971002;S-D;SI;SI;SI;SI;NO;SI;SI;SI;SI;SI;NO;NO;NC;SI;NO;SI;SI;NO;NO;NO;NO;NO;NO;NO;NO;NO;N-C;N-C;NO;NO;SI;SI;SI;S-D;SI;NO;NO;NO;NO;NO;NO;NO;NO;NO;-34.73625998;-56.03475119;POINT (-56.03475119 -34.73625998)
240;2.16.858.0.0.2.1.1.5980352427312031054;POLICLINICA TALAR;POL. TALAR;NO;SUR;CANELONES;PANDO;URBANA;3;524;27;312;31;352427312031054;3054;593650.95;6157985.99;-34.71589791,-55.97724848;WASHINGTON FURRIOL;S-D;19 DE JUNIO;22928965;2;SUR;REGION SUR;57;RAP CANELONES;PRIMER NIVEL;POLICLINICA;35971002;S-D;SI;SI;SI;SI;NO;SI;SI;SI;NO;NO;SI;NO;NC;SI;NO;NO;NO;NO;NO;NO;NO;NO;NO;NO;NO;NO;N-C;N-C;NO;NO;SI;SI;SI;S-D;SI;NO;NO;NO;NO;NO;NO;NO;NO;NO;-34.71589791;-55.97724848;POINT (-55.97724848 -34.71589791)
241;2.16.858.0.0.2.1.1.5980352537126040055;CENTRO DE SALUD MONTERREY;C. S. MONTERREY;NO;SUR;CANELONES;PASO CARRASCO;URBANA;3;525;37;126;40;352537126040055;3055;586624.796;6142134.194;-34.85944585701658, -56.05233712114478;GRAL. SAN MARTIN;S/N;CALCAGNO;26056337 - 26057350;2;SUR;REGION SUR;2;RAP METROPOLITANA;PRIMER NIVEL;CENTRO DE SALUD;264361005;S-D;SI;SI;SI;SI;NO;SI;SI;SI;SI;SI;SI;NO;NC;SI;NO;SI;SI;NO;NO;NO;NO;NO;NO;NO;NO;N-C;NO;NO;NO;NO;SI;SI;NO;SI;SI;SI;NO;NO;NO;NO;NO;NO;NO;NO;-34.8594458570166;-56.0523371211448;POINT (-56.05233712114478 -34.85944585701658)
242;2.16.858.0.0.2.1.1.5980352613005008056;POLICLINICA SANTA ROSA;POL. SANTA ROSA;NO;SUR;CANELONES;SANTA ROSA;RURAL;3;526;13;5;8;352613005008056;3056;588124;6182350.35;-34.49670219,-56.04013159;18 DE JULIO;S-D;JOSE BATLLE Y ORDONEZ;43132842;2;SUR;REGION SUR;57;RAP CANELONES;PRIMER NIVEL;POLICLINICA;35971002;ASSE;SI;SI;SI;SI;NO;NO;SI;NO;SI;SI;SI;SI;LUNES Y MIERCOLES;NO;NO;NO;NO;NO;NO;NO;NO;NO;NO;NO;NO;NO;N-C;N-C;NO;NO;SI;SI;SI;S-D;SI;NO;NO;NO;NO;NO;NO;NO;NO;NO;-34.49670219;-56.04013159;POINT (-56.04013159 -34.49670219)
243;2.16.858.0.0.2.1.1.5980352706003005057;POLICLINICA SAUCE;POL. SAUCE;NO;SUR;CANELONES;SAUCE;URBANA;3;527;6;3;5;352706003005057;3057;585819.6;6165470.58;-34.64909939,-56.06352348;AVDA. PONCE DE LEON;S-D;CNEL. PEIRAN;22940514;2;SUR;REGION SUR;57;RAP CANELONES;PRIMER NIVEL;POLICLINICA;35971002;S-D;SI;SI;SI;SI;NO;SI;SI;SI;SI;SI;SI;NO;NC;SI;NO;NO;NO;NO;NO;NO;NO;NO;NO;NO;NO;NO;N-C;N-C;NO;NO;NO;SI;NO;S-D;SI;NO;NO;NO;NO;NO;NO;NO;NO;NO;-34.64909939;-56.06352348;POINT (-56.06352348 -34.64909939)
244;2.16.858.0.0.2.1.1.5980352810004013058;CENTRO AUXILIAR TALA;CENTRO AUXILIAR TALA;NO;SUR;CANELONES;TALA;URBANA;3;528;10;4;13;352810004013058;3058;613695.74;6198647.81;-34.34725587,-55.76381354;J. ALONSO Y TRELLES;S-D;AVDA. ARTIGAS;23152700 - 43152662;2;SUR;REGION SUR;57;RAP CANELONES;PRIMER NIVEL;CENTRO DE SALUD;264361005;ASSE;SI;SI;SI;SI;NO;SI;SI;SI;SI;SI;SI;SI;2DO Y 4? MIERCOLES;SI;NO;SI;SI;NO;NO;NO;NO;NO;NO;NO;NO;N-C;NO;NO;NO;NO;SI;SI;SI;S-D;SI;SI;SI;SI;NO;NO;NO;NO;SI;SI;-34.34725587;-55.76381354;POINT (-55.76381354 -34.34725587)
245;2.16.858.0.0.2.1.1.5980352906014006059;POLICLINICA LA CAPILLA;POL. LA CAPILLA;NO;SUR;CANELONES;VILLA CRESPO Y SAN ANDRES;URBANA;3;529;6;14;6;352906014006059;3059;581520.456;6155644.714;-34.73804858904661, -56.10948268515224;JOSE GORGONIO AGUILAR;21;MANUEL CALLEROS;22969037;2;SUR;REGION SUR;57;RAP CANELONES;PRIMER NIVEL;POLICLINICA;35971002;S-D;SI;SI;SI;SI;NO;SI;SI;NO;NO;NO;NO;NO;NC;SI;NO;NO;NO;NO;NO;NO;NO;NO;NO;NO;NO;NO;N-C;N-C;NO;NO;NO;NO;NO;S-D;NO;NO;NO;NO;NO;NO;NO;NO;NO;NO;-34.7380485890466;-56.1094826851522;POINT (-56.10948268515224 -34.73804858904661)
246;2.16.858.0.0.2.1.1.5980352906015008060;POLICLINICA MANO CON MANO;POL. MANO CON MANO;NO;SUR;CANELONES;VILLA CRESPO Y SAN ANDRES;URBANA;3;529;6;15;8;352906015008060;3060;582486.581;6155405.752;-34.74012563335266, -56.09890663816268;AVDA. HUGO MENDEZ;S-D;BLAS BASUALDO;22966667;2;SUR;REGION SUR;57;RAP CANELONES;PRIMER NIVEL;POLICLINICA;35971002;S-D;SI;SI;SI;SI;NO;SI;SI;NO;NO;NO;NO;NO;NC;SI;NO;NO;NO;NO;NO;NO;NO;NO;NO;NO;NO;NO;N-C;N-C;NO;NO;SI;SI;SI;S-D;SI;NO;NO;NO;NO;NO;NO;NO;NO;NO;-34.7401256333527;-56.0989066381627;POINT (-56.09890663816268 -34.74012563335266)
247;2.16.858.0.0.2.1.1.5980353016214031061;POLICLINICA CASARINO;POL. CASARINO;NO;SUR;CANELONES;FRACC. CNO.DEL ANDALUZ Y R.84;URBANA;3;530;16;214;31;353016214031061;3061;584933.56;6153988.96;-34.75269966,-56.07203576;CNO. DEL ANDALUZ;S-D;LOS PINOS;22965793;2;SUR;REGION SUR;57;RAP CANELONES;PRIMER NIVEL;POLICLINICA;35971002;S-D;SI;SI;SI;SI;NO;SI;SI;SI;SI;NO;NO;NO;NC;SI;NO;NO;NO;NO;NO;NO;NO;NO;NO;NO;NO;NO;N-C;N-C;NO;NO;NO;SI;SI;S-D;SI;NO;NO;NO;NO;NO;NO;NO;NO;NO;-34.75269966;-56.07203576;POINT (-56.07203576 -34.75269966)
249;2.16.858.0.0.2.1.1.5980362117059007063;POLICLINICA ATLANTIDA CCOU;POL. ATLANTIDA CCOU;NO;SUR;CANELONES;ATLANTIDA;URBANA;3;621;17;59;7;362117059007063;3063;612884.99;6152012.93;-34.76780524,-55.76643487;CALLE 2;S-D;CALLE 4;43720286;2;SUR;REGION SUR;57;RAP CANELONES;PRIMER NIVEL;POLICLINICA;35971002;S-D;SI;SI;SI;SI;NO;SI;NO;SI;SI;NO;NO;NO;NC;SI;NO;NO;NO;NO;NO;NO;NO;NO;NO;NO;NO;NO;N-C;N-C;NO;NO;NO;SI;NO;S-D;NO;NO;NO;NO;NO;NO;NO;NO;NO;NO;-34.76780524;-55.76643487;POINT (-55.76643487 -34.76780524)
250;2.16.858.0.0.2.1.1.5980362217024006064;POLICLINICA ESTACION ATLANTIDA;POL. ESTACION ATLANTIDA;NO;SUR;CANELONES;ESTACION ATLANTIDA;RURAL;3;622;17;24;6;362217024006064;3064;613414.917;6154646.83;-34.744,-55.761;CNO. A PARQUE DEL PLATA;S-D;LOS LIRIOS;43726689;2;SUR;REGION SUR;57;RAP CANELONES;PRIMER NIVEL;POLICLINICA;35971002;S-D;SI;SI;SI;SI;NO;SI;SI;NO;SI;NO;NO;NO;NC;SI;NO;NO;NO;NO;NO;NO;NO;NO;NO;NO;NO;NO;N-C;N-C;NO;NO;SI;SI;SI;S-D;SI;NO;NO;NO;NO;NO;NO;NO;NO;NO;-34.744;-55.761;POINT (-55.761 -34.744)
251;2.16.858.0.0.2.1.1.5980362403002010065;POLICLINICA LOS CERRILLOS;POL. LOS CERRILLOS;NO;SUR;CANELONES;LOS CERRILLOS;RURAL;3;624;3;2;10;362403002010065;3065;558463.673;6170132.467;-34.60898829371389, -56.36233702824004;RUTA 36 KM;S-D;MAXIMO TAJES;43362865;2;SUR;REGION SUR;57;RAP CANELONES;PRIMER NIVEL;POLICLINICA;35971002;ASSE;SI;SI;SI;SI;NO;SI;SI;SI;SI;NO;NO;NO;NC;SI;NO;NO;NO;NO;NO;NO;NO;NO;NO;NO;NO;NO;N-C;N-C;NO;NO;SI;SI;SI;S-D;SI;NO;NO;NO;NO;NO;NO;NO;NO;NO;-34.6089882937139;-56.36233702824;POINT (-56.36233702824004 -34.60898829371389)
252;2.16.858.0.0.2.1.1.5980362527021007066;POLICLINICA EMPALME OLMOS;POL. EMPALME OLMOS;NO;SUR;CANELONES;EMPALME OLMOS;RURAL;3;625;27;21;7;362527021007066;3066;600581.63;6161090.79;-34.68724549,-55.90194115;GASTON ROSAS;S-D;DEOLINDA DE POLLERO;22956074;2;SUR;REGION SUR;57;RAP CANELONES;PRIMER NIVEL;POLICLINICA;35971002;S-D;SI;SI;SI;SI;NO;SI;SI;SI;NO;NO;NO;NO;NC;NO;NO;NO;NO;NO;NO;NO;NO;NO;NO;NO;NO;NO;N-C;N-C;NO;NO;NO;SI;SI;S-D;SI;NO;NO;NO;NO;NO;NO;NO;NO;NO;-34.68724549;-55.90194115;POINT (-55.90194115 -34.68724549)
253;2.16.858.0.0.2.1.1.5980362609101007067;POLICLINICA MIGUES;POL. MIGUES;NO;SUR;CANELONES;MIGUES;RURAL;3;626;9;101;7;362609101007067;3067;625475.4;6183007.89;-34.48690133,-55.63347449;URUGUAY;S-D;25 DE AGOSTO;43172123;2;SUR;REGION SUR;57;RAP CANELONES;PRIMER NIVEL;POLICLINICA;35971002;ASSE;SI;SI;SI;SI;NO;NO;SI;SI;SI;NO;SI;NO;NC;NO;NO;NO;NO;NO;NO;NO;NO;NO;NO;NO;NO;NO;N-C;N-C;NO;NO;SI;SI;SI;S-D;SI;NO;NO;NO;NO;NO;NO;NO;NO;NO;-34.48690133;-55.63347449;POINT (-55.63347449 -34.48690133)
254;2.16.858.0.0.2.1.1.5980362717201033068;CENTRO DE SALUD PARQUE DEL PLATA;C.S. PARQUE DEL PLATA;NO;SUR;CANELONES;PARQUE DEL PLATA;URBANA;3;627;17;201;33;362717201033068;3068;618764.812;6152941.842;-34.75876277,-55.70232765;DIAGONAL 11;S-D;ZORRILLA DE SAN MARTIN;43753773;2;SUR;REGION SUR;57;RAP CANELONES;PRIMER NIVEL;CENTRO DE SALUD;264361005;S-D;SI;SI;SI;SI;NO;SI;SI;SI;SI;SI;NO;NO;NC;SI;NO;SI;SI;NO;NO;NO;NO;NO;NO;NO;NO;N-C;NO;NO;NO;NO;SI;SI;SI;S-D;SI;NO;NO;NO;NO;NO;NO;NO;NO;NO;-34.75876277;-55.70232765;POINT (-55.70232765 -34.75876277)
255;2.16.858.0.0.2.1.1.5980362717270022069;POLICLINICA PARQUE DEL PLATA NORTE;POL. PARQUE DEL PLATA NORTE;NO;SUR;CANELONES;PARQUE DEL PLATA;URBANA;3;627;17;270;22;362717270022069;3069;617591.54;6154620.47;-34.74376494,-55.71537879;CALLE W;S-D;CALLE 24;43752407;2;SUR;REGION SUR;57;RAP CANELONES;PRIMER NIVEL;POLICLINICA;35971002;S-D;SI;SI;SI;SI;NO;NO;SI;NO;NO;NO;NO;NO;NC;SI;NO;NO;NO;NO;NO;NO;NO;NO;NO;NO;NO;NO;N-C;N-C;NO;NO;NO;NO;NO;S-D;NO;NO;NO;NO;NO;NO;NO;NO;NO;NO;-34.74376494;-55.71537879;POINT (-55.71537879 -34.74376494)
256;2.16.858.0.0.2.1.1.5980362812002011070;POLICLINICA SAN BAUTISTA;POL. SAN BAUTISTA;NO;SUR;CANELONES;SAN BAUTISTA;RURAL;3;628;12;2;11;362812002011070;3070;595542.216;6188232.826;-34.443,-55.960;JUSTO ALVAREZ;S-D;DR. YAMANDU MOURAT;43136065;2;SUR;REGION SUR;57;RAP CANELONES;PRIMER NIVEL;POLICLINICA;35971002;ASSE;SI;SI;SI;SI;NO;NO;SI;NO;SI;SI;SI;NO;NC;SI;NO;NO;NO;NO;NO;NO;NO;NO;NO;NO;NO;NO;N-C;N-C;NO;NO;SI;SI;SI;S-D;SI;NO;NO;NO;NO;NO;NO;NO;NO;NO;-34.443;-55.96;POINT (-55.96 -34.443)
257;2.16.858.0.0.2.1.1.5980362914003002071;POLICLINICA SAN JACINTO;POL. SAN JACINTO;NO;SUR;CANELONES;SAN JACINTO;RURAL;3;629;14;3;2;362914003002071;3071;603697.113;6176769.187;-34.54557399002237, -55.86985275593282;MARIA VERA;S-D;GRAL. JOSE GERVASIO ARTIGAS;43992805;2;SUR;REGION SUR;57;RAP CANELONES;PRIMER NIVEL;POLICLINICA;35971002;ASSE;SI;SI;SI;SI;NO;SI;SI;SI;SI;NO;SI;NO;NC;SI;NO;NO;NO;NO;NO;NO;NO;NO;NO;NO;NO;NO;N-C;N-C;NO;NO;SI;SI;SI;S-D;SI;NO;NO;NO;NO;NO;NO;NO;NO;NO;-34.5455739900224;-55.8698527559328;POINT (-55.86985275593282 -34.54557399002237)
258;2.16.858.0.0.2.1.1.5980363008002005072;POLICLINICA SOCA;POL. SOCA;NO;SUR;CANELONES;DR. FRANCISCO SOCA;RURAL;3;630;8;2;5;363008002005072;3072;618742.69;6161297.2;-34.68343728,-55.70374563;25 DE MAYO;S-D;ZENON BURGUENO;43740120;2;SUR;REGION SUR;57;RAP CANELONES;PRIMER NIVEL;POLICLINICA;35971002;ASSE;SI;SI;SI;SI;NO;NO;SI;SI;SI;NO;SI;NO;NC;SI;NO;NO;NO;NO;NO;NO;NO;NO;NO;NO;NO;NO;N-C;N-C;NO;NO;SI;SI;SI;S-D;SI;NO;NO;NO;NO;NO;NO;NO;NO;NO;-34.68343728;-55.70374563;POINT (-55.70374563 -34.68343728)
259;2.16.858.0.0.2.1.1.5980363116119001073;POLICLINICA TOLEDO;POL. TOLEDO;NO;SUR;CANELONES;TOLEDO;RURAL;3;631;16;119;1;363116119001073;3073;583230.6;6154604.68;-34.74728822,-56.09070061;SILVESTRE GUILLEN;S-D;VIA FERREA;22969450;2;SUR;REGION SUR;57;RAP CANELONES;PRIMER NIVEL;POLICLINICA;35971002;S-D;SI;SI;SI;SI;NO;SI;SI;SI;SI;NO;SI;NO;NC;SI;NO;NO;NO;NO;NO;NO;NO;NO;NO;NO;NO;NO;N-C;N-C;NO;NO;SI;SI;SI;S-D;SI;NO;NO;NO;NO;NO;NO;NO;NO;NO;-34.74728822;-56.09070061;POINT (-56.09070061 -34.74728822)
260;2.16.858.0.0.2.1.1.5980363209305028074;POLICLINICA MONTES;POL. MONTES;NO;SUR;CANELONES;MONTES;RURAL;3;632;9;305;28;363209305028074;3074;632291.55;6182435.35;-34.49121035,-55.55917265;CALLE 11;S-D;CENTENARIO;23175353;2;SUR;REGION SUR;57;RAP CANELONES;PRIMER NIVEL;POLICLINICA;35971002;ASSE;SI;SI;SI;SI;NO;SI;NO;SI;SI;NO;SI;NO;NC;NO;NO;NO;NO;NO;NO;NO;NO;NO;NO;NO;NO;NO;N-C;N-C;NO;NO;SI;SI;SI;S-D;SI;NO;NO;NO;NO;NO;NO;NO;NO;NO;-34.49121035;-55.55917265;POINT (-55.55917265 -34.49121035)
262;2.16.858.0.0.2.1.1.5980372103004600076;POLICLINICA AGUAS CORRIENTES;POL. AGUAS CORRIENTES;NO;SUR;CANELONES;AGUAS CORRIENTES;RURAL;3;721;3;4;600;372103004600076;3076;556358.229;6179784.201;-34.522071,-56.385940;18 DE JULIO;S-D;CARLOS PAGANINI;43372276;2;SUR;REGION SUR;57;RAP CANELONES;PRIMER NIVEL;POLICLINICA;35971002;COMODATO;SI;SI;SI;SI;NO;SI;NO;SI;NO;NO;NO;NO;NC;SI;NO;NO;NO;NO;NO;NO;NO;NO;NO;NO;NO;NO;N-C;N-C;NO;NO;NO;NO;NO;S-D;NO;NO;NO;NO;NO;NO;NO;NO;NO;NO;-34.522071;-56.38594;POINT (-56.38594 -34.522071)
263;2.16.858.0.0.2.1.1.5980372301017813077;POLICLINICA JOANICO;POL. JOANICO;NO;SUR;CANELONES;JUANICO;RURAL;3;723;1;17;813;372301017813077;3077;568353.87;6171696.858;-34.594270311590996, -56.25459824304182;JUAN P. ESPINO;S-D;CHILE;4335 8259;2;SUR;REGION SUR;57;RAP CANELONES;PRIMER NIVEL;POLICLINICA;35971002;S-D;SI;SI;SI;SI;NO;NO;NO;SI;SI;NO;SI;NO;NC;NO;NO;NO;NO;NO;NO;NO;NO;NO;NO;NO;NO;NO;N-C;N-C;NO;NO;NO;NO;NO;S-D;SI;NO;NO;NO;NO;NO;NO;NO;NO;NO;-34.594270311591;-56.2545982430418;POINT (-56.25459824304182 -34.594270311590996)
264;2.16.858.0.0.2.1.1.5980372408009015078;POLICLINICA FLORESTA BALNEARIO;POL. LA FLORESTA;NO;SUR;CANELONES;LA FLORESTA;RURAL;3;724;8;9;15;372408009015078;3078;621082.22;6152637.53;-34.76123377,-55.67696887;RAMBLA PEREA;S-D;TREINTA Y TRES;43739617;2;SUR;REGION SUR;57;RAP CANELONES;PRIMER NIVEL;POLICLINICA;35971002;S-D;SI;SI;SI;SI;NO;NO;NO;SI;NO;NO;NO;NO;NC;SI;NO;NO;NO;NO;NO;NO;NO;NO;NO;NO;NO;NO;N-C;N-C;NO;NO;NO;NO;NO;S-D;NO;NO;NO;NO;NO;NO;NO;NO;NO;NO;-34.76123377;-55.67696887;POINT (-55.67696887 -34.76123377)
265;2.16.858.0.0.2.1.1.5980372508007029079;POLICLINICA ESTACION FLORESTA;POL. ESTACION FLORESTA;NO;SUR;CANELONES;LA FLORESTA - ESTACION;RURAL;3;725;8;7;29;372508007029079;3079;620368.71;6155466.28;-34.73581588,-55.68516760;PABLO VI;S-D;SORIANO;43737253;2;SUR;REGION SUR;57;RAP CANELONES;PRIMER NIVEL;POLICLINICA;35971002;AFE;SI;SI;SI;SI;NO;SI;SI;NO;SI;NO;NO;NO;NC;SI;NO;NO;NO;NO;NO;NO;NO;NO;NO;NO;NO;NO;N-C;N-C;NO;NO;SI;SI;SI;S-D;SI;NO;NO;NO;NO;NO;NO;NO;NO;NO;-34.73581588;-55.6851676;POINT (-55.6851676 -34.73581588)
266;2.16.858.0.0.2.1.1.5980372917247409080;POLICLINICA SALINAS;POL. SALINAS;NO;SUR;CANELONES;SALINAS;URBANA;3;729;17;247;409;372917247409080;3080;606201.59;6150798.58;-34.77947172,-55.83930156;AVDA. JULIETA;S-D;GUAZUBIRA;43768181;2;SUR;REGION SUR;57;RAP CANELONES;PRIMER NIVEL;POLICLINICA;35971002;S-D;SI;SI;SI;SI;NO;SI;SI;SI;SI;SI;SI;NO;NC;SI;NO;NO;NO;NO;NO;NO;NO;NO;NO;NO;NO;NO;N-C;N-C;NO;NO;SI;SI;SI;S-D;SI;NO;NO;NO;NO;NO;NO;NO;NO;NO;-34.77947172;-55.83930156;POINT (-55.83930156 -34.77947172)
267;2.16.858.0.0.2.1.1.5980373015002009081;POLICLINICA SAN ANTONIO;POL. SAN ANTONIO;NO;SUR;CANELONES;SAN ANTONIO;RURAL;3;730;15;2;9;373015002009081;3081;584540.37;6187575.07;-34.44989094,-56.07967813;ROGELIO MARTINEZ;S-D;MOREIRA;43139020;2;SUR;REGION SUR;57;RAP CANELONES;PRIMER NIVEL;POLICLINICA;35971002;ASSE;SI;SI;SI;SI;NO;NO;SI;SI;SI;SI;SI;NO;NC;SI;NO;NO;NO;NO;NO;NO;NO;NO;NO;NO;NO;NO;N-C;N-C;NO;NO;SI;SI;SI;S-D;SI;NO;NO;NO;NO;NO;NO;NO;NO;NO;-34.44989094;-56.07967813;POINT (-56.07967813 -34.44989094)
268;2.16.858.0.0.2.1.1.5980373237290022082;CENTRO DE SALUD CIUDAD DE LA COSTA;C. S. CIUDAD DE LA COSTA;NO;SUR;CANELONES;SOLYMAR;URBANA;3;732;37;290;22;373237290022082;3082;593538.56;6145228.11;-34.83093755,-55.97705708;GARCIA AROCENA;S-D;SECCO GARCIA;26963041;2;SUR;REGION SUR;2;RAP METROPOLITANA;PRIMER NIVEL;CENTRO DE SALUD;264361005;ASSE;SI;SI;SI;SI;NO;SI;SI;SI;SI;SI;SI;SI;MARTES 7 A 13 HS;SI;NO;SI;SI;NO;NO;NO;NO;NO;NO;NO;NO;N-C;N-C;N-C;NO;NO;SI;SI;NO;SI;SI;SI;NO;SI;SI;SI;NO;NO;SI;NO;-34.83093755;-55.97705708;POINT (-55.97705708 -34.83093755)
269;2.16.858.0.0.2.1.1.5980373237140500083;POLICLINICA RAMBLA;POL. RAMBLA;NO;SUR;CANELONES;SOLYMAR;URBANA;3;732;37;140;500;373237140500083;3083;594889.752;6144325.952;-34.838946429197684, -55.96218044113893;RAMBLA TOMAS BERRETA;S-D;CALLE 77;26967774;2;SUR;REGION SUR;2;RAP METROPOLITANA;PRIMER NIVEL;POLICLINICA;35971002;NO PERTENECE A ASSE;SI;SI;SI;SI;NO;SI;NO;SI;SI;SI;SI;NO;NC;NO;NO;NO;NO;NO;NO;NO;NO;NO;NO;NO;NO;NO;N-C;N-C;NO;NO;NO;NO;NO;NO;NO;SI;NO;NO;NO;NO;NO;NO;NO;NO;-34.8389464291977;-55.9621804411389;POINT (-55.96218044113893 -34.838946429197684)
270;2.16.858.0.0.2.1.1.5980373237291013084;POLICLINICA VILLA DON ARTURO;POL. VILLA DON ARTURO;NO;SUR;CANELONES;SOLYMAR;URBANA;3;732;37;291;13;373237291013084;3084;594818.96;6147255.15;-34.81254273,-55.96328557;CNO. A PASO ESCOBAR;S-D;CALLE 3;26982807;2;SUR;REGION SUR;2;RAP METROPOLITANA;PRIMER NIVEL;POLICLINICA;35971002;S-D;SI;SI;SI;SI;NO;SI;SI;SI;SI;SI;SI;SI;JUEVES 13 A 16 HS;NO;NO;NO;NO;NO;NO;NO;NO;NO;NO;NO;NO;NO;N-C;N-C;NO;NO;NO;NO;NO;NO;NO;SI;NO;NO;NO;NO;NO;NO;NO;NO;-34.81254273;-55.96328557;POINT (-55.96328557 -34.81254273)
271;2.16.858.0.0.2.1.1.5980373337288010085;POLICLINICA AEROPARQUE;POL. AEROPARQUE;NO;SUR;CANELONES;VILLA AEROPARQUE;RURAL;3;733;37;288;10;373337288010085;3085;591517.31;6150067.36;-34.78748907,-55.99968601;CALLE AUSTRAL;S-D;AVDA. A RAMBLA COSTANERA;26839188;2;SUR;REGION SUR;57;RAP CANELONES;PRIMER NIVEL;POLICLINICA;35971002;S-D;SI;SI;SI;SI;NO;SI;NO;SI;SI;NO;SI;NO;NC;SI;NO;NO;NO;NO;NO;NO;NO;NO;NO;NO;NO;NO;N-C;N-C;NO;NO;SI;SI;SI;S-D;SI;NO;NO;NO;NO;NO;NO;NO;NO;NO;-34.78748907;-55.99968601;POINT (-55.99968601 -34.78748907)
272;2.16.858.0.0.2.1.1.5980382312004600086;POLICLINICA CASTELLANOS;POL. CASTELLANOS;NO;SUR;CANELONES;CASTELLANOS;RURAL;3;823;12;4;600;382312004600086;3086;596442.497;6195321.403;-34.379,-55.951;CNO. NACIONAL;S-D;JUAN P. RODRIGUEZ;43136361;2;SUR;REGION SUR;57;RAP CANELONES;PRIMER NIVEL;POLICLINICA;35971002;COOPERATIVA;SI;SI;SI;SI;NO;NO;SI;SI;NO;NO;SI;NO;NC;NO;NO;NO;NO;NO;NO;NO;NO;NO;NO;NO;NO;NO;N-C;N-C;NO;NO;NO;SI;SI;S-D;SI;NO;NO;NO;NO;NO;NO;NO;NO;NO;-34.379;-55.951;POINT (-55.951 -34.379)
274;2.16.858.0.0.2.1.1.5980382608116003088;POLICLINICA COSTA AZUL;POL. COSTA AZUL;NO;SUR;CANELONES;COSTA AZUL;RURAL;3;826;8;116;3;382608116003088;3088;622943.32;6152927.22;-34.75839955,-55.65668032;PERU;S-D;JULIO HERRERA Y REISSIG;43738612;2;SUR;REGION SUR;57;RAP CANELONES;PRIMER NIVEL;POLICLINICA;35971002;S-D;SI;SI;SI;SI;NO;NO;NO;SI;NO;NO;NO;NO;NC;NO;NO;NO;NO;NO;NO;NO;NO;NO;NO;NO;NO;NO;N-C;N-C;NO;NO;NO;NO;NO;S-D;NO;NO;NO;NO;NO;NO;NO;NO;NO;NO;-34.75839955;-55.65668032;POINT (-55.65668032 -34.75839955)
275;2.16.858.0.0.2.1.1.5980382837143018089;POLICLINICA PINAR;POL. PINAR;NO;SUR;CANELONES;EL PINAR;URBANA;3;828;37;143;18;382837143018089;3089;597050.59;6148606.71;-34.80014657,-55.93904570;AVDA. EDUARDO PEREZ;S-D;CIUDAD DE PANDO;26984690;2;SUR;REGION SUR;2;RAP METROPOLITANA;PRIMER NIVEL;POLICLINICA;35971002;ASSE;SI;SI;SI;SI;NO;SI;SI;SI;SI;SI;NO;SI;MARTES 13 A 16 HS;SI;NO;NO;NO;NO;NO;NO;NO;NO;NO;NO;NO;NO;N-C;N-C;NO;NO;SI;SI;NO;SI;SI;SI;NO;NO;NO;NO;NO;NO;NO;NO;-34.80014657;-55.9390457;POINT (-55.9390457 -34.80014657)
276;2.16.858.0.0.2.1.1.5980382837292040090;POLICLINICA AUTODROMO;POL. AUTODROMO;NO;SUR;CANELONES;EL PINAR;URBANA;3;828;37;292;40;382837292040090;3090;598443.76;6149960.97;-34.78780258,-55.92397664;INTERLAGOS;S-D;F. ACUNA DE FIGUEROA;269683804;2;SUR;REGION SUR;2;RAP METROPOLITANA;PRIMER NIVEL;POLICLINICA;35971002;ASSE;SI;SI;SI;SI;NO;SI;SI;SI;SI;SI;SI;SI;JUEVES 10 A 14 HS;SI;NO;NO;NO;NO;NO;NO;NO;NO;NO;NO;NO;NO;N-C;N-C;NO;NO;NO;NO;NO;NO;NO;SI;NO;NO;NO;NO;NO;NO;NO;NO;-34.78780258;-55.92397664;POINT (-55.92397664 -34.78780258)
277;2.16.858.0.0.2.1.1.5980383408222046091;POLICLINICA SAN LUIS;POL. SAN LUIS;NO;SUR;CANELONES;SAN LUIS;RURAL;3;834;8;222;46;383408222046091;3091;628657.689;6151229.485;-34.773,-55.594;JUAN CARUSO;S-D;DIAGONAL PERU;43782065;2;SUR;REGION SUR;57;RAP CANELONES;PRIMER NIVEL;POLICLINICA;35971002;S-D;SI;SI;SI;SI;NO;SI;SI;NO;SI;SI;NO;NO;NC;SI;NO;NO;NO;NO;NO;NO;NO;NO;NO;NO;NO;NO;N-C;N-C;NO;NO;NO;SI;SI;S-D;SI;NO;NO;NO;NO;NO;NO;NO;NO;SI;-34.773;-55.594;POINT (-55.594 -34.773)
278;2.16.858.0.0.2.1.1.5980383606208016092;POLICLINICA TOTORAL DEL SAUCE;POL. TOTORAL DEL SAUCE;NO;SUR;CANELONES;TOTORAL DEL SAUCE;RURAL;3;836;6;208;16;383606208016092;3092;592366.45;6164192.39;-34.66005482,-55.99195308;RUTA 7 KM;S-D;JUSTINO FERREIRA;22920623;2;SUR;REGION SUR;57;RAP CANELONES;PRIMER NIVEL;POLICLINICA;35971002;S-D;SI;SI;SI;SI;NO;NO;SI;NO;NO;NO;NO;NO;NC;NO;NO;NO;NO;NO;NO;NO;NO;NO;NO;NO;NO;NO;N-C;N-C;NO;NO;NO;NO;NO;S-D;SI;NO;NO;NO;NO;NO;NO;NO;NO;NO;-34.66005482;-55.99195308;POINT (-55.99195308 -34.66005482)
279;2.16.858.0.0.2.1.1.5980383704051007093;POLICLINICA VILLA FELICIDAD;POL. VILLA FELICIDAD;NO;SUR;CANELONES;VILLA FELICIDAD;RURAL;3;837;4;51;7;383704051007093;3093;569481.51;6166468.32;-34.64134144,-56.24187362;JUAN ZORRILLA DE SAN MARTIN;S-D;JACINTO VERA;23689086;2;SUR;REGION SUR;57;RAP CANELONES;PRIMER NIVEL;POLICLINICA;35971002;ASSE;SI;SI;SI;SI;NO;NO;SI;NO;SI;NO;NO;NO;NC;NO;NO;NO;NO;NO;NO;NO;NO;NO;NO;NO;NO;NO;N-C;N-C;NO;NO;NO;NO;NO;S-D;NO;NO;NO;NO;NO;NO;NO;NO;NO;NO;-34.64134144;-56.24187362;POINT (-56.24187362 -34.64134144)
280;2.16.858.0.0.2.1.1.5980383906009005094;POLICLINICA VILLA SAN JOSÉ;POL. VILLA SAN JOSÉ;NO;SUR;CANELONES;VILLA SAN JOSÉ;RURAL;3;839;6;9;5;383906009005094;3094;584792.274;6158171.374;-34.715,-56.074;CANELONES;S-D;SORIANO;098 252 504;2;SUR;REGION SUR;57;RAP CANELONES;PRIMER NIVEL;POLICLINICA;35971002;S-D;SI;SI;SI;SI;NO;NO;SI;NO;NO;NO;NO;NO;NC;NO;NO;NO;NO;NO;NO;NO;NO;NO;NO;NO;NO;NO;N-C;N-C;NO;NO;NO;NO;NO;S-D;NO;NO;NO;NO;NO;NO;NO;NO;NO;NO;-34.715;-56.074;POINT (-56.074 -34.715)
281;2.16.858.0.0.2.1.1.5980384014005003095;POLICLINICA TAPIA;POL. ESTACION TAPIA;NO;SUR;CANELONES;ESTACION TAPIA;RURAL;3;840;14;5;3;384014005003095;3095;614443.519;6174061.382;-34.56884740222134, -55.752391495558534;RUTA 88  KM;7;VIA A MINAS;43999518;2;SUR;REGION SUR;57;RAP CANELONES;PRIMER NIVEL;POLICLINICA;35971002;ASSE;SI;SI;SI;SI;NO;NO;SI;NO;NO;NO;SI;NO;NC;SI;NO;NO;NO;NO;NO;NO;NO;NO;NO;NO;NO;NO;N-C;N-C;NO;NO;SI;SI;SI;S-D;SI;NO;NO;NO;NO;NO;NO;NO;NO;NO;-34.5688474022213;-55.7523914955585;POINT (-55.752391495558534 -34.56884740222134)
282;2.16.858.0.0.2.1.1.5980388202223600096;PUESTO RURAL PASO PACHE;PUESTO RURAL PASO PACHE;NO;SUR;CANELONES;PASO DE PACHE;RURAL;3;882;2;223;600;388202223600096;3096;565505.16;6190262.61;-34.42704008,-56.28708858;RUTA 81 KM 10;S-D;S-D;43302098;2;SUR;REGION SUR;57;RAP CANELONES;PRIMER NIVEL;POLICLINICA;35971002;COMISION VECINAL;SI;SI;SI;SI;NO;SI;NO;SI;SI;NO;NO;NO;NC;SI;NO;NO;NO;NO;NO;NO;NO;NO;NO;NO;NO;NO;N-C;N-C;NO;NO;NO;NO;NO;S-D;NO;NO;NO;NO;NO;NO;NO;NO;NO;NO;-34.42704008;-56.28708858;POINT (-56.28708858 -34.42704008)
284;2.16.858.0.0.2.1.1.5980390013007006098;POLICLINICA LA PALOMA;POL. LA PALOMA;NO;SUR;CANELONES;RURAL;RURAL;3;900;13;7;6;390013007006098;3098;579869.75;6181208.8;-34.50766886,-56.12992225;CNO. LA CAPILLA;S-D;RUTA 11 KM.113.500;S-D;2;SUR;REGION SUR;57;RAP CANELONES;PRIMER NIVEL;POLICLINICA;35971002;IGLESIA;SI;NO;SI;NO;NO;SI;NO;SI;SI;SI;NO;NO;NC;SI;NO;NO;NO;NO;NO;NO;NO;NO;NO;NO;NO;NO;N-C;N-C;NO;NO;NO;NO;NO;S-D;NO;NO;NO;NO;NO;NO;NO;NO;NO;NO;-34.50766886;-56.12992225;POINT (-56.12992225 -34.50766886)
285;2.16.858.0.0.2.1.1.5980390004159205099;POLICLINICA RINCON DEL COLORADO;POL. RINCON DEL COLORADO;NO;SUR;CANELONES;RURAL;RURAL;3;900;4;159;205;390004159205099;3099;561030.419;6161459.463;-34.6870463103763, -56.3337177799516;RUTA 48 KM;KM. 8500;CNO. AMEGLIO;23677817;2;SUR;REGION SUR;57;RAP CANELONES;PRIMER NIVEL;POLICLINICA;35971002;COMODATO;SI;SI;SI;SI;NO;NO;SI;NO;NO;NO;NO;NO;NC;NO;NO;NO;NO;NO;NO;NO;NO;NO;NO;NO;NO;NO;N-C;N-C;NO;NO;NO;NO;NO;S-D;NO;NO;NO;NO;NO;NO;NO;NO;NO;NO;-34.6870463103763;-56.3337177799516;POINT (-56.3337177799516 -34.6870463103763)
286;2.16.858.0.0.2.1.1.5980392710007600100;POLICLINICA BOLIVAR;POL. BOLIVAR;NO;SUR;CANELONES;BOLIVAR;RURAL;3;927;10;7;600;392710007600100;3100;617107.665;6212404.467;-34.222842,-55.728594;INDEPENDENCIA;S-D;GRAL. ARTIGAS;43117179;2;SUR;REGION SUR;57;RAP CANELONES;PRIMER NIVEL;POLICLINICA;35971002;INTENDENCIA;SI;SI;SI;SI;NO;NO;SI;SI;NO;NO;NO;NO;NC;NO;NO;NO;NO;NO;NO;NO;NO;NO;NO;NO;NO;NO;N-C;N-C;NO;NO;NO;SI;SI;S-D;SI;NO;NO;NO;NO;NO;NO;NO;NO;NO;-34.222842;-55.728594;POINT (-55.728594 -34.222842)
287;2.16.858.0.0.2.1.1.5980392908055004101;POLICLINICA CAPILLA CELLA;POL. CAPILLA CELLA;NO;SUR;CANELONES;CAPILLA DE CELLA;RURAL;3;929;8;55;4;392908055004101;3101;635624.52;6159405.05;-34.69839589,-55.51920245;RUTA 9  KM;S-D;RUTA 70;43772001;2;SUR;REGION SUR;57;RAP CANELONES;PRIMER NIVEL;POLICLINICA;35971002;COMUNIDAD;SI;SI;SI;SI;NO;NO;SI;NO;NO;NO;NO;NO;NC;NO;NO;NO;NO;NO;NO;NO;NO;NO;NO;NO;NO;NO;N-C;N-C;NO;NO;NO;NO;NO;S-D;NO;NO;NO;NO;NO;NO;NO;NO;NO;NO;-34.69839589;-55.51920245;POINT (-55.51920245 -34.69839589)
288;2.16.858.0.0.2.1.1.5980393508237035102;POLICLINICA CUCHILLA ALTA;POL. CUCHILLA ALTA;NO;SUR;CANELONES;CUCHILLA ALTA;RURAL;3;935;8;237;35;393508237035102;3102;637854.01;6148846.36;-34.79328104,-55.49313954;MONTEVIDEO;S-D;AVDA. AGUSTIN PONS;43788139;2;SUR;REGION SUR;57;RAP CANELONES;PRIMER NIVEL;POLICLINICA;35971002;S-D;SI;SI;SI;SI;NO;SI;SI;NO;SI;NO;NO;NO;NC;SI;NO;NO;NO;NO;NO;NO;NO;NO;NO;NO;NO;NO;N-C;N-C;NO;NO;NO;SI;SI;S-D;SI;NO;NO;NO;NO;NO;NO;NO;NO;NO;-34.79328104;-55.49313954;POINT (-55.49313954 -34.79328104)
290;2.16.858.0.0.2.1.1.5980394608044603104;POLICLINICA JAUREGUIBERRY;POL. JAUREGUIBERRY;NO;SUR;CANELONES;JAUREGUIBERRY;RURAL;3;946;8;44;603;394608044603104;3104;646014.18;6149981.582;-34.78191102571566, -55.40416902713374;RUTA IB;KM 80;GRAL. JOSE GERVASIO ARTIGAS;43788139;2;SUR;REGION SUR;57;RAP CANELONES;PRIMER NIVEL;POLICLINICA;35971002;S-D;SI;SI;SI;SI;NO;NO;SI;NO;NO;NO;NO;NO;NC;NO;NO;NO;NO;NO;NO;NO;NO;NO;NO;NO;NO;NO;N-C;N-C;NO;NO;NO;NO;NO;S-D;NO;NO;NO;NO;NO;NO;NO;NO;NO;NO;-34.7819110257157;-55.4041690271337;POINT (-55.40416902713374 -34.78191102571566)
291;2.16.858.0.0.2.1.1.5980395337484022105;CONSULTORIO MONTES DE SOLYMAR;CONS. MONTES DE SOLYMAR;NO;SUR;CANELONES;MONTES DE SOLYMAR;URBANA;3;953;37;484;22;395337484022105;3105;595856.22;6146917.51;-34.81548980,-55.95190777;DE LOS COLIBRIES (M 118  S 10);S/N;DE LOS PICAFLORES;26884506;2;SUR;REGION SUR;2;RAP METROPOLITANA;PRIMER NIVEL;POLICLINICA;35971002;NO PERTENECE A ASSE;SI;SI;SI;NO;NO;NC;NC;NC;NC;NC;NO;NO;NC;NO;NO;NO;NO;NO;NO;NO;NO;NO;NO;NO;NO;NO;N-C;N-C;NO;NO;NO;NO;NO;NO;NO;NO;NO;NO;NO;NO;NO;NO;NO;NO;-34.8154898;-55.95190777;POINT (-55.95190777 -34.8154898)
293;2.16.858.0.0.2.1.1.5980396908006002107;POLICLINICA PIEDRAS DE AFILAR;POL. PIEDRAS DE AFILAR;NO;SUR;CANELONES;ESTACION PIEDRAS DE AFILAR;RURAL;3;969;8;6;2;396908006002107;3107;635571.853;6154568.894;-34.742,-55.519;C.1;S-D;C.2;NO;2;SUR;REGION SUR;57;RAP CANELONES;PRIMER NIVEL;POLICLINICA;35971002;COMUNIDAD;SI;SI;SI;NO;NO;NO;SI;NO;NO;NO;NO;NO;NC;NO;NO;NO;NO;NO;NO;NO;NO;NO;NO;NO;NO;NO;N-C;N-C;NO;NO;NO;NO;NO;S-D;NO;NO;NO;NO;NO;NO;NO;NO;NO;NO;-34.742;-55.519;POINT (-55.519 -34.742)
294;2.16.858.0.0.2.1.1.5980398737285020108;POLICLINICA COLINAS DE SOLYMAR;POL. COLINAS DE SOLYMAR;NO;SUR;CANELONES;COLINAS DE SOLYMAR;RURAL;3;987;37;285;20;398737285020108;3108;595451.486;6148503.029;-34.8012324708118, -55.95651266355129;ACONCAGUA;S-D;PIRINEOS;99713668;2;SUR;REGION SUR;2;RAP METROPOLITANA;PRIMER NIVEL;POLICLINICA;35971002;NO PERTENECE A ASSE;SI;SI;SI;SI;NO;NO;SI;NO;NO;NO;NO;NO;NC;NO;NO;NO;NO;NO;NO;NO;NO;NO;NO;NO;NO;NO;N-C;N-C;NO;NO;NO;NO;NO;NO;NO;NO;NO;NO;NO;NO;NO;NO;NO;NO;-34.8012324708118;-55.9565126635513;POINT (-55.95651266355129 -34.8012324708118)
295;2.16.858.0.0.2.1.1.5980398937098013109;CONSULTORIOS VILLA EL TATO;CONS. VILLA EL TATO;NO;SUR;CANELONES;VILLA EL TATO;RURAL;3;989;37;98;13;398937098013109;3109;593979.67;6151721.321;-34.772352252281955, -55.972960221391034;C.1;S-D;C.8;S-D;2;SUR;REGION SUR;57;RAP CANELONES;PRIMER NIVEL;POLICLINICA;35971002;S-D;SI;SI;SI;SI;NO;NO;NO;SI;SI;NO;NO;NO;NC;NO;NO;NO;NO;NO;NO;NO;NO;NO;NO;NO;NO;NO;N-C;N-C;NO;NO;NO;NO;NO;S-D;NO;NO;NO;NO;NO;NO;NO;NO;NO;NO;-34.772352252282;-55.972960221391;POINT (-55.972960221391034 -34.772352252281955)
296;2.16.858.0.0.2.1.1.5980422001010014001;CENTRO DE SALUD MELO;C. S. MELO;NO;ESTE;CERRO LARGO;MELO;URBANA;4;220;1;10;14;422001010014001;4001;766891.97;6415218.69;-32.36814309,-54.16351547;COLON;S-D;F. MATA;46432472;4;ESTE;REGION ESTE;80;RAP CERRO LARGO;PRIMER NIVEL;CENTRO DE SALUD;264361005;ASSE;SI;SI;SI;SI;NO;SI;SI;SI;SI;SI;SI;SI;LUNES MARTES JUEVES Y VIERNES;SI;NO;NO;NO;NO;NO;NO;NO;NO;NO;NO;NO;NO;N-C;N-C;NO;NO;NO;SI;SI;S-D;SI;NO;NO;NO;SI;NO;NO;NO;NO;SI;-32.36814309;-54.16351547;POINT (-54.16351547 -32.36814309)
297;2.16.858.0.0.2.1.1.5980422001026004002;CENTRO DEPARTAMENTAL CERRO LARGO;HOSPITAL CERRO LARGO;NO;ESTE;CERRO LARGO;MELO;URBANA;4;220;1;26;4;422001026004002;4002;766461.87;6414161.37;-32.37777253,-54.16778434;TREINTA Y TRES;26;LAVALLEJA;46422175;4;ESTE;REGION ESTE;17;CENTRO DEPARTAMENTAL CERRO LARGO;TERCER NIVEL;HOSPITAL;22232009;ASSE;NO;SI;SI;SI;SI;NO;NO;SI;NO;SI;SI;NO;NC;NO;SI;NO;SI;SI;NO;SI;NO;NO;NO;NO;SI;SI;SI;SI;SI;SI;SI;SI;SI;S-D;SI;SI;SI;SI;SI;SI;NO;NO;SI;SI;-32.37777253;-54.16778434;POINT (-54.16778434 -32.37777253)
298;2.16.858.0.0.2.1.1.5980422001129600003;POLICLINICA BARRIO DIEGO LAMAS;POL. BARRIO DIEGO LAMAS;NO;ESTE;CERRO LARGO;MELO;URBANA;4;220;1;129;600;422001129600003;4003;767052.7;6412877.29;-32.38920106,-54.16114893;DIONISIO CORONEL;1192;RUFINO PEREZ;96451323;4;ESTE;REGION ESTE;80;RAP CERRO LARGO;PRIMER NIVEL;POLICLINICA;35971002;INTENDENCIA;SI;SI;SI;SI;NO;SI;SI;SI;NO;NO;NO;NO;NC;NO;NO;NO;NO;NO;NO;NO;NO;NO;NO;NO;NO;NO;N-C;N-C;NO;NO;NO;NO;NO;S-D;NO;NO;NO;NO;NO;NO;NO;NO;NO;NO;-32.38920106;-54.16114893;POINT (-54.16114893 -32.38920106)
299;2.16.858.0.0.2.1.1.5980422001332027004;POLICLINICA BARRIO FEDER;POL. BARRIO FEDER;NO;ESTE;CERRO LARGO;MELO;URBANA;4;220;1;332;27;422001332027004;4004;768762.08;6415449.76;-32.36561266,-54.14372685;TIMOTEO APARICIO;760;ESTANISLAO DE LA VEGA;46431370;4;ESTE;REGION ESTE;80;RAP CERRO LARGO;PRIMER NIVEL;POLICLINICA;35971002;INTENDENCIA;SI;SI;SI;SI;NO;SI;SI;NO;NO;NO;SI;NO;NC;NO;NO;NO;NO;NO;NO;NO;NO;NO;NO;NO;NO;NO;N-C;N-C;NO;NO;NO;NO;NO;S-D;NO;NO;NO;NO;NO;NO;NO;NO;NO;NO;-32.36561266;-54.14372685;POINT (-54.14372685 -32.36561266)
300;2.16.858.0.0.2.1.1.5980422001131020005;POLICLINICA BARRIO MURGUIA;POL. BARRIO MURGUIA;NO;ESTE;CERRO LARGO;MELO;URBANA;4;220;1;131;20;422001131020005;4005;767576.24;6414368.13;-32.37564301,-54.15601063;PAYADORES;S-D;14 DE JULIO;94762164;4;ESTE;REGION ESTE;80;RAP CERRO LARGO;PRIMER NIVEL;POLICLINICA;35971002;INTENDENCIA;SI;SI;SI;SI;NO;SI;SI;SI;NO;NO;NO;NO;NC;NO;NO;NO;NO;NO;NO;NO;NO;NO;NO;NO;NO;NO;N-C;N-C;NO;NO;NO;NO;NO;S-D;NO;NO;NO;NO;NO;NO;NO;NO;NO;NO;-32.37564301;-54.15601063;POINT (-54.15601063 -32.37564301)
302;2.16.858.0.0.2.1.1.5980422001033004007;POLICLINICA BARRIO RUIZ;POL. BARRIO RUIZ;NO;ESTE;CERRO LARGO;MELO;URBANA;4;220;1;33;4;422001033004007;4007;767398.73;6416994.26;-32.35202368,-54.15863616;MINUANES;1086;VILLA DE MORO;95430624;4;ESTE;REGION ESTE;80;RAP CERRO LARGO;PRIMER NIVEL;POLICLINICA;35971002;COMISION VECINAL;SI;SI;SI;SI;NO;SI;SI;SI;SI;NO;NO;NO;NC;NO;NO;NO;NO;NO;NO;NO;NO;NO;NO;NO;NO;NO;N-C;N-C;NO;NO;NO;NO;NO;S-D;NO;NO;NO;NO;NO;NO;NO;NO;NO;NO;-32.35202368;-54.15863616;POINT (-54.15863616 -32.35202368)
303;2.16.858.0.0.2.1.1.5980422001035015008;POLICLINICA BARRIO SONORA;POL. BARRIO SONORA;NO;ESTE;CERRO LARGO;MELO;URBANA;4;220;1;35;15;422001035015008;4008;764761.139;6415946.837;-32.362089487087474, -54.18634149833317;CAMINO DE LAS DILIGENCIAS;162;MAXIMO NAVARRETE;98959278;4;ESTE;REGION ESTE;80;RAP CERRO LARGO;PRIMER NIVEL;POLICLINICA;35971002;INTENDENCIA;SI;SI;SI;SI;NO;SI;NO;SI;SI;NO;SI;NO;NC;NO;NO;NO;NO;NO;NO;NO;NO;NO;NO;NO;NO;NO;N-C;N-C;NO;NO;NO;NO;NO;S-D;NO;NO;NO;NO;NO;NO;NO;NO;NO;NO;-32.3620894870875;-54.1863414983332;POINT (-54.18634149833317 -32.362089487087474)
304;2.16.858.0.0.2.1.1.5980422001130019009;POLICLINICA BARRIO TRAMPOLIN;POL. BARRIO TRAMPOLIN;NO;ESTE;CERRO LARGO;MELO;URBANA;4;220;1;130;19;422001130019009;4009;768831.645;6414087.225;-32.37787240004755, -54.1426019741306;FRANCISCO OLIVERA;568;ANTONIO CAZAS;46421003;4;ESTE;REGION ESTE;80;RAP CERRO LARGO;PRIMER NIVEL;POLICLINICA;35971002;INTENDENCIA;SI;SI;SI;SI;NO;SI;NO;SI;SI;NO;NO;NO;NC;NO;NO;NO;NO;NO;NO;NO;NO;NO;NO;NO;NO;NO;N-C;N-C;NO;NO;NO;NO;NO;S-D;NO;NO;NO;NO;NO;NO;NO;NO;NO;NO;-32.3778724000476;-54.1426019741306;POINT (-54.1426019741306 -32.37787240004755)
305;2.16.858.0.0.2.1.1.5980422001229022010;POLICLINICA CENTRO PROMOCION;POL. CENTRO PROMOCION;NO;ESTE;CERRO LARGO;MELO;URBANA;4;220;1;229;22;422001229022010;4010;767505.15;6413807.61;-32.38071037,-54.15660713;RUTA 8  KM 1 (EN CENTRO RELIGIOSO);S-D;IGNACIO ORIBE;46422914;4;ESTE;REGION ESTE;80;RAP CERRO LARGO;PRIMER NIVEL;POLICLINICA;35971002;IGLESIA;SI;NO;SI;NO;NO;NO;NO;SI;NO;NO;NO;NO;NC;NO;NO;NO;NO;NO;NO;NO;NO;NO;NO;NO;NO;NO;N-C;N-C;NO;NO;NO;NO;NO;S-D;NO;NO;NO;NO;NO;NO;NO;NO;NO;NO;-32.38071037;-54.15660713;POINT (-54.15660713 -32.38071037)
306;2.16.858.0.0.2.1.1.5980422001230814011;POLICLINICA COLLAZO;POL. COLLAZO;NO;ESTE;CERRO LARGO;MELO;URBANA;4;220;1;230;814;422001230814011;4011;768336.35;6413781.07;-32.38075003,-54.14777395;25 DE AGOSTO;1764;LA REDOTA;94785827;4;ESTE;REGION ESTE;80;RAP CERRO LARGO;PRIMER NIVEL;POLICLINICA;35971002;INTENDENCIA;SI;SI;SI;SI;NO;SI;SI;SI;SI;NO;NO;NO;NC;NO;NO;NO;NO;NO;NO;NO;NO;NO;NO;NO;NO;NO;N-C;N-C;NO;NO;NO;NO;NO;S-D;NO;NO;NO;NO;NO;NO;NO;NO;NO;NO;-32.38075003;-54.14777395;POINT (-54.14777395 -32.38075003)
307;2.16.858.0.0.2.1.1.5980452106002026013;POLICLINICA FRAILE MUERTO;POL. FRAILE MUERTO;NO;ESTE;CERRO LARGO;FRAILE MUERTO;RURAL;4;521;6;2;26;452106002026013;4013;732804.401;6400091.266;-32.51211069728871, -54.52175037051623;AVDA. BLANCA CASTRO DE ARGENCIO;S-D;GRAL. ARTIGAS;46889012;4;ESTE;REGION ESTE;80;RAP CERRO LARGO;PRIMER NIVEL;POLICLINICA;35971002;ASSE;SI;SI;SI;SI;NO;SI;NO;SI;SI;SI;SI;NO;NC;NO;NO;NO;NO;NO;NO;NO;NO;NO;NO;NO;NO;NO;N-C;N-C;NO;NO;NO;SI;SI;S-D;SI;NO;NO;NO;NO;NO;NO;NO;NO;NO;-32.5121106972887;-54.5217503705162;POINT (-54.52175037051623 -32.51211069728871)
308;2.16.858.0.0.2.1.1.5980452107002005014;POLICLINICA WENCISLAO SILVEIRA;POL. WENCISLAO SILVEIRA;NO;ESTE;CERRO LARGO;FRAILE MUERTO;RURAL;4;521;7;2;5;452107002005014;4014;731126.962;6399441.043;-32.5183213982754, -54.539433049666094;RAMON NOGUES;S-D;RÍO NEGRO;46889230;4;ESTE;REGION ESTE;80;RAP CERRO LARGO;PRIMER NIVEL;POLICLINICA;35971002;INTENDENCIA;SI;SI;SI;SI;NO;NO;NO;SI;NO;NO;NO;NO;NC;NO;NO;NO;NO;NO;NO;NO;NO;NO;NO;NO;NO;NO;N-C;N-C;NO;NO;NO;NO;NO;S-D;NO;NO;NO;NO;NO;NO;NO;NO;NO;NO;-32.5183213982754;-54.5394330496661;POINT (-54.539433049666094 -32.5183213982754)
309;2.16.858.0.0.2.1.1.5980452203102019015;CENTRO AUXILIAR RIO BRANCO;HOSPITAL RIO BRANCO;NO;ESTE;CERRO LARGO;RIO BRANCO;URBANA;4;522;3;102;19;452203102019015;4015;839774.59;6388001.31;-32.59339864,-53.38030721;ISMAEL VELAZQUEZ;1131;JOAQUIN DE PAZ;46752038;4;ESTE;REGION ESTE;52;CENTRO AUXILIAR RIO BRANCO;SEGUNDO NIVEL;HOSPITAL;22232009;ASSE;NO;SI;SI;SI;NO;SI;NO;SI;SI;SI;SI;NO;NC;NO;SI;NO;SI;NO;NO;NO;NO;NO;NO;NO;SI;NO;SI;NO;SI;SI;SI;SI;SI;S-D;SI;SI;SI;SI;SI;NO;NO;NO;SI;SI;-32.59339864;-53.38030721;POINT (-53.38030721 -32.59339864)
310;2.16.858.0.0.2.1.1.5980452203207028016;POLICLINICA TRES BARRIOS;POL. TRES BARRIOS;NO;ESTE;CERRO LARGO;RIO BRANCO;URBANA;4;522;3;207;28;452203207028016;4016;839055.204;6387063.925;-32.60205847038843, -53.38761926005082;EL EXODO;S-D;BATALLA DE SAN JOSÉ;S-D;4;ESTE;REGION ESTE;80;RAP CERRO LARGO;PRIMER NIVEL;POLICLINICA;35971002;COMISION VECINAL;SI;SI;SI;SI;NO;SI;SI;SI;NO;SI;NO;NO;NC;NO;NO;NO;NO;NO;NO;NO;NO;NO;NO;NO;NO;NO;N-C;N-C;NO;NO;NO;NO;NO;S-D;NO;NO;NO;NO;NO;NO;NO;NO;NO;NO;-32.6020584703884;-53.3876192600508;POINT (-53.38761926005082 -32.60205847038843)
311;2.16.858.0.0.2.1.1.5980462108004601017;POLICLINICA TUPAMBAE;POL. TUPAMBAE;NO;ESTE;CERRO LARGO;TUPAMBAE;RURAL;4;621;8;4;601;462108004601017;4017;709727.164;6364570.172;-32.836895084243494, -54.75925916947913;CONTINUACION RUTA 7;S-D;AVDA. GRAL. ARTIGAS;46852310;4;ESTE;REGION ESTE;80;RAP CERRO LARGO;PRIMER NIVEL;POLICLINICA;35971002;ASSE;SI;SI;SI;SI;NO;SI;NO;SI;SI;SI;SI;NO;NC;NO;NO;NO;NO;NO;NO;NO;NO;NO;NO;NO;NO;NO;N-C;N-C;NO;NO;NO;SI;SI;S-D;SI;NO;NO;NO;NO;NO;NO;NO;NO;NO;-32.8368950842435;-54.7592591694791;POINT (-54.75925916947913 -32.836895084243494)
312;2.16.858.0.0.2.1.1.5980472105201022018;POLICLINICA ISIDORO NOBLIA;POL. NOBLIA;NO;ESTE;CERRO LARGO;ISIDORO NOBLIA;RURAL;4;721;5;201;22;472105201022018;4018;771916.56;6460382.463;-31.960,-54.123;JUANA DE IBARBOUROU;S-D;GRAL. F. RIVERA;46409144;4;ESTE;REGION ESTE;80;RAP CERRO LARGO;PRIMER NIVEL;POLICLINICA;35971002;ASSE;SI;SI;SI;SI;NO;SI;NO;SI;SI;SI;NO;NO;NC;NO;NO;NO;NO;NO;NO;NO;NO;NO;NO;NO;NO;NO;N-C;N-C;NO;NO;NO;SI;SI;S-D;SI;NO;NO;NO;NO;NO;NO;NO;NO;NO;-31.96;-54.123;POINT (-54.123 -31.96)
313;2.16.858.0.0.2.1.1.5980482105102027019;POLICLINICA ACEGUA;POL. ACEGUA;NO;ESTE;CERRO LARGO;ACEGUA;RURAL;4;821;5;102;27;482105102027019;4019;768411.712;6469653.889;-31.877291543635955, -54.16261154505352;MARIA ISABEL RODRIGUEZ MATTOS;776;24 DE ABRIL;46409201;4;ESTE;REGION ESTE;80;RAP CERRO LARGO;PRIMER NIVEL;POLICLINICA;35971002;ASSE;SI;SI;SI;SI;NO;SI;NO;SI;SI;NO;NO;NO;NC;NO;NO;NO;NO;NO;NO;NO;NO;NO;NO;NO;NO;NO;N-C;N-C;NO;NO;NO;SI;SI;S-D;SI;NO;NO;NO;NO;NO;NO;NO;NO;NO;-31.877291543636;-54.1626115450535;POINT (-54.16261154505352 -31.877291543635955)
314;2.16.858.0.0.2.1.1.5980482211001011020;POLICLINICA BANADO DE MEDINA;POL. BANADO DE MEDINA;NO;ESTE;CERRO LARGO;BANADO DE MEDINA;RURAL;4;822;11;1;11;482211001011020;4020;749241.027;6411692.41;-32.404,-54.350;RUTA 7  KM 302;S-D;A 20KM DE FRAILE MUERTO;46402210;4;ESTE;REGION ESTE;80;RAP CERRO LARGO;PRIMER NIVEL;POLICLINICA;35971002;ASSE;SI;SI;SI;SI;NO;SI;SI;SI;SI;SI;NO;NO;NC;NO;NO;NO;NO;NO;NO;NO;NO;NO;NO;NO;NO;NO;N-C;N-C;NO;NO;NO;NO;NO;S-D;NO;NO;NO;NO;NO;NO;NO;NO;NO;NO;-32.404;-54.35;POINT (-54.35 -32.404)
315;2.16.858.0.0.2.1.1.5980482407004408021;POLICLINICA CERRO DE LAS CUENTAS;POL. CERRO DE LAS CUENTAS;NO;ESTE;CERRO LARGO;CERRO DE LAS CUENTAS;RURAL;4;824;7;4;408;482407004408021;4021;725902.698;6387956.328;-32.62290871845073, -54.59224200403032;RUTA 7  KM 339;S-D;7A SECCIONAL;46808150;4;ESTE;REGION ESTE;80;RAP CERRO LARGO;PRIMER NIVEL;POLICLINICA;35971002;INTENDENCIA;SI;SI;SI;NO;NO;NO;NO;SI;SI;SI;NO;NO;NC;NO;NO;NO;NO;NO;NO;NO;NO;NO;NO;NO;NO;NO;N-C;N-C;NO;NO;NO;NO;NO;S-D;NO;NO;NO;NO;NO;NO;NO;NO;NO;NO;-32.6229087184507;-54.5922420040303;POINT (-54.59224200403032 -32.62290871845073)
317;2.16.858.0.0.2.1.1.5980482511002602023;POLICLINICA BARRIO HIPODROMO;POL. BARRIO HIPODROMO;NO;ESTE;CERRO LARGO;HIPODROMO;RURAL;4;825;11;2;602;482511002602023;4023;764269.76;6415158.23;-32.36931147,-54.19133800;ROMEO POGGIOLA;S-D;RAMON DA SILVEIRA;95072725;4;ESTE;REGION ESTE;80;RAP CERRO LARGO;PRIMER NIVEL;POLICLINICA;35971002;INTENDENCIA;SI;SI;SI;SI;NO;NO;SI;NO;NO;NO;NO;NO;NC;NO;NO;NO;NO;NO;NO;NO;NO;NO;NO;NO;NO;NO;N-C;N-C;NO;NO;NO;NO;NO;S-D;NO;NO;NO;NO;NO;NO;NO;NO;NO;NO;-32.36931147;-54.191338;POINT (-54.191338 -32.36931147)
318;2.16.858.0.0.2.1.1.5980482702201015024;POLICLINICA PLACIDO ROSAS;POL. PLACIDO ROSAS;NO;ESTE;CERRO LARGO;PLACIDO ROSAS;RURAL;4;827;2;201;15;482702201015024;4024;807401.513;6370775.055;-32.758,-53.719;RUTA 18 KM;372;PUEBLO PL. ROSAS;S-D;4;ESTE;REGION ESTE;80;RAP CERRO LARGO;PRIMER NIVEL;POLICLINICA;35971002;ASSE;SI;SI;SI;SI;NO;NO;NO;SI;NO;NO;NO;NO;NC;NO;NO;NO;NO;NO;NO;NO;NO;NO;NO;NO;NO;NO;N-C;N-C;NO;NO;NO;NO;NO;S-D;NO;NO;NO;NO;NO;NO;NO;NO;NO;NO;-32.758;-53.719;POINT (-53.719 -32.758)
319;2.16.858.0.0.2.1.1.5980482907005006025;POLICLINICA TRES ISLAS;POL. TRES ISLAS;NO;ESTE;CERRO LARGO;TRES ISLAS;RURAL;4;829;7;5;6;482907005006025;4025;717373.926;6400561.533;-32.511,-54.686;RUTA 7  KM 346;S-D;CAMINO VECINAL 16KM;46808146;4;ESTE;REGION ESTE;80;RAP CERRO LARGO;PRIMER NIVEL;POLICLINICA;35971002;INTENDENCIA;SI;SI;SI;NO;NO;NO;SI;SI;SI;SI;NO;NO;NC;NO;NO;NO;NO;NO;NO;NO;NO;NO;NO;NO;NO;NO;N-C;N-C;NO;NO;NO;NO;NO;S-D;NO;NO;NO;NO;NO;NO;NO;NO;NO;NO;-32.511;-54.686;POINT (-54.686 -32.511)
320;2.16.858.0.0.2.1.1.5980490004205602026;POLICLINICA CENTURION;POL. CENTURION;NO;ESTE;CERRO LARGO;RURAL;RURAL;4;900;4;205;602;490004205602026;4026;802875.26;6438975.37;-32.14498445,-53.78912624;RUTA 7 KM 460 LOCAL VIVIENDAS MEVIR;S-D;A 54KM DE MELO;S-D;4;ESTE;REGION ESTE;80;RAP CERRO LARGO;PRIMER NIVEL;POLICLINICA;35971002;ASSE;SI;SI;SI;SI;NO;SI;NO;SI;SI;SI;NO;NO;NC;NO;NO;NO;NO;NO;NO;NO;NO;NO;NO;NO;NO;NO;N-C;N-C;NO;NO;NO;NO;NO;S-D;NO;NO;NO;NO;NO;NO;NO;NO;NO;NO;-32.14498445;-53.78912624;POINT (-53.78912624 -32.14498445)
321;2.16.858.0.0.2.1.1.5980490006004006027;POLICLINICA CUCHILLA GRANDE;POL. CUCHILLA GRANDE;NO;ESTE;CERRO LARGO;RURAL;RURAL;4;900;6;4;6;490006004006027;4027;738371.448;6390096.92;-32.601,-54.460;S-D;S-D;S-D;S-D;4;ESTE;REGION ESTE;80;RAP CERRO LARGO;PRIMER NIVEL;POLICLINICA;35971002;IGLESIA;SI;SI;SI;NO;NO;NO;NO;SI;NO;NO;NO;NO;NC;NO;NO;NO;NO;NO;NO;NO;NO;NO;NO;NO;NO;NO;N-C;N-C;NO;NO;NO;NO;NO;S-D;NO;NO;NO;NO;NO;NO;NO;NO;NO;NO;-32.601;-54.46;POINT (-54.46 -32.601)
322;2.16.858.0.0.2.1.1.5980490002007004028;POLICLINICA MICAELA;POL. MICAELA;NO;ESTE;CERRO LARGO;RURAL;RURAL;4;900;2;7;4;490002007004028;4028;790821.94;6388436.5;-32.60342043,-53.90123235;CAMINO A LA MICAELA;S-D;A 26 KM DE RUTA 8;46402803;4;ESTE;REGION ESTE;80;RAP CERRO LARGO;PRIMER NIVEL;POLICLINICA;35971002;ANEP;SI;SI;SI;SI;NO;SI;NO;SI;SI;SI;NO;NO;NC;NO;NO;NO;NO;NO;NO;NO;NO;NO;NO;NO;NO;NO;N-C;N-C;NO;NO;NO;SI;SI;S-D;NO;NO;NO;NO;NO;NO;NO;NO;NO;NO;-32.60342043;-53.90123235;POINT (-53.90123235 -32.60342043)
323;2.16.858.0.0.2.1.1.5980490009108005029;POLICLINICA PASO PEREIRA;POL. PASO PEREIRA;NO;ESTE;CERRO LARGO;RURAL;RURAL;4;900;9;108;5;490009108005029;4029;666823.505;6406965.98;-32.462,-55.225;RUTA 7  KM 293  EMPALME A AREVALO A 75KM;S-D;S-D;46404487;4;ESTE;REGION ESTE;80;RAP CERRO LARGO;PRIMER NIVEL;POLICLINICA;35971002;INTENDENCIA;SI;SI;SI;NO;NO;SI;NO;SI;SI;SI;NO;NO;NC;NO;NO;NO;NO;NO;NO;NO;NO;NO;NO;NO;NO;NO;N-C;N-C;NO;NO;NO;NO;NO;S-D;NO;NO;NO;NO;NO;NO;NO;NO;NO;NO;-32.462;-55.225;POINT (-55.225 -32.462)
324;2.16.858.0.0.2.1.1.5980490003412600030;POLICLINICA POBLADO URUGUAY;POL. POBLADO URUGUAY;NO;ESTE;CERRO LARGO;RURAL;RURAL;4;900;3;412;600;490003412600030;4030;828761.97;6398188.059;-32.505,-53.501;A 6KM DE RUTA 26 AL LADO LOCAL ESCOLAR;S-D;S-D;S-D;4;ESTE;REGION ESTE;80;RAP CERRO LARGO;PRIMER NIVEL;POLICLINICA;35971002;ASSE;SI;SI;SI;SI;NO;SI;NO;SI;NO;NO;NO;NO;NC;NO;NO;NO;NO;NO;NO;NO;NO;NO;NO;NO;NO;NO;N-C;N-C;NO;NO;NO;NO;NO;S-D;NO;NO;NO;NO;NO;NO;NO;NO;NO;NO;-32.505;-53.501;POINT (-53.501 -32.505)
325;2.16.858.0.0.2.1.1.5980490011003002031;POLICLINICA QUEBRACHO;POL. QUEBRACHO;NO;ESTE;CERRO LARGO;RURAL;RURAL;4;900;11;3;2;490011003002031;4031;710815.77;6388256.17;-32.62318565,-54.75300132;RUTA 7  KM 339  CAMINO VECINAL A 20KM;S-D;SALON COMUNAL MEVIR;S-D;4;ESTE;REGION ESTE;80;RAP CERRO LARGO;PRIMER NIVEL;POLICLINICA;35971002;MEVIR;SI;SI;SI;SI;NO;SI;SI;SI;SI;SI;NO;NO;NC;SI;NO;NO;NO;NO;NO;NO;NO;NO;NO;NO;NO;NO;N-C;N-C;NO;NO;NO;NO;NO;S-D;NO;NO;NO;NO;NO;NO;NO;NO;NO;NO;-32.62318565;-54.75300132;POINT (-54.75300132 -32.62318565)
326;2.16.858.0.0.2.1.1.5980490005004004032;POLICLINICA SAN DIEGO;POL. SAN DIEGO;NO;ESTE;CERRO LARGO;RURAL;RURAL;4;900;5;4;4;490005004004032;4032;788039.5;6455987.701;-31.995613897566212, -53.95130296102913;RUTA 8  ESCUELA 44;S-D;A 20KM DE NOBLIA;46409271;4;ESTE;REGION ESTE;80;RAP CERRO LARGO;PRIMER NIVEL;POLICLINICA;35971002;ANEP;SI;SI;SI;NO;NO;SI;NO;SI;SI;SI;NO;NO;NC;NO;NO;NO;NO;NO;NO;NO;NO;NO;NO;NO;NO;NO;N-C;N-C;NO;NO;NO;NO;NO;S-D;NO;NO;NO;NO;NO;NO;NO;NO;NO;NO;-31.9956138975662;-53.9513029610291;POINT (-53.95130296102913 -31.995613897566212)
327;2.16.858.0.0.2.1.1.5980492310206801033;POLICLINICA ARBOLITO;POL. ARBOLITO;NO;ESTE;CERRO LARGO;ARBOLITO;RURAL;4;923;10;206;801;492310206801033;4033;761620.916;6388293.273;-32.612,-54.212;RUTA 8  KM 362;S-D;S-D;46402413;4;ESTE;REGION ESTE;80;RAP CERRO LARGO;PRIMER NIVEL;POLICLINICA;35971002;INTENDENCIA;SI;SI;SI;SI;NO;SI;NO;SI;SI;SI;NO;NO;NC;NO;NO;NO;NO;NO;NO;NO;NO;NO;NO;NO;NO;NO;N-C;N-C;NO;NO;NO;NO;NO;S-D;NO;NO;NO;NO;NO;NO;NO;NO;NO;NO;-32.612;-54.212;POINT (-54.212 -32.612)
328;2.16.858.0.0.2.1.1.5980492409106004034;POLICLINICA AREVALO;POL. AREVALO;NO;ESTE;CERRO LARGO;AREVALO;RURAL;4;924;9;106;4;492409106004034;4034;680287.089;6387101.106;-32.639,-55.078;RUTA 7  KM 293 EMPALME A AREVALO 35KM;S-D;POR CAMINO VECINAL;S-D;4;ESTE;REGION ESTE;80;RAP CERRO LARGO;PRIMER NIVEL;POLICLINICA;35971002;MEVIR;SI;SI;SI;SI;NO;SI;NO;SI;SI;SI;NO;NO;NC;NO;NO;NO;NO;NO;NO;NO;NO;NO;NO;NO;NO;NO;N-C;N-C;NO;NO;NO;NO;NO;S-D;NO;NO;NO;NO;NO;NO;NO;NO;NO;NO;-32.639;-55.078;POINT (-55.078 -32.639)
329;2.16.858.0.0.2.1.1.5980493012203600035;POLICLINICA CANAS;POL. CANAS;NO;ESTE;CERRO LARGO;CASERIO LAS CANAS;RURAL;4;930;12;203;600;493012203600035;4035;798514.571;6415678.252;-32.356,-53.828;CAMINO VECINAL;S-D;A 16 KM DE RUTA 26;46402411;4;ESTE;REGION ESTE;80;RAP CERRO LARGO;PRIMER NIVEL;POLICLINICA;35971002;COMUNIDAD;SI;SI;SI;SI;NO;SI;NO;SI;SI;SI;NO;NO;NC;NO;NO;NO;NO;NO;NO;NO;NO;NO;NO;NO;NO;NO;N-C;N-C;NO;NO;NO;NO;NO;S-D;NO;NO;NO;NO;NO;NO;NO;NO;NO;NO;-32.356;-53.828;POINT (-53.828 -32.356)
330;2.16.858.0.0.2.1.1.5980494801239604036;POLICLINICA LA PEDRERA;POL. LA PEDRERA;NO;ESTE;CERRO LARGO;LA PEDRERA;RURAL;4;948;1;239;604;494801239604036;4036;774319.483;6412925.942;-32.387,-54.084;RUTA 26 KM;12;S-D;S-D;4;ESTE;REGION ESTE;80;RAP CERRO LARGO;PRIMER NIVEL;POLICLINICA;35971002;COMUNIDAD;SI;SI;SI;SI;NO;SI;NO;SI;SI;NO;NO;NO;NC;NO;NO;NO;NO;NO;NO;NO;NO;NO;NO;NO;NO;NO;N-C;N-C;NO;NO;NO;NO;NO;S-D;NO;NO;NO;NO;NO;NO;NO;NO;NO;NO;-32.387;-54.084;POINT (-54.084 -32.387)
331;2.16.858.0.0.2.1.1.5980494903408089037;POLICLINICA LAGUNA MERIN;POL. LAGUNA MERIN;NO;ESTE;CERRO LARGO;LAGO MERIN;RURAL;4;949;3;408;89;494903408089037;4037;850560.94;6370637.53;-32.74633923,-53.25908893;RUTA 18;S-D;CALLE 1;S-D;4;ESTE;REGION ESTE;80;RAP CERRO LARGO;PRIMER NIVEL;POLICLINICA;35971002;COMUNIDAD;SI;SI;SI;SI;NO;SI;NO;SI;NO;NO;NO;NO;NC;NO;NO;NO;NO;NO;NO;NO;NO;NO;NO;NO;NO;NO;N-C;N-C;NO;NO;NO;NO;NO;S-D;NO;NO;NO;NO;NO;NO;NO;NO;NO;NO;-32.74633923;-53.25908893;POINT (-53.25908893 -32.74633923)
332;2.16.858.0.0.2.1.1.5980495204002600038;POLICLINICA MANGRULLO;POL. MANGRULLO;NO;ESTE;CERRO LARGO;MANGRULLO;RURAL;4;952;4;2;600;495204002600038;4038;778622.98;6445938.57;-32.08850910,-54.04794818;RUTA 8  ESCUELA N 32;S-D;S-D;46409201;4;ESTE;REGION ESTE;80;RAP CERRO LARGO;PRIMER NIVEL;POLICLINICA;35971002;INTENDENCIA;SI;SI;SI;NO;NO;SI;NO;SI;SI;SI;NO;NO;NC;NO;NO;NO;NO;NO;NO;NO;NO;NO;NO;NO;NO;NO;N-C;N-C;NO;NO;NO;NO;NO;S-D;NO;NO;NO;NO;NO;NO;NO;NO;NO;NO;-32.0885091;-54.04794818;POINT (-54.04794818 -32.0885091)
333;2.16.858.0.0.2.1.1.5980496806206602039;POLICLINICA RAMON TRIGO;POL. RAMON TRIGO;NO;ESTE;CERRO LARGO;RAMON TRIGO;RURAL;4;968;6;206;602;496806206602039;4039;722281.427;6418426.797;-32.349,-54.638;RUTA 26  KM 396 ENTRANDO A RUTA 44;S-D;EN COMPL. HABITACIONAL;46808174;4;ESTE;REGION ESTE;80;RAP CERRO LARGO;PRIMER NIVEL;POLICLINICA;35971002;COMUNIDAD;SI;SI;SI;SI;NO;NO;NO;SI;SI;SI;NO;NO;NC;NO;NO;NO;NO;NO;NO;NO;NO;NO;NO;NO;NO;NO;N-C;N-C;NO;NO;NO;NO;NO;S-D;NO;NO;NO;NO;NO;NO;NO;NO;NO;NO;-32.349;-54.638;POINT (-54.638 -32.349)
334;2.16.858.0.0.2.1.1.5980532001003012001;CENTRO DEPARTAMENTAL COLONIA;HOSPITAL DE COLONIA;NO;OESTE;COLONIA;COLONIA DEL SACRAMENTO;URBANA;5;320;1;3;12;532001003012001;5001;423749.501;6186703.357;-34.45840,-57.83016;AVDA. JOSE BATLLE Y ORDONEZ;596;FERNANDO FELIPE  BASSAHUN;45226161;3;OESTE;REGION OESTE;18;CENTRO DEPARTAMENTAL COLONIA;SEGUNDO NIVEL;HOSPITAL;22232009;ASSE;NO;SI;SI;SI;SI;SI;NO;SI;SI;SI;SI;NO;NC;NO;SI;NO;SI;SI;NO;SI;NO;NO;NO;NO;SI;NO;NO;SI;SI;SI;SI;SI;SI;S-D;SI;SI;SI;SI;SI;SI;SI;NO;SI;SI;-34.4584;-57.83016;POINT (-57.83016 -34.4584)
336;2.16.858.0.0.2.1.1.5980532001014051003;POLICLINICA EL GENERAL;POL. EL GENERAL;NO;OESTE;COLONIA;COLONIA DEL SACRAMENTO;URBANA;5;320;1;14;51;532001014051003;5003;425480.3;6188294.55;-34.44417559,-57.81118257;PEDRO ARRIGONI;S-D;FERNANDO CARBALLO;45230458;3;OESTE;REGION OESTE;48;RAP COLONIA;PRIMER NIVEL;POLICLINICA;35971002;COMISION DE APOYO;SI;SI;SI;SI;NO;NO;SI;SI;SI;SI;SI;NO;NC;SI;NO;NO;NO;NO;NO;NO;NO;NO;NO;NO;NO;NO;N-C;N-C;NO;NO;NO;NO;NO;S-D;NO;NO;NO;NO;NO;NO;NO;NO;NO;NO;-34.44417559;-57.81118257;POINT (-57.81118257 -34.44417559)
337;2.16.858.0.0.2.1.1.5980532001410709004;POLICLINICA EL REAL DE SAN CARLOS;POL. EL REAL;NO;OESTE;COLONIA;COLONIA DEL SACRAMENTO;URBANA;5;320;1;410;709;532001410709004;5004;421680.629;6188902.247;-34.43841445472154, -57.85248419010542;AVDA. QUINKE;S-D;LORENZO LATORRE;45228731;3;OESTE;REGION OESTE;48;RAP COLONIA;PRIMER NIVEL;POLICLINICA;35971002;COMISION DE APOYO;SI;SI;SI;SI;NO;NO;SI;SI;SI;SI;SI;NO;NC;SI;NO;NO;NO;NO;NO;NO;NO;NO;NO;NO;NO;NO;N-C;N-C;NO;NO;NO;NO;NO;S-D;NO;NO;NO;NO;NO;NO;NO;NO;NO;NO;-34.4384144547215;-57.8524841901054;POINT (-57.85248419010542 -34.43841445472154)
338;2.16.858.0.0.2.1.1.5980532001308028005;POLICLINICA LOS NOGALES;POL. LOS NOGALES;NO;OESTE;COLONIA;COLONIA DEL SACRAMENTO;URBANA;5;320;1;308;28;532001308028005;5005;424389.89;6186397.55;-34.46120214,-57.82321899;JOSE VICO;S-D;RAMON AYALA;45227687;3;OESTE;REGION OESTE;48;RAP COLONIA;PRIMER NIVEL;POLICLINICA;35971002;COMISION DE APOYO;SI;SI;SI;SI;NO;SI;NO;SI;SI;NO;SI;NO;NC;SI;NO;NO;NO;NO;NO;NO;NO;NO;NO;NO;NO;NO;N-C;N-C;NO;NO;NO;NO;NO;S-D;NO;NO;NO;NO;NO;NO;NO;NO;NO;NO;-34.46120214;-57.82321899;POINT (-57.82321899 -34.46120214)
339;2.16.858.0.0.2.1.1.5980532106112604006;HOSPITAL DE CARMELO;CENTRO AUXILIAR CARMELO;NO;OESTE;COLONIA;CARMELO;URBANA;5;321;6;112;604;532106112604006;5006;381500.105;6238211.006;-33.990,-58.283;GRAL. ARTIGAS;S-D;URUGUAY;45424390;3;OESTE;REGION OESTE;36;HOSPITAL DE CARMELO;SEGUNDO NIVEL;HOSPITAL;22232009;ASSE;NO;SI;SI;SI;SI;SI;SI;SI;SI;SI;SI;SI;MIERCOLES;SI;SI;NO;SI;SI;NO;NO;NO;NO;NO;NO;SI;NO;SI;NO;SI;SI;SI;SI;SI;S-D;SI;SI;SI;SI;SI;NO;NO;NO;SI;SI;-33.99;-58.283;POINT (-58.283 -33.99)
340;2.16.858.0.0.2.1.1.5980532106006010007;POLICLINICA COMITE DE JUBILADOS;POL. COMITE DE JUBILADOS;NO;OESTE;COLONIA;CARMELO;URBANA;5;321;6;6;10;532106006010007;5007;381377.83;6237101.66;-33.99998876,-58.28447411;IGNACIO BARRIOS;395;19 DE ABRIL;45422719;3;OESTE;REGION OESTE;48;RAP COLONIA;PRIMER NIVEL;POLICLINICA;35971002;COMISION DE APOYO;SI;SI;SI;SI;NO;NO;NO;SI;NO;NO;NO;NO;NC;NO;NO;NO;NO;NO;NO;NO;NO;NO;NO;NO;NO;NO;N-C;N-C;NO;NO;NO;NO;NO;S-D;NO;NO;NO;NO;NO;NO;NO;NO;NO;NO;-33.99998876;-58.28447411;POINT (-58.28447411 -33.99998876)
341;2.16.858.0.0.2.1.1.5980532106109025008;POLICLINICA COPOBCE;POL. CENTENARIO;NO;OESTE;COLONIA;CARMELO;URBANA;5;321;6;109;25;532106109025008;5008;381474.2;6236108.92;-34.00895084,-58.28356554;MANUEL BELGRANO;342;CHARRUA;45424726;3;OESTE;REGION OESTE;48;RAP COLONIA;PRIMER NIVEL;POLICLINICA;35971002;COMISION DE APOYO;SI;SI;SI;SI;NO;NO;NO;SI;SI;NO;NO;NO;NC;NO;NO;NO;NO;NO;NO;NO;NO;NO;NO;NO;NO;NO;N-C;N-C;NO;NO;NO;NO;NO;S-D;NO;NO;NO;NO;NO;NO;NO;NO;NO;NO;-34.00895084;-58.28356554;POINT (-58.28356554 -34.00895084)
342;2.16.858.0.0.2.1.1.5980532106007016009;POLICLINICA MIHANOVICH;POL. MIHANOVICH;NO;OESTE;COLONIA;CARMELO;URBANA;5;321;6;7;16;532106007016009;5009;380875.59;6236702.53;-34.00353069,-58.28996576;WILSON FERREIRA;63;JOSE PEDRO VARELA;99256101;3;OESTE;REGION OESTE;48;RAP COLONIA;PRIMER NIVEL;POLICLINICA;35971002;COMISION DE APOYO;SI;SI;SI;SI;NO;NO;SI;NO;SI;NO;NO;NO;NC;NO;NO;NO;NO;NO;NO;NO;NO;NO;NO;NO;NO;NO;N-C;N-C;NO;NO;NO;NO;NO;S-D;NO;NO;NO;NO;NO;NO;NO;NO;NO;NO;-34.00353069;-58.28996576;POINT (-58.28996576 -34.00353069)
343;2.16.858.0.0.2.1.1.5980532106113004010;POLICLINICA RAUL LOPEZ;POL. RAUL LOPEZ;NO;OESTE;COLONIA;CARMELO;URBANA;5;321;6;113;4;532106113004010;5010;382243.09;6237797.23;-33.99381451,-58.27501313;PIEDRAS;S-D;LEANDRO GOMEZ;45426645;3;OESTE;REGION OESTE;48;RAP COLONIA;PRIMER NIVEL;POLICLINICA;35971002;COMISION DE APOYO;SI;SI;SI;SI;NO;NO;SI;NO;SI;NO;NO;NO;NC;NO;NO;NO;NO;NO;NO;NO;NO;NO;NO;NO;NO;NO;N-C;N-C;NO;NO;NO;NO;NO;S-D;NO;NO;NO;NO;NO;NO;NO;NO;NO;NO;-33.99381451;-58.27501313;POINT (-58.27501313 -33.99381451)
344;2.16.858.0.0.2.1.1.5980532106110002011;POLICLINICA SARAVIA;POL. SARAVIA;NO;OESTE;COLONIA;CARMELO;URBANA;5;321;6;110;2;532106110002011;5011;380355.68;6237486.24;-33.99640508,-58.29548715;ROBERTO BERTOLINO;S-D;TREINTA Y TRES;99446564;3;OESTE;REGION OESTE;48;RAP COLONIA;PRIMER NIVEL;POLICLINICA;35971002;COMISION DE APOYO;SI;SI;SI;SI;NO;NO;NO;SI;SI;NO;NO;NO;NC;NO;NO;NO;NO;NO;NO;NO;NO;NO;NO;NO;NO;NO;N-C;N-C;NO;NO;NO;NO;NO;S-D;NO;NO;NO;NO;NO;NO;NO;NO;NO;NO;-33.99640508;-58.29548715;POINT (-58.29548715 -33.99640508)
345;2.16.858.0.0.2.1.1.5980532314106006012;HOSPITAL DE JUAN LACAZE;CENTRO AUXILIAR JUAN LACAZE;NO;OESTE;COLONIA;JUAN LACAZE;URBANA;5;323;14;106;6;532314106006012;5012;459735.24;6189708.99;-34.43332539,-57.43824826;ZORRILLA DE SAN MARTIN;515;JUANA C. DE CAMPOMAR;45862814;3;OESTE;REGION OESTE;43;HOSPITAL DE JUAN LACAZE;SEGUNDO NIVEL;HOSPITAL;22232009;ASSE;NO;SI;SI;SI;SI;SI;NO;NO;NO;SI;SI;NO;NC;NO;SI;NO;SI;NO;NO;NO;NO;NO;NO;NO;SI;NO;SI;NO;SI;SI;SI;SI;SI;S-D;SI;SI;SI;SI;SI;NO;NO;NO;NO;SI;-34.43332539;-57.43824826;POINT (-57.43824826 -34.43332539)
346;2.16.858.0.0.2.1.1.5980532314106010013;POLICLINICA 21 DE OCTUBRE DE 1913;POL. 21 DE OCTUBRE DE 1913;NO;OESTE;COLONIA;JUAN LACAZE;URBANA;5;323;14;106;10;532314106010013;5013;459587.741;6189837.907;-34.43215704685314, -57.43984754145382;DR.  HORACIO VACHELLI;537;JUANA C. DE CAMPOMAR;45865814;3;OESTE;REGION OESTE;48;RAP COLONIA;PRIMER NIVEL;POLICLINICA;35971002;ASSE;SI;SI;SI;SI;NO;NO;NO;SI;SI;NO;NO;NO;NC;SI;NO;NO;NO;NO;NO;NO;NO;NO;NO;NO;NO;NO;N-C;N-C;NO;NO;NO;NO;NO;S-D;NO;NO;NO;NO;NO;NO;NO;NO;NO;NO;-34.4321570468531;-57.4398475414538;POINT (-57.43984754145382 -34.43215704685314)
348;2.16.858.0.0.2.1.1.5980532314208023015;POLICLINICA VILLA PANCHA;POL. VILLA PANCHA;NO;OESTE;COLONIA;JUAN LACAZE;URBANA;5;323;14;208;23;532314208023015;5015;458769.66;6191920.29;-34.41334570,-57.44865102;ZELMAR MICHELINI;S-D;JULIO RODRIGUEZ;45865308;3;OESTE;REGION OESTE;48;RAP COLONIA;PRIMER NIVEL;POLICLINICA;35971002;COMISION DE APOYO;SI;SI;SI;SI;NO;SI;SI;SI;SI;SI;NO;NO;NC;NO;NO;NO;NO;NO;NO;NO;NO;NO;NO;NO;NO;NO;N-C;N-C;NO;NO;NO;SI;SI;S-D;SI;NO;NO;NO;NO;NO;NO;NO;NO;NO;-34.4133457;-57.44865102;POINT (-57.44865102 -34.4133457)
349;2.16.858.0.0.2.1.1.5980542110003011016;CENTRO AUXILIAR NUEVA HELVECIA;CENTRO AUXILIAR NUEVA HELVECIA;NO;OESTE;COLONIA;NUEVA HELVECIA;URBANA;5;421;10;3;11;542110003011016;5016;479019.2;6206700.82;-34.28065965,-57.22794539;18 DE JULIO;1592;C. CUNIER;45547309;3;OESTE;REGION OESTE;48;RAP COLONIA;PRIMER NIVEL;CENTRO DE SALUD;264361005;ASSE;SI;SI;SI;SI;NO;NO;NO;SI;SI;SI;SI;NO;NC;SI;NO;SI;SI;NO;NO;NO;NO;NO;NO;NO;SI;N-C;SI;NO;NO;NO;SI;SI;SI;S-D;SI;SI;NO;SI;SI;NO;NO;NO;NO;NO;-34.28065965;-57.22794539;POINT (-57.22794539 -34.28065965)
350;2.16.858.0.0.2.1.1.5980542203005015018;HOSPITAL DE ROSARIO;CENTRO AUXILIAR DE ROSARIO;NO;OESTE;COLONIA;ROSARIO;URBANA;5;422;3;5;15;542203005015018;5018;467186.33;6202603.44;-34.31730451,-57.35665771;MARTINEZ DIEZ;S-D;GARAT;45522210;3;OESTE;REGION OESTE;53;HOSPITAL DE ROSARIO;SEGUNDO NIVEL;HOSPITAL;22232009;ASSE;NO;SI;SI;SI;SI;SI;NO;SI;SI;SI;SI;NO;NC;SI;SI;NO;SI;NO;NO;NO;NO;NO;NO;NO;SI;NO;SI;NO;SI;SI;SI;SI;SI;S-D;SI;SI;NO;SI;SI;NO;NO;NO;NO;SI;-34.31730451;-57.35665771;POINT (-57.35665771 -34.31730451)
351;2.16.858.0.0.2.1.1.5980542203108400019;POLICLINICA EL PASTOREO;POL. EL PASTOREO;NO;OESTE;COLONIA;ROSARIO;URBANA;5;422;3;108;400;542203108400019;5019;467456.96;6201124.6;-34.33064963,-57.35377216;LOS PICAPALOS;S-D;DEL MATADERO;45522001;3;OESTE;REGION OESTE;48;RAP COLONIA;PRIMER NIVEL;POLICLINICA;35971002;COMISION DE APOYO;SI;SI;SI;SI;NO;NO;NO;SI;SI;NO;NO;NO;NC;NO;NO;NO;NO;NO;NO;NO;NO;NO;NO;NO;NO;NO;N-C;N-C;NO;NO;NO;NO;NO;S-D;NO;NO;NO;NO;NO;NO;NO;NO;NO;NO;-34.33064963;-57.35377216;POINT (-57.35377216 -34.33064963)
352;2.16.858.0.0.2.1.1.5980542308101032020;CENTRO AUXILIAR NUEVA PALMIRA;CENTRO AUXILIAR NUEVA PALMIRA;NO;OESTE;COLONIA;NUEVA PALMIRA;URBANA;5;423;8;101;32;542308101032020;5020;370047.486;6251480.819;-33.869,-58.405;J. P. VARELA;S-D;ITUZAINGO;S-D;3;OESTE;REGION OESTE;90;CENTRO AUXILIAR NUEVA PALMIRA;PRIMER NIVEL;CENTRO DE SALUD;264361005;ASSE;NO;SI;SI;SI;NO;SI;SI;SI;SI;SI;SI;SI;S-D;SI;NO;SI;SI;NO;NO;NO;NO;NO;NO;NO;SI;N-C;SI;SI;NO;NO;SI;SI;SI;S-D;SI;SI;SI;SI;SI;NO;NO;NO;SI;SI;-33.869;-58.405;POINT (-58.405 -33.869)
353;2.16.858.0.0.2.1.1.5980542308304040021;POLICLINICA BARRIO ASENCIO;POL. BARRIO ASENCIO;NO;OESTE;COLONIA;NUEVA PALMIRA;URBANA;5;423;8;304;40;542308304040021;5021;370355.93;6249993.26;-33.88245042,-58.40188542;MONTEVIDEO;S-D;EMILIO ROSELLI;45447497;3;OESTE;REGION OESTE;48;RAP COLONIA;PRIMER NIVEL;POLICLINICA;35971002;ASSE;SI;SI;SI;SI;NO;SI;NO;SI;SI;NO;NO;NO;NC;NO;NO;NO;NO;NO;NO;NO;NO;NO;NO;NO;NO;NO;N-C;N-C;NO;NO;NO;NO;NO;S-D;NO;NO;NO;NO;NO;NO;NO;NO;NO;NO;-33.88245042;-58.40188542;POINT (-58.40188542 -33.88245042)
354;2.16.858.0.0.2.1.1.5980542308301026022;POLICLINICA GOLONDRINA;POL. GOLONDRINA;NO;OESTE;COLONIA;NUEVA PALMIRA;URBANA;5;423;8;301;26;542308301026022;5022;369653.41;6251943.72;-33.86477769,-58.40919090;IBICUY;S-D;ESTADOS UNIDOS;S-D;3;OESTE;REGION OESTE;48;RAP COLONIA;PRIMER NIVEL;POLICLINICA;35971002;IGLESIA;SI;SI;SI;SI;NO;NO;SI;SI;SI;NO;NO;NO;NC;NO;NO;NO;NO;NO;NO;NO;NO;NO;NO;NO;NO;NO;N-C;N-C;NO;NO;NO;NO;NO;S-D;NO;NO;NO;NO;NO;NO;NO;NO;NO;NO;-33.86477769;-58.4091909;POINT (-58.4091909 -33.86477769)
355;2.16.858.0.0.2.1.1.5980552111101605023;CENTRO DE SALUD OMBUES DE LAVALLE;POL. OMBUES DE LAVALLE;NO;OESTE;COLONIA;OMBUES DE LAVALLE;RURAL;5;521;11;101;605;552111101605023;5023;425415.61;6244830.55;-33.93434405,-57.80701583;SARANDI;S-D;25 DE MAYO;45762132;3;OESTE;REGION OESTE;48;RAP COLONIA;PRIMER NIVEL;POLICLINICA;35971002;ASSE;SI;SI;SI;SI;NO;SI;NO;SI;SI;NO;SI;NO;NC;NO;NO;SI;SI;NO;NO;NO;NO;NO;NO;NO;NO;N-C;NO;NO;NO;NO;SI;SI;SI;S-D;SI;NO;NO;NO;NO;NO;NO;NO;NO;NO;-33.93434405;-57.80701583;POINT (-57.80701583 -33.93434405)
356;2.16.858.0.0.2.1.1.5980552212102017024;CENTRO DE SALUD TARARIRAS;POL. TARARIRAS;NO;OESTE;COLONIA;TARARIRAS;URBANA;5;522;12;102;17;552212102017024;5024;443156.17;6208264.95;-34.26521017,-57.61746162;DR. JOSE IPHARRAGUERRE IRIBARREN;S-D;CONT. ROSARIO;45742801;3;OESTE;REGION OESTE;48;RAP COLONIA;PRIMER NIVEL;POLICLINICA;35971002;ASSE;SI;SI;SI;SI;NO;SI;NO;SI;SI;NO;SI;SI;MARTES;SI;NO;SI;SI;NO;NO;NO;NO;NO;NO;NO;NO;N-C;N-C;N-C;NO;NO;SI;SI;SI;S-D;SI;SI;SI;NO;NO;NO;NO;NO;NO;NO;-34.26521017;-57.61746162;POINT (-57.61746162 -34.26521017)
357;2.16.858.0.0.2.1.1.5980562104301015025;POLICLINICA COLONIA VALDENSE;POL. COLONIA VALDENSE;NO;OESTE;COLONIA;COLONIA VALDENSE;RURAL;5;621;4;301;15;562104301015025;5025;475391.17;6199505.76;-34.34546759,-57.26756742;ALICE RIVOIR DE ARMAND UGON;S-D;11 DE JUNIO;45588721;3;OESTE;REGION OESTE;48;RAP COLONIA;PRIMER NIVEL;POLICLINICA;35971002;ASSE;SI;SI;SI;SI;NO;NO;NO;SI;SI;SI;SI;NO;NC;NO;NO;NO;NO;NO;NO;NO;NO;NO;NO;NO;NO;NO;N-C;N-C;NO;NO;NO;SI;SI;S-D;SI;NO;NO;NO;NO;NO;NO;NO;NO;NO;-34.34546759;-57.26756742;POINT (-57.26756742 -34.34546759)
358;2.16.858.0.0.2.1.1.5980562213102025026;POLICLINICA FATIMA;POL. FATIMA;NO;OESTE;COLONIA;FLORENCIO SANCHEZ;RURAL;5;622;13;102;25;562213102025026;5026;466036.061;6251335.426;-33.87777365234485, -57.36725660981678;INDIOS CHANAES;S-D;LIBERTAD;S-D;3;OESTE;REGION OESTE;83;RAP SORIANO;PRIMER NIVEL;POLICLINICA;35971002;S-D;SI;SI;SI;SI;NO;SI;SI;SI;SI;SI;NO;NO;NC;NO;NO;NO;NO;NO;NO;NO;NO;NO;NO;NO;NO;NO;N-C;N-C;NO;NO;NO;NO;NO;S-D;NO;NO;NO;NO;NO;NO;NO;NO;NO;NO;-33.8777736523449;-57.3672566098168;POINT (-57.36725660981678 -33.87777365234485)
359;2.16.858.0.0.2.1.1.5980572107102008027;POLICLINICA CONCHILLAS;POL. CONCHILLAS;NO;OESTE;COLONIA;CONCHILLAS;RURAL;5;721;7;102;8;572107102008027;5027;404909.39;6219703.29;-34.15927239,-58.03160918;DAVID EVANS;S-D;ATILIO CREMASCO;45762132;3;OESTE;REGION OESTE;48;RAP COLONIA;PRIMER NIVEL;POLICLINICA;35971002;ASSE;SI;SI;SI;SI;NO;SI;NO;SI;SI;NO;NO;NO;NC;SI;NO;NO;NO;NO;NO;NO;NO;NO;NO;NO;NO;NO;N-C;N-C;NO;NO;NO;SI;SI;S-D;SI;NO;NO;NO;NO;NO;NO;NO;NO;NO;-34.15927239;-58.03160918;POINT (-58.03160918 -34.15927239)
360;2.16.858.0.0.2.1.1.5980572404203035028;POLICLINICA LA PAZ;POL. LA PAZ-COLONIA PIAMONTESA;NO;OESTE;COLONIA;LA PAZ;RURAL;5;724;4;203;35;572404203035028;5028;471295.61;6199414.51;-34.34618513,-57.31210032;ROSA BUTLER DE PEREZ;S-D;JOSE ARTIGAS;45588228;3;OESTE;REGION OESTE;48;RAP COLONIA;PRIMER NIVEL;POLICLINICA;35971002;COMISION DE APOYO;SI;SI;SI;SI;NO;NO;NO;SI;NO;NO;SI;NO;NC;SI;NO;NO;NO;NO;NO;NO;NO;NO;NO;NO;NO;NO;N-C;N-C;NO;NO;NO;SI;SI;S-D;SI;NO;NO;NO;NO;NO;NO;NO;NO;NO;-34.34618513;-57.31210032;POINT (-57.31210032 -34.34618513)
361;2.16.858.0.0.2.1.1.5980572601113603029;POLICLINICA RIACHUELO;POL. RIACHUELO;NO;OESTE;COLONIA;RIACHUELO;RURAL;5;726;1;113;603;572601113603029;5029;434227.369;6190130.687;-34.42821270273141, -57.71583231182485;URUGUAY;S-D;A 200 M DE RUTA 1;45202862;3;OESTE;REGION OESTE;48;RAP COLONIA;PRIMER NIVEL;POLICLINICA;35971002;COMISION DE APOYO;SI;SI;SI;SI;NO;NO;SI;SI;NO;NO;NO;NO;NC;NO;NO;NO;NO;NO;NO;NO;NO;NO;NO;NO;NO;NO;N-C;N-C;NO;NO;NO;NO;NO;S-D;NO;NO;NO;NO;NO;NO;NO;NO;NO;NO;-34.4282127027314;-57.7158323118249;POINT (-57.71583231182485 -34.42821270273141)
362;2.16.858.0.0.2.1.1.5980582405001004030;POLICLINICA CUFRE;POL. CUFRE;NO;OESTE;COLONIA;CUFRE;RURAL;5;824;5;1;4;582405001004030;5030;490121.23;6215796.23;-34.19879721,-57.10722392;SARANDI;S-D;JACARANDA;45502410;3;OESTE;REGION OESTE;48;RAP COLONIA;PRIMER NIVEL;POLICLINICA;35971002;COMISION DE APOYO;SI;SI;SI;SI;NO;NO;NO;SI;SI;NO;SI;NO;NC;NO;NO;NO;NO;NO;NO;NO;NO;NO;NO;NO;NO;NO;N-C;N-C;NO;NO;NO;NO;NO;S-D;NO;NO;NO;NO;NO;NO;NO;NO;NO;NO;-34.19879721;-57.10722392;POINT (-57.10722392 -34.19879721)
363;2.16.858.0.0.2.1.1.5980582601113600031;POLICLINICA LA ESTANZUELA;POL. SEMILLEROS;NO;OESTE;COLONIA;EL SEMILLERO;RURAL;5;826;1;113;600;582601113600031;5031;436533.17;6200355.001;-34.33615719937764, -57.689982191555224;RUTA 50 KM;11;EDIFICIO INIA;45748000;3;OESTE;REGION OESTE;48;RAP COLONIA;PRIMER NIVEL;POLICLINICA;35971002;INIA;SI;SI;SI;SI;NO;NO;NO;SI;NO;NO;NO;NO;NC;SI;NO;NO;NO;NO;NO;NO;NO;NO;NO;NO;NO;NO;N-C;N-C;NO;NO;NO;NO;NO;S-D;NO;NO;NO;NO;NO;NO;NO;NO;NO;NO;-34.3361571993776;-57.6899821915552;POINT (-57.689982191555224 -34.33615719937764)
364;2.16.858.0.0.2.1.1.5980583102101019032;POLICLINICA COLONIA MIGUELETE;POL. COLONIA MIGUELETE;NO;OESTE;COLONIA;MIGUELETE;RURAL;5;831;2;101;19;583102101019032;5032;440114.553;6236781.261;-34.00787527079966, -57.648531646855076;J. P. VARELA;S-D;DR. ALBERTO BOERGER;45752072;3;OESTE;REGION OESTE;48;RAP COLONIA;PRIMER NIVEL;POLICLINICA;35971002;ASSE;SI;SI;SI;SI;NO;NO;SI;SI;NO;NO;NO;NO;NC;NO;NO;NO;NO;NO;NO;NO;NO;NO;NO;NO;NO;NO;N-C;N-C;NO;NO;NO;SI;SI;S-D;SI;NO;NO;NO;NO;NO;NO;NO;NO;NO;-34.0078752707997;-57.6485316468551;POINT (-57.648531646855076 -34.00787527079966)
365;2.16.858.0.0.2.1.1.5980590006117600033;POLICLINICA CERRO MEVIR;POL. CERRO MEVIR;NO;OESTE;COLONIA;RURAL;RURAL;5;900;6;117;600;590006117600033;5033;386200.161;6239155.914;-33.982,-58.232;CAMINO CORONEL INGENIERO CARMELO CABRERA;S-D;LAS TUNAS;99055020;3;OESTE;REGION OESTE;48;RAP COLONIA;PRIMER NIVEL;POLICLINICA;35971002;COMISION DE APOYO;SI;SI;SI;SI;NO;NO;SI;NO;SI;NO;NO;NO;NC;NO;NO;NO;NO;NO;NO;NO;NO;NO;NO;NO;NO;NO;N-C;N-C;NO;NO;NO;NO;NO;S-D;NO;NO;NO;NO;NO;NO;NO;NO;NO;NO;-33.982;-58.232;POINT (-58.232 -33.982)
366;2.16.858.0.0.2.1.1.5980590006016800034;POLICLINICA JUAN GONZALEZ;POL. JUAN GONZALEZ;NO;OESTE;COLONIA;RURAL;RURAL;5;900;6;16;800;590006016800034;5034;385435.45;6233093.5;-34.03658029,-58.24107225;RUTA 21 KM;246;J. GONZALEZ;45402060;3;OESTE;REGION OESTE;48;RAP COLONIA;PRIMER NIVEL;POLICLINICA;35971002;COMISION DE APOYO;SI;SI;SI;SI;NO;NO;SI;NO;NO;NO;NO;NO;NC;NO;NO;NO;NO;NO;NO;NO;NO;NO;NO;NO;NO;NO;N-C;N-C;NO;NO;NO;NO;NO;S-D;NO;NO;NO;NO;NO;NO;NO;NO;NO;NO;-34.03658029;-58.24107225;POINT (-58.24107225 -34.03658029)
367;2.16.858.0.0.2.1.1.5980590006314601035;POLICLINICA SAN FRANCISCO;POL. SAN FRANCISCO;NO;OESTE;COLONIA;RURAL;RURAL;5;900;6;314;601;590006314601035;5035;379885.08;6239010.91;-33.98260397,-58.30037206;REGINO AGUIRRE;S-D;CONT. PARAGUAY;99542042;3;OESTE;REGION OESTE;48;RAP COLONIA;PRIMER NIVEL;POLICLINICA;35971002;COMISION DE APOYO;SI;SI;SI;SI;NO;SI;NO;SI;SI;SI;NO;NO;NC;NO;NO;NO;NO;NO;NO;NO;NO;NO;NO;NO;NO;NO;N-C;N-C;NO;NO;NO;NO;NO;S-D;NO;NO;NO;NO;NO;NO;NO;NO;NO;NO;-33.98260397;-58.30037206;POINT (-58.30037206 -33.98260397)
368;2.16.858.0.0.2.1.1.5980592307006004036;POLICLINICA CAMPANA;POL. CAMPANA;NO;OESTE;COLONIA;CAMPANA;RURAL;5;923;7;6;4;592307006004036;5036;416790.96;6233996.66;-34.03139526,-57.90135717;RUTA 55 KM;13;MEVIR;45706269;3;OESTE;REGION OESTE;48;RAP COLONIA;PRIMER NIVEL;POLICLINICA;35971002;COMISION DE APOYO;SI;SI;SI;NO;NO;NO;NO;SI;NO;NO;NO;NO;NC;NO;NO;NO;NO;NO;NO;NO;NO;NO;NO;NO;NO;NO;N-C;N-C;NO;NO;NO;NO;NO;S-D;NO;NO;NO;NO;NO;NO;NO;NO;NO;NO;-34.03139526;-57.90135717;POINT (-57.90135717 -34.03139526)
369;2.16.858.0.0.2.1.1.5980592503015006037;POLICLINICA BARKER;POL. BARKER;NO;OESTE;COLONIA;BARKER;RURAL;5;925;3;15;6;592503015006037;5037;457655.71;6208804.28;-34.26103866,-57.45994032;AGRACIADA;S-D;ACCESO A BARKER;S-D;3;OESTE;REGION OESTE;48;RAP COLONIA;PRIMER NIVEL;POLICLINICA;35971002;COMISION DE APOYO;SI;SI;SI;SI;NO;NO;NO;SI;NO;NO;NO;NO;NC;NO;NO;NO;NO;NO;NO;NO;NO;NO;NO;NO;NO;NO;N-C;N-C;NO;NO;NO;NO;NO;S-D;NO;NO;NO;NO;NO;NO;NO;NO;NO;NO;-34.26103866;-57.45994032;POINT (-57.45994032 -34.26103866)
370;2.16.858.0.0.2.1.1.5980596104012600038;POLICLINICA FOMENTO;POL. BONJOUR - FOMENTO;NO;OESTE;COLONIA;PLAYA PARANT;RURAL;5;961;4;12;600;596104012600038;5038;476563.46;6189745.131;-34.43351867816921, -57.2550883389635;LA CAPILLA;S-D;RINCON DEL REY;45872151;3;OESTE;REGION OESTE;48;RAP COLONIA;PRIMER NIVEL;POLICLINICA;35971002;COMISION DE APOYO;SI;SI;SI;SI;NO;NO;NO;SI;SI;NO;SI;NO;NC;NO;NO;NO;NO;NO;NO;NO;NO;NO;NO;NO;NO;NO;N-C;N-C;NO;NO;NO;NO;NO;S-D;NO;NO;NO;NO;NO;NO;NO;NO;NO;NO;-34.4335186781692;-57.2550883389635;POINT (-57.2550883389635 -34.43351867816921)
371;2.16.858.0.0.2.1.1.5980597912309403039;POLICLINICA SANTA ANA;POL. SANTA ANA;NO;OESTE;COLONIA;SANTA ANA;RURAL;5;979;12;309;403;597912309403039;5039;445475.36;6190893.71;-34.42198710,-57.59337329;AVDA. DE LOS CARDENALES;S-D;TIPAS;45882316;3;OESTE;REGION OESTE;48;RAP COLONIA;PRIMER NIVEL;POLICLINICA;35971002;COMISION DE APOYO;SI;SI;SI;SI;NO;NO;NO;SI;NO;NO;NO;NO;NC;NO;NO;NO;NO;NO;NO;NO;NO;NO;NO;NO;NO;NO;N-C;N-C;NO;NO;NO;NO;NO;S-D;NO;NO;NO;NO;NO;NO;NO;NO;NO;NO;-34.4219871;-57.59337329;POINT (-57.59337329 -34.4219871)
372;2.16.858.0.0.2.1.1.5980599605204601040;POLICLINICA JACKSON;POL. JACKSON;NO;OESTE;COLONIA;JUAN JACKSON;RURAL;5;996;5;204;601;599605204601040;5040;478646.654;6247133.694;-33.916,-57.231;RUTA 12 KM;124;CNO. VECINAL;S-D;3;OESTE;REGION OESTE;83;RAP SORIANO;PRIMER NIVEL;POLICLINICA;35971002;S-D;SI;SI;SI;SI;NO;SI;SI;NO;NO;NO;NO;NO;NC;NO;NO;NO;NO;NO;NO;NO;NO;NO;NO;NO;NO;NO;N-C;N-C;NO;NO;NO;NO;NO;S-D;NO;NO;NO;NO;NO;NO;NO;NO;NO;NO;-33.916;-57.231;POINT (-57.231 -33.916)
373;2.16.858.0.0.2.1.1.5980542110112003041;POLICLINICA EL RETIRO;POL. EL RETIRO;NO;OESTE;COLONIA;NUEVA HELVECIA;URBANA;5;421;10;112;3;542110112003041;5041;476951.32;6204388.7;-34.30146739,-57.25047352;CHILE;S-D;URUGUAY;S-D;3;OESTE;REGION OESTE;48;RAP COLONIA;PRIMER NIVEL;POLICLINICA;35971002;S-D;SI;SI;SI;SI;NO;NO;NO;SI;SI;NO;NO;NO;NC;NO;NO;NO;NO;NO;NO;NO;NO;NO;NO;NO;NO;NO;N-C;N-C;NO;NO;NO;NO;NO;S-D;NO;NO;NO;NO;NO;NO;NO;NO;NO;NO;-34.30146739;-57.25047352;POINT (-57.25047352 -34.30146739)
374;2.16.858.0.0.2.1.1.5980622001015005001;CENTRO DEPARTAMENTAL DURAZNO;HOSPITAL DE DURAZNO;NO;OESTE;DURAZNO;DURAZNO;URBANA;6;220;1;15;5;622001015005001;6001;545009.92;6305574.73;-33.38816833,-56.51604879;PROF. M. RUBINO;S-D;FRANCISCO MACIEL;43627802;3;OESTE;REGION OESTE;19;CENTRO DEPARTAMENTAL DURAZNO;SEGUNDO NIVEL;HOSPITAL;22232009;ASSE;NO;SI;SI;SI;SI;NO;NO;SI;NO;NO;SI;S-D;S-D;SI;SI;NO;SI;SI;NO;NO;NO;NO;NO;NO;SI;NO;NO;SI;SI;SI;SI;SI;SI;S-D;NO;SI;SI;SI;SI;SI;NO;NO;SI;SI;-33.38816833;-56.51604879;POINT (-56.51604879 -33.38816833)
376;2.16.858.0.0.2.1.1.5980622001028401003;POLICLINICA BARRIO DURAN;POL. URBANA BARRIO DURAN;NO;OESTE;DURAZNO;DURAZNO;URBANA;6;220;1;28;401;622001028401003;6003;543263.63;6305209.26;-33.39153643,-56.53480692;JOSE GOMEZ;S/N;FELIPE SANCHEZ;S-D;3;OESTE;REGION OESTE;59;RAP DURAZNO;PRIMER NIVEL;POLICLINICA;35971002;COMISION CONVENIO CON ASSE;SI;SI;SI;SI;NO;SI;SI;SI;SI;SI;NO;S-D;S-D;NO;NO;NO;NO;NO;NO;NO;NO;NO;NO;NO;NO;NO;N-C;N-C;NO;NO;NO;NO;NO;S-D;NO;NO;NO;NO;NO;NO;NO;NO;NO;NO;-33.39153643;-56.53480692;POINT (-56.53480692 -33.39153643)
377;2.16.858.0.0.2.1.1.5980622001230013004;POLICLINICA BUEM;POL. URBANA BUEM;NO;OESTE;DURAZNO;DURAZNO;URBANA;6;220;1;230;13;622001230013004;6004;545759.25;6305080.09;-33.39259805,-56.50796703;JULIO ETCHECHURI;S/N;ANTONIO GIORDANO;S-D;3;OESTE;REGION OESTE;59;RAP DURAZNO;PRIMER NIVEL;POLICLINICA;35971002;COMISION CONVENIO CON ASSE;SI;SI;SI;SI;NO;SI;SI;SI;SI;SI;NO;S-D;S-D;NO;NO;NO;NO;NO;NO;NO;NO;NO;NO;NO;NO;NO;N-C;N-C;NO;NO;NO;NO;NO;S-D;NO;NO;NO;NO;NO;NO;NO;NO;NO;NO;-33.39259805;-56.50796703;POINT (-56.50796703 -33.39259805)
378;2.16.858.0.0.2.1.1.5980622001226600005;POLICLINICA COBUSU;POL. URBANA COBUSU;NO;OESTE;DURAZNO;DURAZNO;URBANA;6;220;1;226;600;622001226600005;6005;543380.072;6306488.882;-33.37999018323613, -56.533616573145736;INSTRUCCIONES DEL ANO XIII;244;GRITO DE ASENCIO;43621558;3;OESTE;REGION OESTE;59;RAP DURAZNO;PRIMER NIVEL;POLICLINICA;35971002;ID CONVENIO CON ASSE;SI;SI;SI;SI;NO;SI;NO;SI;SI;SI;NO;S-D;S-D;NO;NO;NO;NO;NO;NO;NO;NO;NO;NO;NO;NO;NO;N-C;N-C;NO;NO;NO;NO;NO;S-D;NO;NO;NO;NO;NO;NO;NO;NO;NO;NO;-33.3799901832361;-56.5336165731457;POINT (-56.533616573145736 -33.37999018323613)
379;2.16.858.0.0.2.1.1.5980622001022009006;POLICLINICA LA AMARILLA Y LA GUAIRENA;POL. URBANA LA AMARILLA Y LA GUAIRENA;NO;OESTE;DURAZNO;DURAZNO;URBANA;6;220;1;22;9;622001022009006;6006;543927.35;6307680.28;-33.36922207,-56.52779098;DR. ROSSI (EX 18 DE MAYO);110;DR. H. PARALLADA;43627886;3;OESTE;REGION OESTE;59;RAP DURAZNO;PRIMER NIVEL;POLICLINICA;35971002;COMISION CONVENIO CON ASSE;SI;SI;SI;SI;NO;SI;NO;SI;SI;SI;SI;S-D;S-D;NO;NO;NO;NO;NO;NO;NO;NO;NO;NO;NO;NO;NO;N-C;N-C;NO;NO;NO;NO;NO;S-D;NO;NO;NO;NO;NO;NO;NO;NO;NO;NO;-33.36922207;-56.52779098;POINT (-56.52779098 -33.36922207)
380;2.16.858.0.0.2.1.1.5980622001234801007;PUESTO DE RONDA RURAL LA CURVA;RONDA RURAL LA CURVA;NO;OESTE;DURAZNO;DURAZNO;RURAL;6;220;1;234;801;622001234801007;6007;541471.763;6303613.52;-33.406,-56.554;CONTINUACION JOSE GOMEZ;S/N;MEVIR;NO;3;OESTE;REGION OESTE;59;RAP DURAZNO;PRIMER NIVEL;POLICLINICA;35971002;COMUNIDAD;SI;SI;SI;NO;NO;NO;SI;NO;NO;NO;NO;S-D;S-D;NO;NO;NO;NO;NO;NO;NO;NO;NO;NO;NO;NO;NO;N-C;N-C;NO;NO;NO;NO;NO;S-D;NO;NO;NO;NO;NO;NO;NO;NO;NO;NO;-33.406;-56.554;POINT (-56.554 -33.406)
381;2.16.858.0.0.2.1.1.5980622001126806008;PUESTO DE RONDA RURAL LA LANERA;POLICLINICA LA LANERA;NO;OESTE;DURAZNO;DURAZNO;RURAL;6;220;1;126;806;622001126806008;6008;541947.745;6306161.491;-33.383,-56.549;POETA CARLOS SCAFFO;S/N;INSTRUCCIONES DEL ANO XIII;NO;3;OESTE;REGION OESTE;59;RAP DURAZNO;PRIMER NIVEL;POLICLINICA;35971002;COMISION CONVENIO CON ASSE;SI;SI;SI;NO;NO;NO;SI;NO;NO;NO;NO;S-D;S-D;NO;NO;NO;NO;NO;NO;NO;NO;NO;NO;NO;NO;NO;N-C;N-C;NO;NO;NO;NO;NO;S-D;NO;NO;NO;NO;NO;NO;NO;NO;NO;NO;-33.383;-56.549;POINT (-56.549 -33.383)
382;2.16.858.0.0.2.1.1.5980622001018601009;POLICLINICA MAPEP;POL. URBANA MAPEP;NO;OESTE;DURAZNO;DURAZNO;URBANA;6;220;1;18;601;622001018601009;6009;544244.802;6305070.453;-33.39274843163897, -56.52425037785783;G. WASHINGTON;S/N;GARIBALDI;43627897;3;OESTE;REGION OESTE;59;RAP DURAZNO;PRIMER NIVEL;POLICLINICA;35971002;COMISION CONVENIO CON ASSE;SI;SI;SI;SI;NO;NO;NO;SI;SI;SI;NO;S-D;S-D;NO;NO;NO;NO;NO;NO;NO;NO;NO;NO;NO;NO;NO;N-C;N-C;NO;NO;NO;NO;NO;S-D;NO;NO;NO;NO;NO;NO;NO;NO;NO;NO;-33.392748431639;-56.5242503778578;POINT (-56.52425037785783 -33.39274843163897)
383;2.16.858.0.0.2.1.1.5980622001009011010;POLICLINICA PUERTO DE LOS BARRILES;POL. PUERTO DE LOS BARRILES;NO;OESTE;DURAZNO;DURAZNO;URBANA;6;220;1;9;11;622001009011010;6010;545018.37;6306524.84;-33.37959842,-56.51600543;BALTASAR BRUM;S/N;WASHINGTON;43627898;3;OESTE;REGION OESTE;59;RAP DURAZNO;PRIMER NIVEL;POLICLINICA;35971002;COMISION CONVENIO CON ASSE;SI;SI;SI;SI;NO;SI;SI;SI;SI;SI;NO;S-D;S-D;NO;NO;NO;NO;NO;NO;NO;NO;NO;NO;NO;NO;NO;N-C;N-C;NO;NO;NO;NO;NO;S-D;NO;NO;NO;NO;NO;NO;NO;NO;NO;NO;-33.37959842;-56.51600543;POINT (-56.51600543 -33.37959842)
384;2.16.858.0.0.2.1.1.5980622001017008011;POLICLINICA SAN FRANCISCO;POL. URBANA SAN FRANCISCO;NO;OESTE;DURAZNO;DURAZNO;URBANA;6;220;1;17;8;622001017008011;6011;544485.5;6305357.79;-33.39014681,-56.52167651;SAN MARTIN;333;A. LATORRE;43628678;3;OESTE;REGION OESTE;59;RAP DURAZNO;PRIMER NIVEL;POLICLINICA;35971002;COMISION CONVENIO CON ASSE;SI;SI;SI;SI;NO;SI;NO;SI;SI;SI;SI;S-D;S-D;NO;NO;NO;NO;NO;NO;NO;NO;NO;NO;NO;NO;NO;N-C;N-C;NO;NO;NO;NO;NO;S-D;NO;NO;NO;NO;NO;NO;NO;NO;NO;NO;-33.39014681;-56.52167651;POINT (-56.52167651 -33.39014681)
385;2.16.858.0.0.2.1.1.5980642109005402012;CENTRO AUXILIAR SARANDI DEL YI;CENTRO AUXILIAR SARANDI DEL YI;NO;OESTE;DURAZNO;SARANDI DEL YI;URBANA;6;421;9;5;402;642109005402012;6012;628052.23;6310167.08;-33.34006591,-55.62397309;AVDA. PETRINI;501;PTE. BERNARDO BERRO;43679169;3;OESTE;REGION OESTE;89;CENTRO AUXILIAR SARANDI DEL YI;SEGUNDO NIVEL;HOSPITAL;22232009;ASSE;SI;SI;SI;SI;NO;SI;NO;SI;SI;SI;SI;S-D;S-D;NO;NO;SI;SI;NO;NO;NO;NO;NO;NO;NO;SI;N-C;SI;NO;NO;NO;SI;SI;SI;S-D;SI;SI;SI;NO;SI;NO;NO;NO;NO;SI;-33.34006591;-55.62397309;POINT (-55.62397309 -33.34006591)
386;2.16.858.0.0.2.1.1.5980642109011011013;POLICLINICA BARRIO ESTACION;POL. BARRIO ESTACION;NO;OESTE;DURAZNO;SARANDI DEL YI;URBANA;6;421;9;11;11;642109011011013;6013;628597.73;6311632.036;-33.32679091576385, -55.61832133076893;CIRINO LOPEZ;S/N;JOAQUIN BAEZ;NO;3;OESTE;REGION OESTE;59;RAP DURAZNO;PRIMER NIVEL;POLICLINICA;35971002;IGLESIA;SI;NO;SI;NO;NO;NO;NO;SI;NO;NO;NO;S-D;S-D;NO;NO;NO;NO;NO;NO;NO;NO;NO;NO;NO;NO;NO;N-C;N-C;NO;NO;NO;NO;NO;S-D;NO;NO;NO;NO;NO;NO;NO;NO;NO;NO;-33.3267909157639;-55.6183213307689;POINT (-55.61832133076893 -33.32679091576385)
387;2.16.858.0.0.2.1.1.5980642109009001014;POLICLINICA MALBAJAR;POL. MALBAJAR;NO;OESTE;DURAZNO;SARANDI DEL YI;URBANA;6;421;9;9;1;642109009001014;6014;626650.06;6309989.89;-33.34182969,-55.63901204;PROFESOR ENRIQUE MARTINEZ MATONTE;S/N;ISIDORO DE MARIA;NO;3;OESTE;REGION OESTE;59;RAP DURAZNO;PRIMER NIVEL;POLICLINICA;35971002;IGLESIA;SI;NO;SI;NO;NO;NO;SI;SI;NO;NO;NO;S-D;S-D;NO;NO;NO;NO;NO;NO;NO;NO;NO;NO;NO;NO;NO;N-C;N-C;NO;NO;NO;NO;NO;S-D;NO;NO;NO;NO;NO;NO;NO;NO;NO;NO;-33.34182969;-55.63901204;POINT (-55.63901204 -33.34182969)
388;2.16.858.0.0.2.1.1.5980642109119006015;POLICLINICA MEVIR;POL. MEVIR (DURAZNO);NO;OESTE;DURAZNO;SARANDI DEL YI;URBANA;6;421;9;119;6;642109119006015;6015;626519.14;6309086.66;-33.34998977,-55.64029186;CONSTITUCION;S/N;CONT. ORIBE;S-D;3;OESTE;REGION OESTE;59;RAP DURAZNO;PRIMER NIVEL;POLICLINICA;35971002;COMISION CONVENIO CON ASSE;SI;SI;SI;NO;NO;SI;NO;SI;SI;NO;NO;S-D;S-D;NO;NO;NO;NO;NO;NO;NO;NO;NO;NO;NO;NO;NO;N-C;N-C;NO;NO;NO;NO;NO;S-D;NO;NO;NO;NO;NO;NO;NO;NO;NO;NO;-33.34998977;-55.64029186;POINT (-55.64029186 -33.34998977)
389;2.16.858.0.0.2.1.1.5980642109007003016;POLICLINICA PLAYA VIEJA;POL. PLAYA VIEJA;NO;OESTE;DURAZNO;SARANDI DEL YI;URBANA;6;421;9;7;3;642109007003016;6016;627940.53;6309023.03;-33.35039540,-55.62501093;OSIRIS RODRIGUEZ CASTILLOS;S/N;SARANDI;NO;3;OESTE;REGION OESTE;59;RAP DURAZNO;PRIMER NIVEL;POLICLINICA;35971002;ID SIN CONVENIO CON ASSE;SI;NO;SI;NO;NO;NO;NO;SI;NO;NO;NO;S-D;S-D;NO;NO;NO;NO;NO;NO;NO;NO;NO;NO;NO;NO;NO;N-C;N-C;NO;NO;NO;NO;NO;S-D;NO;NO;NO;NO;NO;NO;NO;NO;NO;NO;-33.3503954;-55.62501093;POINT (-55.62501093 -33.3503954)
390;2.16.858.0.0.2.1.1.5980642109008010017;POLICLINICA SAN ANTONIO;POL. SAN ANTONIO;NO;OESTE;DURAZNO;SARANDI DEL YI;URBANA;6;421;9;8;10;642109008010017;6017;627490.45;6309187.48;-33.34896592,-55.62987006;PROFESOR ENRIQUE MARTINEZ MATONTE;S/N;JOSE PEDRO VARELA;NO;3;OESTE;REGION OESTE;59;RAP DURAZNO;PRIMER NIVEL;POLICLINICA;35971002;IGLESIA;SI;SI;SI;NO;NO;NO;SI;SI;SI;NO;NO;S-D;S-D;SI;NO;NO;NO;NO;NO;NO;NO;NO;NO;NO;NO;NO;N-C;N-C;NO;NO;NO;NO;NO;S-D;NO;NO;NO;NO;NO;NO;NO;NO;NO;NO;-33.34896592;-55.62987006;POINT (-55.62987006 -33.34896592)
391;2.16.858.0.0.2.1.1.5980642109004003018;POLICLINICA URBANA BARRIO NORTE;POL. BARRIO NORTE;NO;OESTE;DURAZNO;SARANDI DEL YI;URBANA;6;421;9;4;3;642109004003018;6018;627399.814;6310293.876;-33.339,-55.631;JUAN ANTONIO LAVALLEJA;S/N;JUSTO LEMA;NO;3;OESTE;REGION OESTE;59;RAP DURAZNO;PRIMER NIVEL;POLICLINICA;35971002;IGLESIA;SI;NO;SI;NO;NO;NO;NO;SI;NO;NO;NO;S-D;S-D;NO;NO;NO;NO;NO;NO;NO;NO;NO;NO;NO;NO;NO;N-C;N-C;NO;NO;NO;NO;NO;S-D;NO;NO;NO;NO;NO;NO;NO;NO;NO;NO;-33.339;-55.631;POINT (-55.631 -33.339)
392;2.16.858.0.0.2.1.1.5980652104001014020;POLICLINICA VILLA DEL CARMEN;POL. RURAL VILLA DEL CARMEN;NO;OESTE;DURAZNO;CARMEN;RURAL;6;521;4;1;14;652104001014020;6020;592231.463;6321692.903;-33.239787334111035, -56.01001165238543;ANDRES FARAUT;S/N;DR. RODOLFO DE ANGELIS;43654077;3;OESTE;REGION OESTE;59;RAP DURAZNO;PRIMER NIVEL;POLICLINICA;35971002;ASSE;SI;SI;SI;SI;NO;SI;NO;SI;SI;NO;SI;S-D;S-D;NO;NO;NO;NO;NO;NO;NO;NO;NO;NO;NO;NO;NO;N-C;N-C;NO;NO;NO;SI;SI;S-D;SI;SI;NO;NO;NO;NO;NO;NO;NO;SI;-33.239787334111;-56.0100116523854;POINT (-56.01001165238543 -33.239787334111035)
393;2.16.858.0.0.2.1.1.5980662106001801021;POLICLINICA BLANQUILLO;POL. RURAL BLANQUILLO;NO;OESTE;DURAZNO;BLANQUILLO;RURAL;6;621;6;1;801;662106001801021;6021;629609.74;6360783.42;-32.88344365,-55.61442548;ALEJANDRO SARACHAGA;S/N;MARCELINO URIOSTE;43662175;3;OESTE;REGION OESTE;59;RAP DURAZNO;PRIMER NIVEL;POLICLINICA;35971002;ASSE;SI;SI;SI;SI;NO;NO;NO;SI;SI;NO;SI;S-D;S-D;SI;NO;NO;NO;NO;NO;NO;NO;NO;NO;NO;NO;NO;N-C;N-C;NO;NO;NO;SI;NO;S-D;NO;SI;NO;NO;NO;NO;NO;NO;NO;NO;-32.88344365;-55.61442548;POINT (-55.61442548 -32.88344365)
394;2.16.858.0.0.2.1.1.5980662207002814022;POLICLINICA LA PALOMA;POL. RURAL LA PALOMA;NO;OESTE;DURAZNO;LA PALOMA;RURAL;6;622;7;2;814;662207002814022;6022;632780.572;6377978.529;-32.728,-55.583;CELIA G. DE SANCHEZ;S/N;MEVIR;43603026;3;OESTE;REGION OESTE;59;RAP DURAZNO;PRIMER NIVEL;POLICLINICA;35971002;ASSE;SI;SI;SI;SI;NO;SI;NO;SI;SI;SI;SI;S-D;S-D;SI;NO;NO;NO;NO;NO;NO;NO;NO;NO;NO;NO;NO;N-C;N-C;NO;NO;NO;SI;NO;S-D;SI;SI;NO;NO;NO;NO;NO;NO;NO;NO;-32.728;-55.583;POINT (-55.583 -32.728)
395;2.16.858.0.0.2.1.1.5980672112001012023;POLICLINICA CARLOS REYLES;POL. RURAL CARLOS REYLES;NO;OESTE;DURAZNO;CARLOS REYLES;RURAL;6;721;12;1;12;672112001012023;6023;548571.23;6342414.35;-33.05573145,-56.47972912;RIVERA;S/N;ANTONIO CASABO;43682070;3;OESTE;REGION OESTE;59;RAP DURAZNO;PRIMER NIVEL;POLICLINICA;35971002;ASSE;SI;SI;SI;SI;NO;NO;NO;SI;SI;NO;SI;S-D;S-D;SI;NO;NO;NO;NO;NO;NO;NO;NO;NO;NO;NO;NO;N-C;N-C;NO;NO;NO;SI;NO;S-D;NO;SI;NO;NO;NO;NO;NO;NO;NO;NO;-33.05573145;-56.47972912;POINT (-56.47972912 -33.05573145)
396;2.16.858.0.0.2.1.1.5980672211201025024;POLICLINICA RURAL CENTENARIO;POL. RURAL CENTENARIO;NO;OESTE;DURAZNO;CENTENARIO;RURAL;6;722;11;201;25;672211201025024;6024;547224.887;6367090.057;-32.83321322777896, -56.49541586526777;RUTA 5  (APROX KM 247);S/N;JOSE PEDRO VARELA;46643810;1;NORTE;REGION NORTE;59;RAP DURAZNO;PRIMER NIVEL;POLICLINICA;35971002;COMISION SIN CONVENIO CON ASSE;SI;SI;SI;SI;NO;NO;SI;SI;NO;NO;NO;S-D;S-D;NO;NO;NO;NO;NO;NO;NO;NO;NO;NO;NO;NO;NO;N-C;N-C;NO;NO;NO;SI;NO;S-D;NO;SI;NO;NO;NO;NO;NO;NO;NO;NO;-32.833213227779;-56.4954158652678;POINT (-56.49541586526777 -32.83321322777896)
397;2.16.858.0.0.2.1.1.5980672402101801025;POLICLINICA SPORTIVO YI;POL. SPORTIVO YI;NO;OESTE;DURAZNO;SANTA BERNARDINA;RURAL;6;724;2;101;801;672402101801025;6025;544804.23;6308906.64;-33.35812469,-56.51842590;G. HUDSON;S/N;IRISARRY;43627278;1;OESTE;REGION OESTE;59;RAP DURAZNO;PRIMER NIVEL;POLICLINICA;35971002;COMISION CONVENIO CON ASSE;SI;SI;SI;SI;NO;SI;NO;SI;SI;SI;SI;S-D;S-D;NO;NO;NO;NO;NO;NO;NO;NO;NO;NO;NO;NO;NO;N-C;N-C;NO;NO;NO;NO;NO;S-D;NO;NO;NO;NO;NO;NO;NO;NO;NO;NO;-33.35812469;-56.5184259;POINT (-56.5184259 -33.35812469)
398;2.16.858.0.0.2.1.1.5980679008101042026;CENTRO AUXILIAR CERRO CHATO;C. S. CERRO CHATO;NO;OESTE;DURAZNO;CERRO CHATO;RURAL;6;790;8;101;42;679008101042026;6026;673343.39;6336037.72;-33.10049025,-55.14241318;BRIGADIER M. ORIBE;S-D;DR. CEIBAL ARTIGAS;44662285 - 44662183;3;OESTE;REGION ESTE;61;RAP TREINTA Y TRES;PRIMER NIVEL;CENTRO DE SALUD;264361005;S-D;SI;SI;SI;SI;NO;NO;NO;SI;SI;SI;NO;NO;NC;NO;NO;SI;SI;NO;NO;NO;NO;NO;NO;NO;NO;N-C;NO;NO;NO;NO;SI;SI;SI;S-D;SI;SI;SI;SI;SI;NO;NO;NO;NO;SI;-33.10049025;-55.14241318;POINT (-55.14241318 -33.10049025)
399;2.16.858.0.0.2.1.1.5980690001035817027;PUESTO DE RONDA RURAL BATOVI;RONDA RURAL BATOVI;NO;OESTE;DURAZNO;RURAL;RURAL;6;900;1;35;817;690001035817027;6027;546911.9;6299530.07;-33.44260622,-56.49528385;PARAJE BATOVI;S/N;ESCUELA 26;NO;3;OESTE;REGION OESTE;59;RAP DURAZNO;PRIMER NIVEL;POLICLINICA;35971002;SOLICITUD DE COMODATO;SI;SI;SI;NO;NO;NO;SI;NO;NO;NO;NO;S-D;S-D;NO;NO;NO;NO;NO;NO;NO;NO;NO;NO;NO;NO;NO;N-C;N-C;NO;NO;NO;NO;NO;S-D;NO;NO;NO;NO;NO;NO;NO;NO;NO;NO;-33.44260622;-56.49528385;POINT (-56.49528385 -33.44260622)
401;2.16.858.0.0.2.1.1.5980690007008005029;PUESTO DE RONDA RURAL CUCHILLA DE RAMIREZ;RONDA RURAL CUCHILLA DE RAMIREZ;NO;OESTE;DURAZNO;CUCHILLA DE RAMIREZ;RURAL;6;900;7;8;5;690007008005029;6029;641709.79;6397394.04;-32.55180264,-55.49068104;CNO. VECINAL;S-D;CNO. VECINAL;NO;3;OESTE;REGION OESTE;59;RAP DURAZNO;PRIMER NIVEL;POLICLINICA;35971002;COMISION SIN CONVENIO CON ASSE;SI;SI;SI;NO;NO;NO;SI;NO;NO;NO;NO;S-D;S-D;NO;NO;NO;NO;NO;NO;NO;NO;NO;NO;NO;NO;NO;N-C;N-C;NO;NO;NO;NO;NO;S-D;NO;NO;NO;NO;NO;NO;NO;NO;NO;NO;-32.55180264;-55.49068104;POINT (-55.49068104 -32.55180264)
404;2.16.858.0.0.2.1.1.5980690009003001032;PUESTO DE RONDA RURAL PUNTAS DE MALBAJAR;RONDA RURAL PUNTAS DE MALBAJAR;NO;OESTE;DURAZNO;RURAL;RURAL;6;900;9;3;1;690009003001032;6032;643910.78;6339521.67;-33.07337691,-55.45825888;RUTA 43;S/N;RUTA 6;43607051;3;OESTE;REGION OESTE;59;RAP DURAZNO;PRIMER NIVEL;POLICLINICA;35971002;COMISION SIN CONVENIO CON ASSE;SI;SI;SI;NO;NO;NO;NO;SI;SI;NO;SI;S-D;S-D;NO;NO;NO;NO;NO;NO;NO;NO;NO;NO;NO;NO;NO;N-C;N-C;NO;NO;NO;NO;NO;S-D;NO;NO;NO;NO;NO;NO;NO;NO;NO;NO;-33.07337691;-55.45825888;POINT (-55.45825888 -33.07337691)
405;2.16.858.0.0.2.1.1.5980692205103003033;PUESTO DE RONDA RURAL AGUAS BUENAS;RONDA RURAL AGUAS BUENAS;NO;OESTE;DURAZNO;AGUAS BUENAS;RURAL;6;922;5;103;3;692205103003033;6033;607009.079;6360881.763;-32.885,-55.856;RUTA 100 KM 85  CNO. VECINAL;S/N;COMPLEJO MEVIR;4360 5425;3;OESTE;REGION OESTE;59;RAP DURAZNO;PRIMER NIVEL;POLICLINICA;35971002;COMISION SIN CONVENIO CON ASSE;SI;NO;SI;NO;NO;NO;NO;SI;NO;NO;NO;S-D;S-D;NO;NO;NO;NO;NO;NO;NO;NO;NO;NO;NO;NO;NO;N-C;N-C;NO;NO;NO;NO;NO;S-D;NO;NO;NO;NO;NO;NO;NO;NO;NO;NO;-32.885;-55.856;POINT (-55.856 -32.885)
406;2.16.858.0.0.2.1.1.5980692402207805034;PUESTO DE RONDA RURAL PUEBLO ALVAREZ;RONDA RURAL PUEBLO ALVAREZ;NO;OESTE;DURAZNO;PUEBLO DE ALVAREZ;RURAL;6;924;2;207;805;692402207805034;6034;567660.85;6328686.14;-33.17853241,-56.27424514;RUTA 100 KM;35;ESCUELA 56;NO;3;OESTE;REGION OESTE;59;RAP DURAZNO;PRIMER NIVEL;POLICLINICA;35971002;COMISION SIN CONVENIO CON ASSE;SI;SI;SI;NO;NO;NO;SI;NO;NO;NO;NO;S-D;S-D;NO;NO;NO;NO;NO;NO;NO;NO;NO;NO;NO;NO;NO;N-C;N-C;NO;NO;NO;NO;NO;S-D;NO;NO;NO;NO;NO;NO;NO;NO;NO;NO;-33.17853241;-56.27424514;POINT (-56.27424514 -33.17853241)
407;2.16.858.0.0.2.1.1.5980695102307800035;PUESTO DE RONDA RURAL OMBUES DE ORIBE;RONDA RURAL OMBUES DE ORIBE;NO;OESTE;DURAZNO;OMBUES DE ORIBE;RURAL;6;951;2;307;800;695102307800035;6035;560056.39;6315811.14;-33.29510669,-56.35495644;OMBUES DE ORIBE;S/N;MEVIR;NO;3;OESTE;REGION OESTE;59;RAP DURAZNO;PRIMER NIVEL;POLICLINICA;35971002;COMUNIDAD;SI;SI;SI;NO;NO;NO;SI;NO;NO;NO;NO;S-D;S-D;NO;NO;NO;NO;NO;NO;NO;NO;NO;NO;NO;NO;NO;N-C;N-C;NO;NO;NO;NO;NO;S-D;NO;NO;NO;NO;NO;NO;NO;NO;NO;NO;-33.29510669;-56.35495644;POINT (-56.35495644 -33.29510669)
408;2.16.858.0.0.2.1.1.5980696010205026036;PUESTO DE RONDA RURAL ROSSELL Y RIUS;RONDA RURAL ROSSELL Y RIUS;NO;OESTE;DURAZNO;ROSSELL Y RIUS;RURAL;6;960;10;205;26;696010205026036;6036;621377.29;6327527.19;-33.18429230,-55.69800919;CALLE 3;S/N;CALLE 9;43607469;3;OESTE;REGION OESTE;59;RAP DURAZNO;PRIMER NIVEL;POLICLINICA;35971002;COMUNIDAD;SI;NO;SI;NO;NO;NO;NO;SI;NO;NO;NO;S-D;S-D;NO;NO;NO;NO;NO;NO;NO;NO;NO;NO;NO;NO;NO;N-C;N-C;NO;NO;NO;NO;NO;S-D;NO;NO;NO;NO;NO;NO;NO;NO;NO;NO;-33.1842923;-55.69800919;POINT (-55.69800919 -33.1842923)
409;2.16.858.0.0.2.1.1.5980696405005403037;POLICLINICA SAN JORGE;POL. RURAL SAN JORGE;NO;OESTE;DURAZNO;SAN JORGE;RURAL;6;964;5;5;403;696405005403037;6037;603273.75;6365742.1;-32.84152405,-55.89646970;RUTA 100;S/N;CAMINO AL RINCON;43605027;3;OESTE;REGION OESTE;59;RAP DURAZNO;PRIMER NIVEL;POLICLINICA;35971002;COMISION CONVENIO CON ASSE;SI;SI;SI;SI;NO;NO;NO;SI;SI;NO;NO;S-D;S-D;NO;NO;NO;NO;NO;NO;NO;NO;NO;NO;NO;NO;NO;N-C;N-C;NO;NO;NO;SI;NO;S-D;NO;NO;NO;NO;NO;NO;NO;NO;NO;NO;-32.84152405;-55.8964697;POINT (-55.8964697 -32.84152405)
410;2.16.858.0.0.2.1.1.5980622001002013038;POLICLINICA CENTRO;POL. CENTRO - POL. ADOLESCENTES;NO;OESTE;DURAZNO;DURAZNO;URBANA;6;220;1;2;13;622001002013038;6038;544547.89;6306579.69;-33.37912336,-56.52106613;EUSEBIO PIRIZ;S/N;AVDA. GRAL. ARTIGAS;43622984;3;OESTE;REGION OESTE;59;RAP DURAZNO;PRIMER NIVEL;POLICLINICA;35971002;ASSE;SI;SI;SI;SI;NO;SI;SI;SI;SI;SI;NO;S-D;S-D;NO;NO;NO;NO;NO;NO;NO;NO;NO;NO;NO;NO;NO;N-C;N-C;NO;NO;NO;NO;NO;S-D;NO;NO;NO;NO;NO;NO;NO;NO;NO;NO;-33.37912336;-56.52106613;POINT (-56.52106613 -33.37912336)
412;2.16.858.0.0.2.1.1.5980622001001001040;POLICLINICA POLICIAL;POL. POLICIAL;NO;OESTE;DURAZNO;DURAZNO;URBANA;6;220;1;1;1;622001001001040;6040;544514.69;6306518.43;-33.37967725,-56.52142000;EUSEBIO PIRIZ;S/N;18 DE JULIO;21528050;3;OESTE;REGION OESTE;59;RAP DURAZNO;PRIMER NIVEL;POLICLINICA;35971002;MINISTERIO DEL INTERIOR;SI;SI;SI;SI;NO;NO;NO;SI;SI;SI;NO;S-D;S-D;NO;NO;NO;NO;NO;NO;NO;NO;NO;NO;NO;NO;NO;N-C;N-C;NO;NO;NO;NO;NO;S-D;NO;NO;NO;NO;NO;NO;NO;NO;NO;NO;-33.37967725;-56.52142;POINT (-56.52142 -33.37967725)
414;2.16.858.0.0.2.1.1.5980732001013001002;CENTRO DEPARTAMENTAL FLORES;HOSPITAL DE FLORES;NO;OESTE;FLORES;TRINIDAD;URBANA;7;320;1;13;1;732001013001002;7002;509673.82;6290656.53;-33.52362595,-56.89582383;BATLLE Y ORDONEZ;834;M. SANCHEZ;43644555;3;OESTE;REGION OESTE;20;CENTRO DEPARTAMENTAL FLORES;SEGUNDO NIVEL;HOSPITAL;22232009;ASSE;NO;SI;SI;SI;SI;SI;NO;SI;SI;SI;SI;NO;NC;SI;SI;NO;SI;SI;NO;NO;NO;NO;NO;SI;SI;NO;SI;SI;SI;SI;SI;SI;SI;S-D;SI;SI;SI;SI;SI;SI;SI;NO;SI;SI;-33.52362595;-56.89582383;POINT (-56.89582383 -33.52362595)
415;2.16.858.0.0.2.1.1.5980732001015010003;POLICLINICA BARRIO RIBOT;POL. BARRIO RIBOT;NO;OESTE;FLORES;TRINIDAD;URBANA;7;320;1;15;10;732001015010003;7003;508778.86;6290747.02;-33.52281750,-56.90546236;LEANDRO GOMEZ;S-D;DR. MANUEL SANCHEZ;S-D;3;OESTE;REGION OESTE;81;RAP FLORES;PRIMER NIVEL;POLICLINICA;35971002;IGLESIA;SI;SI;SI;SI;NO;SI;SI;SI;SI;NO;SI;NO;NC;NO;NO;NO;NO;NO;NO;NO;NO;NO;NO;NO;NO;NO;N-C;N-C;NO;NO;NO;NO;NO;S-D;NO;NO;NO;NO;NO;NO;NO;NO;NO;SI;-33.5228175;-56.90546236;POINT (-56.90546236 -33.5228175)
416;2.16.858.0.0.2.1.1.5980732001225018004;POLICLINICA BARRIO UNION;POL. BARRIO UNION;NO;OESTE;FLORES;TRINIDAD;URBANA;7;320;1;225;18;732001225018004;7004;509934.736;6289395.228;-33.535,-56.893;HEBER CASTIGLIONI;S-D;AURELIANO PAREDES;S-D;3;OESTE;REGION OESTE;81;RAP FLORES;PRIMER NIVEL;POLICLINICA;35971002;IGLESIA;SI;SI;SI;SI;NO;SI;SI;SI;SI;NO;NO;NO;NC;NO;NO;NO;NO;NO;NO;NO;NO;NO;NO;NO;NO;NO;N-C;N-C;NO;NO;NO;NO;NO;S-D;NO;NO;NO;NO;NO;NO;NO;NO;NO;SI;-33.535;-56.893;POINT (-56.893 -33.535)
417;2.16.858.0.0.2.1.1.5980732001020021005;"POLICLINICA CRUZ ROJA ""PEDRO BLAS SALLUA""";"POL. CRUZ ROJA ""PEDRO BLAS SALLUA""";NO;OESTE;FLORES;TRINIDAD;URBANA;7;320;1;20;21;732001020021005;7005;509457.84;6292401.18;-33.50789184,-56.89816807;LUIS A. DE HERRERA;S-D;BALTASAR BRUM;S-D;3;OESTE;REGION OESTE;81;RAP FLORES;PRIMER NIVEL;POLICLINICA;35971002;CRUZ ROJA;SI;SI;SI;SI;NO;NO;SI;SI;NO;NO;SI;NO;NC;NO;NO;NO;NO;NO;NO;NO;NO;NO;NO;NO;NO;NO;N-C;N-C;NO;NO;NO;NO;NO;S-D;NO;NO;NO;NO;NO;NO;NO;NO;NO;NO;-33.50789184;-56.89816807;POINT (-56.89816807 -33.50789184)
418;2.16.858.0.0.2.1.1.5980732001007008006;POLICLINICA RETIRADOS MILITARES;POL. RETIRADOS MILITARES;NO;OESTE;FLORES;TRINIDAD;URBANA;7;320;1;7;8;732001007008006;7006;509937.701;6291493.045;-33.51607850469547, -56.89299137071917;LAVALLEJA;S-D;25 DE AGOSTO;S-D;3;OESTE;REGION OESTE;81;RAP FLORES;PRIMER NIVEL;POLICLINICA;35971002;RETIRADOS MILITARES;SI;SI;SI;SI;NO;NO;SI;SI;SI;NO;NO;NO;NC;NO;NO;NO;NO;NO;NO;NO;NO;NO;NO;NO;NO;NO;N-C;N-C;NO;NO;NO;NO;NO;S-D;NO;NO;NO;NO;NO;NO;NO;NO;NO;NO;-33.5160785046955;-56.8929913707192;POINT (-56.89299137071917 -33.51607850469547)
419;2.16.858.0.0.2.1.1.5980732001121004007;POLICLINICA SANCHEZ ECHEVERRIA;POL. SANCHEZ ECHEVERRIA (COVIF I);NO;OESTE;FLORES;TRINIDAD;URBANA;7;320;1;121;4;732001121004007;7007;509555.5;6292667.31;-33.50549060,-56.89711939;SOLIS;S-D;COLON;S-D;3;OESTE;REGION OESTE;81;RAP FLORES;PRIMER NIVEL;POLICLINICA;35971002;COOPERATIVA;SI;SI;SI;SI;NO;SI;SI;SI;SI;NO;NO;NO;NC;NO;NO;NO;NO;NO;NO;NO;NO;NO;NO;NO;NO;NO;N-C;N-C;NO;NO;NO;NO;NO;S-D;NO;NO;NO;NO;NO;NO;NO;NO;NO;NO;-33.5054906;-56.89711939;POINT (-56.89711939 -33.5054906)
420;2.16.858.0.0.2.1.1.5980772104101012009;POLICLINICA ISMAEL CORTINAS;POL. ISMAEL CORTINAS;NO;OESTE;FLORES;ISMAEL CORTINAS;RURAL;7;721;4;101;12;772104101012009;7009;492018.92;6242492.3;-33.95804710,-57.08638161;LUIS A. DE HERRERA;S-D;A. SARAVIA;45392056;3;OESTE;REGION OESTE;81;RAP FLORES;PRIMER NIVEL;POLICLINICA;35971002;ASSE;SI;SI;SI;SI;NO;SI;NO;SI;SI;NO;SI;NO;NC;NO;NO;NO;NO;NO;NO;NO;NO;NO;NO;NO;NO;NO;N-C;N-C;NO;NO;NO;SI;NO;S-D;NO;NO;NO;NO;NO;NO;NO;NO;NO;NO;-33.9580471;-57.08638161;POINT (-57.08638161 -33.9580471)
421;2.16.858.0.0.2.1.1.5980792103001011010;POLICLINICA ANDRESITO;POL. ANDRESITO;NO;OESTE;FLORES;ANDRESITO;RURAL;7;921;3;1;11;792103001011010;7010;487785.766;6330080.67;-33.168,-57.131;SENAQUE;S-D;VAIMACA PIRU;43604286;3;OESTE;REGION OESTE;81;RAP FLORES;PRIMER NIVEL;POLICLINICA;35971002;ASSE;SI;SI;SI;SI;NO;SI;NO;SI;SI;SI;NO;NO;NC;NO;NO;NO;NO;NO;NO;NO;NO;NO;NO;NO;NO;NO;N-C;N-C;NO;NO;NO;NO;NO;S-D;NO;NO;NO;NO;NO;NO;NO;NO;NO;NO;-33.168;-57.131;POINT (-57.131 -33.168)
422;2.16.858.0.0.2.1.1.5980792506202603011;POLICLINICA JUAN JOSE CASTRO;POL. JUAN JOSE CASTRO;NO;OESTE;FLORES;JUAN JOSE CASTRO;RURAL;7;925;6;202;603;792506202603011;7011;523823.359;6294101.149;-33.49233517651569, -56.743541664362404;RUTA SECUNDARIA;S-D;ESCUELA N 25;43604286;3;OESTE;REGION OESTE;81;RAP FLORES;PRIMER NIVEL;POLICLINICA;35971002;ANEP;SI;SI;SI;SI;NO;NO;SI;NO;NO;NO;NO;NO;NC;NO;NO;NO;NO;NO;NO;NO;NO;NO;NO;NO;NO;NO;N-C;N-C;NO;NO;NO;NO;NO;S-D;NO;NO;NO;NO;NO;NO;NO;NO;NO;NO;-33.4923351765157;-56.7435416643624;POINT (-56.743541664362404 -33.49233517651569)
423;2.16.858.0.0.2.1.1.5980793704103800012;POLICLINICA LA CASILLA;POL. LA CASILLA;NO;OESTE;FLORES;LA CASILLA;RURAL;7;937;4;103;800;793704103800012;7012;504820.577;6274431.574;-33.670,-56.948;RUTA 23;S-D;MEVIR;43604943;3;OESTE;REGION OESTE;81;RAP FLORES;PRIMER NIVEL;POLICLINICA;35971002;MEVIR;SI;SI;SI;SI;NO;NO;NO;SI;SI;NO;NO;NO;NC;NO;NO;NO;NO;NO;NO;NO;NO;NO;NO;NO;NO;NO;N-C;N-C;NO;NO;NO;NO;NO;S-D;NO;NO;NO;NO;NO;NO;NO;NO;NO;NO;-33.67;-56.948;POINT (-56.948 -33.67)
424;2.16.858.0.0.2.1.1.5980793805201600013;POLICLINICA CERRO COLORADO;POL. CERRO COLORADO;NO;OESTE;FLORES;CERRO COLORADO;RURAL;7;938;5;201;600;793805201600013;7013;518678.67;6268211.37;-33.72594868,-56.79838098;RUTA 3;S-D;MEVIR;43604537;3;OESTE;REGION OESTE;81;RAP FLORES;PRIMER NIVEL;POLICLINICA;35971002;MEVIR;SI;SI;SI;SI;NO;SI;SI;SI;SI;SI;NO;NO;NC;NO;NO;NO;NO;NO;NO;NO;NO;NO;NO;NO;NO;NO;N-C;N-C;NO;NO;NO;NO;NO;S-D;NO;NO;NO;NO;NO;NO;NO;NO;NO;NO;-33.72594868;-56.79838098;POINT (-56.79838098 -33.72594868)
425;2.16.858.0.0.2.1.1.5980732001009013014;POLICLINICA DR. RUBIO;POL. POLICIAL;NO;OESTE;FLORES;TRINIDAD;URBANA;7;320;1;9;13;732001009013014;7014;509134.05;6291309.16;-33.51774427,-56.90164312;STA.TRINIDAD;S-D;SARANDI;43642029;3;OESTE;REGION OESTE;81;RAP FLORES;PRIMER NIVEL;POLICLINICA;35971002;MINISTERIO DEL INTERIOR;SI;SI;SI;SI;NO;SI;NO;SI;NO;SI;NO;SI;LUNES A VIERNES;NO;NO;NO;NO;NO;NO;NO;NO;NO;NO;NO;NO;NO;N-C;N-C;NO;NO;NO;NO;NO;S-D;NO;NO;NO;NO;NO;NO;NO;NO;NO;NO;-33.51774427;-56.90164312;POINT (-56.90164312 -33.51774427)
426;2.16.858.0.0.2.1.1.5980822001006010001;CENTRO DEPARTAMENTAL FLORIDA;HOSPITAL DE FLORIDA;NO;OESTE;FLORIDA;FLORIDA;URBANA;8;220;1;6;10;822001006010001;8001;572983.42;6226611.14;-34.09875962,-56.20878253;BALTASAR BRUM;414;LAVALLEJA;43522021;3;OESTE;REGION OESTE;21;CENTRO DEPARTAMENTAL FLORIDA;TERCER NIVEL;HOSPITAL;22232009;ASSE;NO;SI;SI;SI;SI;NO;NO;SI;SI;SI;SI;NO;NC;NO;SI;NO;SI;SI;NO;SI;NO;SI;NO;NO;SI;SI;SI;NO;SI;SI;SI;SI;SI;S-D;SI;SI;SI;SI;SI;SI;NO;NO;SI;SI;-34.09875962;-56.20878253;POINT (-56.20878253 -34.09875962)
427;2.16.858.0.0.2.1.1.5980822001022014002;POLICLINICA CORRALON DEL TIGRE;POL. CORRALON DEL TIGRE;NO;OESTE;FLORIDA;FLORIDA;URBANA;8;220;1;22;14;822001022014002;8002;572771.48;6227734.64;-34.08864274,-56.21117398;ASAMBLEA;S/N;12 DE OCTUBRE;43521340;3;OESTE;REGION OESTE;58;RAP FLORIDA;PRIMER NIVEL;POLICLINICA;35971002;COMISION VECINAL;SI;SI;SI;SI;NO;SI;SI;SI;SI;SI;SI;SI;C 15 DIAS;NO;NO;NO;NO;NO;NO;NO;NO;NO;NO;NO;NO;NO;N-C;N-C;NO;NO;NO;SI;NO;S-D;NO;SI;NO;NO;NO;NO;NO;NO;NO;NO;-34.08864274;-56.21117398;POINT (-56.21117398 -34.08864274)
428;2.16.858.0.0.2.1.1.5980822001028008003;POLICLINICA CUCHILLA SANTARCIERI;POL. CUCHILLA SANTARCIERI;NO;OESTE;FLORIDA;FLORIDA;URBANA;8;220;1;28;8;822001028008003;8003;570253.52;6227489.06;-34.09102964,-56.23844607;CALLE 60;3545;GRAUERT;43521368;3;OESTE;REGION OESTE;58;RAP FLORIDA;PRIMER NIVEL;POLICLINICA;35971002;COMISION VECINAL;SI;SI;SI;SI;NO;SI;SI;SI;SI;SI;SI;SI;C 15 DIAS;NO;NO;NO;NO;NO;NO;NO;NO;NO;NO;NO;NO;NO;N-C;N-C;NO;NO;NO;SI;NO;S-D;NO;SI;NO;NO;NO;NO;NO;NO;NO;NO;-34.09102964;-56.23844607;POINT (-56.23844607 -34.09102964)
429;2.16.858.0.0.2.1.1.5980822001026600004;POLICLINICA FLORIDA BLANCA;POL. FLORIDA BLANCA;NO;OESTE;FLORIDA;FLORIDA;URBANA;8;220;1;26;600;822001026600004;8004;571124.76;6226335.69;-34.10137172,-56.22890825;FAUSTINO HARRISON;S-D;TIMOTEO APARICIO;43521306;3;OESTE;REGION OESTE;58;RAP FLORIDA;PRIMER NIVEL;POLICLINICA;35971002;COMISION VECINAL;SI;SI;SI;SI;NO;SI;SI;SI;SI;SI;NO;SI;C 15 DIAS;NO;NO;NO;NO;NO;NO;NO;NO;NO;NO;NO;NO;NO;N-C;N-C;NO;NO;NO;SI;NO;S-D;NO;SI;NO;NO;NO;NO;NO;NO;NO;NO;-34.10137172;-56.22890825;POINT (-56.22890825 -34.10137172)
430;2.16.858.0.0.2.1.1.5980822001019009005;POLICLINICA PRADO ESPANOL;POL. PRADO ESPANOL;NO;OESTE;FLORIDA;FLORIDA;URBANA;8;220;1;19;9;822001019009005;8005;572782.69;6225927.06;-34.10494263,-56.21090123;L. E. PEREZ;S/N;JOSE BATLLE Y ORDONEZ;43522247;3;OESTE;REGION OESTE;58;RAP FLORIDA;PRIMER NIVEL;POLICLINICA;35971002;ASSE;SI;SI;SI;SI;NO;SI;SI;SI;SI;SI;NO;SI;C 15 DIAS;SI;NO;NO;NO;NO;NO;NO;NO;NO;NO;NO;NO;NO;N-C;N-C;NO;NO;NO;SI;NO;S-D;NO;SI;NO;NO;NO;NO;NO;NO;NO;NO;-34.10494263;-56.21090123;POINT (-56.21090123 -34.10494263)
431;2.16.858.0.0.2.1.1.5980822001021007006;POLICLINICA SAN FERNANDO;POL. SAN FERNANDO;NO;OESTE;FLORIDA;FLORIDA;URBANA;8;220;1;21;7;822001021007006;8006;571727.79;6227984.83;-34.08645865,-56.22250705;GIANOLLA;S/N;HEBER USHER;43521302;3;OESTE;REGION OESTE;58;RAP FLORIDA;PRIMER NIVEL;POLICLINICA;35971002;COMISION VECINAL;SI;SI;SI;SI;NO;SI;SI;SI;SI;SI;NO;SI;C 15 DIAS;NO;NO;NO;NO;NO;NO;NO;NO;NO;NO;NO;NO;NO;N-C;N-C;NO;NO;NO;SI;NO;S-D;NO;SI;NO;NO;NO;NO;NO;NO;NO;NO;-34.08645865;-56.22250705;POINT (-56.22250705 -34.08645865)
432;2.16.858.0.0.2.1.1.5980842110005025007;CENTRO AUXILIAR SARANDI GRANDE;CENTRO AUXILIAR SARANDI GRANDE;NO;OESTE;FLORIDA;SARANDI GRANDE;URBANA;8;421;10;5;25;842110005025007;8007;562526.98;6268102.81;-33.72524816,-56.32509001;PASTEUR;1052;TREINTA Y TRES;43549078;3;OESTE;REGION OESTE;58;RAP FLORIDA;PRIMER NIVEL;CENTRO DE SALUD;264361005;ASSE;SI;SI;SI;SI;NO;SI;NO;SI;SI;SI;SI;NO;NC;NO;NO;SI;SI;NO;NO;NO;NO;NO;NO;NO;SI;N-C;NO;NO;NO;NO;SI;SI;SI;S-D;SI;SI;NO;SI;SI;NO;NO;NO;SI;SI;-33.72524816;-56.32509001;POINT (-56.32509001 -33.72524816)
434;2.16.858.0.0.2.1.1.5980842110001006009;POLICLINICA NUEVO PARIS;POL. CHAMPAGNAT;NO;OESTE;FLORIDA;SARANDI GRANDE;URBANA;8;421;10;1;6;842110001006009;8009;561675.773;6268969.838;-33.71747855128063, -56.33433766798455;ITUZAINGO;S/N;BATALLA DE LAS PIEDRAS;43548055;3;OESTE;REGION OESTE;58;RAP FLORIDA;PRIMER NIVEL;POLICLINICA;35971002;MEVIR;SI;SI;SI;SI;NO;NO;NO;SI;NO;NO;NO;NO;NC;NO;NO;NO;NO;NO;NO;NO;NO;NO;NO;NO;NO;NO;N-C;N-C;NO;NO;NO;SI;NO;S-D;NO;SI;NO;NO;NO;NO;NO;NO;NO;NO;-33.7174785512806;-56.3343376679846;POINT (-56.33433766798455 -33.71747855128063)
435;2.16.858.0.0.2.1.1.5980842110002006010;POLICLINICA DEL PARQUE;POL. URBANA DEL PARQUE;NO;OESTE;FLORIDA;SARANDI GRANDE;URBANA;8;421;10;2;6;842110002006010;8010;562029.33;6267879.7;-33.72728958,-56.33044568;MACHADO RIBAS;S/N;12 DE OCTUBRE;43548056;3;OESTE;REGION OESTE;58;RAP FLORIDA;PRIMER NIVEL;POLICLINICA;35971002;COMISION VECINAL;SI;SI;SI;SI;NO;NO;NO;SI;NO;NO;NO;NO;NC;NO;NO;NO;NO;NO;NO;NO;NO;NO;NO;NO;NO;NO;N-C;N-C;NO;NO;NO;SI;NO;S-D;NO;SI;NO;NO;NO;NO;NO;NO;NO;NO;-33.72728958;-56.33044568;POINT (-56.33044568 -33.72728958)
436;2.16.858.0.0.2.1.1.5980842110002810011;POLICLINICA URBANA MEVIR;POL. URBANA MEVIR;NO;OESTE;FLORIDA;SARANDI GRANDE;URBANA;8;421;10;2;810;842110002810011;8011;561239.154;6268249.543;-33.724,-56.339;12 DE OCTUBRE;S/N;DURAZNO;43548054;3;OESTE;REGION OESTE;58;RAP FLORIDA;PRIMER NIVEL;POLICLINICA;35971002;ASSE;SI;SI;SI;SI;NO;NO;NO;SI;NO;NO;NO;NO;NC;NO;NO;NO;NO;NO;NO;NO;NO;NO;NO;NO;NO;NO;N-C;N-C;NO;NO;NO;SI;NO;S-D;NO;SI;NO;NO;NO;NO;NO;NO;NO;NO;-33.724;-56.339;POINT (-56.339 -33.724)
438;2.16.858.0.0.2.1.1.5980852102106026014;POLICLINICA CASUPA;POL. CASUPA;NO;OESTE;FLORIDA;CASUPA;RURAL;8;521;2;106;26;852102106026014;8014;624461.226;6225567.829;-34.10330534646316, -55.65066714365237;J. P. VARELA;S/N;FERNANDEZ OLASCUAGA;43112190;3;OESTE;REGION OESTE;58;RAP FLORIDA;PRIMER NIVEL;POLICLINICA;35971002;ASSE;SI;SI;SI;SI;NO;SI;SI;SI;SI;SI;SI;NO;NC;NO;NO;NO;NO;NO;NO;NO;NO;NO;NO;NO;NO;NO;N-C;N-C;NO;NO;NO;SI;NO;S-D;NO;SI;NO;NO;NO;NO;NO;NO;NO;NO;-34.1033053464632;-55.6506671436524;POINT (-55.65066714365237 -34.10330534646316)
439;2.16.858.0.0.2.1.1.5980862113101035015;POLICLINICA CARDAL;POL. CARDAL;NO;OESTE;FLORIDA;CARDAL;RURAL;8;621;13;101;35;862113101035015;8015;555971.48;6205658.05;-34.28876657,-56.39184444;JOSE ROSSI;S/N;AVDA. JOSE G. ARTIGAS;43398059;3;OESTE;REGION OESTE;58;RAP FLORIDA;PRIMER NIVEL;POLICLINICA;35971002;ASSE;SI;SI;SI;SI;NO;SI;SI;SI;SI;NO;NO;NO;NC;NO;NO;NO;NO;NO;NO;NO;NO;NO;NO;NO;NO;NO;N-C;N-C;NO;NO;NO;SI;NO;S-D;NO;SI;NO;NO;NO;NO;NO;NO;NO;NO;-34.28876657;-56.39184444;POINT (-56.39184444 -34.28876657)
440;2.16.858.0.0.2.1.1.5980862202004018016;POLICLINICA FRAY MARCOS;POL. FRAY MARCOS;NO;OESTE;FLORIDA;FRAY MARCOS;RURAL;8;622;2;4;18;862202004018016;8016;616257.91;6215401.37;-34.19591596,-55.73822037;CYRO GIAMBRUNO (RUTA 7);S/N;18 DE JULIO;43116070;3;OESTE;REGION OESTE;58;RAP FLORIDA;PRIMER NIVEL;POLICLINICA;35971002;PARTICULAR;SI;SI;SI;SI;NO;SI;SI;SI;SI;SI;SI;SI;C 15 DIAS;NO;NO;NO;NO;NO;NO;NO;NO;NO;NO;NO;NO;NO;N-C;N-C;NO;NO;NO;SI;SI;S-D;SI;SI;NO;NO;NO;NO;NO;NO;NO;NO;-34.19591596;-55.73822037;POINT (-55.73822037 -34.19591596)
441;2.16.858.0.0.2.1.1.5980862313105026017;POLICLINICA 25 DE AGOSTO;POL. 25 DE AGOSTO (FLORIDA);NO;OESTE;FLORIDA;25 DE AGOSTO;RURAL;8;623;13;105;26;862313105026017;8017;555200.39;6191893.34;-34.41293675,-56.39933761;ZENEN RODRIGUEZ;S/N;MANUEL CALLEROS;43382032;3;OESTE;REGION OESTE;58;RAP FLORIDA;PRIMER NIVEL;POLICLINICA;35971002;ASSE;SI;SI;SI;SI;NO;SI;SI;SI;SI;NO;SI;NO;NC;NO;NO;NO;NO;NO;NO;NO;NO;NO;NO;NO;NO;NO;N-C;N-C;NO;NO;NO;SI;NO;S-D;NO;SI;NO;NO;NO;NO;NO;NO;NO;NO;-34.41293675;-56.39933761;POINT (-56.39933761 -34.41293675)
442;2.16.858.0.0.2.1.1.5980862412002014018;POLICLINICA 25 DE MAYO;POL. 25 DE MAYO;NO;OESTE;FLORIDA;25 DE MAYO;RURAL;8;624;12;2;14;862412002014018;8018;560650.02;6215738.86;-34.19759534,-56.34172097;19 DE JUNIO;S/N;GRAL. JOSE G. ARTIGAS;43392065;3;OESTE;REGION OESTE;58;RAP FLORIDA;PRIMER NIVEL;POLICLINICA;35971002;ASSE;SI;SI;SI;SI;NO;SI;SI;SI;SI;NO;SI;NO;NC;SI;NO;NO;NO;NO;NO;NO;NO;NO;NO;NO;NO;NO;N-C;N-C;NO;NO;NO;SI;NO;S-D;NO;SI;NO;NO;NO;NO;NO;NO;NO;NO;-34.19759534;-56.34172097;POINT (-56.34172097 -34.19759534)
443;2.16.858.0.0.2.1.1.5980872109201011019;POLICLINICA CERRO COLORADO;POL. CERRO COLORADO;NO;OESTE;FLORIDA;ALEJANDRO GALLINAL;RURAL;8;721;9;201;11;872109201011019;8019;634090.84;6251888.25;-33.86480841,-55.55033235;RUTA 7 KM;145 5;EL BAQUEANO;43182066;3;OESTE;REGION OESTE;58;RAP FLORIDA;PRIMER NIVEL;POLICLINICA;35971002;ASSE;SI;SI;SI;SI;NO;SI;NO;SI;SI;SI;NO;NO;NC;NO;NO;NO;NO;NO;NO;NO;NO;NO;NO;NO;NO;NO;N-C;N-C;NO;NO;NO;SI;NO;S-D;NO;SI;NO;NO;NO;NO;NO;NO;NO;NO;-33.86480841;-55.55033235;POINT (-55.55033235 -33.86480841)
444;2.16.858.0.0.2.1.1.5980872207304600020;POLICLINICA DR. HUGO DIBARBOURE;POL. CAPILLA DEL SAUCE;NO;OESTE;FLORIDA;CAPILLA DEL SAUCE;RURAL;8;722;7;304;600;872207304600020;8020;626949.81;6296065.02;-33.46735796,-55.63382742;AVDA. CENTENARIO;S/N;RUTA 6;43607225;3;OESTE;REGION OESTE;58;RAP FLORIDA;PRIMER NIVEL;POLICLINICA;35971002;ASSE;SI;SI;SI;SI;NO;SI;SI;SI;SI;NO;SI;NO;NC;NO;NO;NO;NO;NO;NO;NO;NO;NO;NO;NO;NO;NO;N-C;N-C;NO;NO;NO;SI;NO;S-D;NO;SI;NO;NO;NO;NO;NO;NO;NO;NO;-33.46735796;-55.63382742;POINT (-55.63382742 -33.46735796)
445;2.16.858.0.0.2.1.1.5980872303202400021;POLICLINICA LA CRUZ;POL. LA CRUZ;NO;OESTE;FLORIDA;LA CRUZ;RURAL;8;723;3;202;400;872303202400021;8021;570661.401;6245497.032;-33.92860444546235, -56.23548186746988;GRA. JOSE ARTIGAS;S/N;GRAL. F. RIVERA;43502146;3;OESTE;REGION OESTE;58;RAP FLORIDA;PRIMER NIVEL;POLICLINICA;35971002;ANEP;SI;SI;SI;SI;NO;SI;NO;SI;SI;SI;NO;NO;NC;NO;NO;NO;NO;NO;NO;NO;NO;NO;NO;NO;NO;NO;N-C;N-C;NO;NO;NO;NO;NO;S-D;NO;SI;NO;NO;NO;NO;NO;NO;NO;NO;-33.9286044454624;-56.2354818674699;POINT (-56.23548186746988 -33.92860444546235)
446;2.16.858.0.0.2.1.1.5980882102101041022;POLICLINICA CHAMIZO;POL. CHAMIZO;NO;OESTE;FLORIDA;CHAMIZO;RURAL;8;821;2;101;41;882102101041022;8022;599620.64;6210310.62;-34.24354334,-55.91817206;RUTA 94;S/N;FLORIDA;43192070;3;OESTE;REGION OESTE;58;RAP FLORIDA;PRIMER NIVEL;POLICLINICA;35971002;ASSE;SI;SI;SI;SI;NO;SI;SI;SI;NO;SI;SI;NO;NC;SI;NO;NO;NO;NO;NO;NO;NO;NO;NO;NO;NO;NO;N-C;N-C;NO;NO;NO;SI;NO;S-D;NO;SI;NO;NO;NO;NO;NO;NO;NO;NO;-34.24354334;-55.91817206;POINT (-55.91817206 -34.24354334)
447;2.16.858.0.0.2.1.1.5980882211001019023;POLICLINICA GONI;POL. GONI;NO;OESTE;FLORIDA;GONI;RURAL;8;822;11;1;19;882211001019023;8023;554265.719;6290818.405;-33.52083,-56.41564;SARANDI;S/N;19 DE ABRIL;43502825;3;OESTE;REGION OESTE;58;RAP FLORIDA;PRIMER NIVEL;POLICLINICA;35971002;ASSE;SI;SI;SI;SI;NO;NO;NO;SI;NO;NO;NO;NO;NC;NO;NO;NO;NO;NO;NO;NO;NO;NO;NO;NO;NO;NO;N-C;N-C;NO;NO;NO;SI;NO;S-D;NO;SI;NO;NO;NO;NO;NO;NO;NO;NO;-33.52083;-56.41564;POINT (-56.41564 -33.52083)
448;2.16.858.0.0.2.1.1.5980882305205700024;POLICLINICA MENDOZA GRANDE;POL. MENDOZA GRANDE;NO;OESTE;FLORIDA;MENDOZA;RURAL;8;823;5;205;700;882305205700024;8024;572265;6206460.23;-34.28052631,-56.21488823;FLORIDA;S/N;ANGEL VALERIO;43395033;3;OESTE;REGION OESTE;58;RAP FLORIDA;PRIMER NIVEL;POLICLINICA;35971002;COMISION VECINAL;SI;SI;SI;SI;NO;SI;SI;SI;SI;NO;SI;NO;NC;NO;NO;NO;NO;NO;NO;NO;NO;NO;NO;NO;NO;NO;N-C;N-C;NO;NO;NO;SI;NO;S-D;NO;SI;NO;NO;NO;NO;NO;NO;NO;NO;-34.28052631;-56.21488823;POINT (-56.21488823 -34.28052631)
449;2.16.858.0.0.2.1.1.5980882405008602025;POLICLINICA MENDOZA CHICO;POL. MENDOZA CHICO;NO;OESTE;FLORIDA;MENDOZA CHICO;RURAL;8;824;5;8;602;882405008602025;8025;572137.49;6210827.09;-34.24115615,-56.21663857;19 DE ABRIL;S/N;LIDA TORENA;43395083;3;OESTE;REGION OESTE;58;RAP FLORIDA;PRIMER NIVEL;POLICLINICA;35971002;MEVIR;SI;SI;SI;SI;NO;SI;SI;SI;SI;NO;SI;NO;NC;NO;NO;NO;NO;NO;NO;NO;NO;NO;NO;NO;NO;NO;N-C;N-C;NO;NO;NO;SI;NO;S-D;NO;SI;NO;NO;NO;NO;NO;NO;NO;NO;-34.24115615;-56.21663857;POINT (-56.21663857 -34.24115615)
450;2.16.858.0.0.2.1.1.5980882502010012026;POLICLINICA REBOLEDO;POL. REBOLEDO;NO;OESTE;FLORIDA;REBOLEDO;RURAL;8;825;2;10;12;882502010012026;8026;624667.53;6237497.65;-33.99571754,-55.65013701;RAMON JUANI;S/N;ORFILIA JUANI IRIGOIN;43119014;3;OESTE;REGION OESTE;58;RAP FLORIDA;PRIMER NIVEL;POLICLINICA;35971002;MEVIR;SI;SI;SI;SI;NO;SI;SI;SI;SI;NO;NO;NO;NC;NO;NO;NO;NO;NO;NO;NO;NO;NO;NO;NO;NO;NO;N-C;N-C;NO;NO;NO;SI;NO;S-D;NO;SI;NO;NO;NO;NO;NO;NO;NO;NO;-33.99571754;-55.65013701;POINT (-55.65013701 -33.99571754)
451;2.16.858.0.0.2.1.1.5980890002216704027;POLICLINICA SAN GABRIEL;POL. SAN GABRIEL;NO;OESTE;FLORIDA;RURAL;RURAL;8;900;2;216;704;890002216704027;8027;602735.863;6233121.253;-34.03756,-55.88705;RUTA 56;S/N;RUTA 6;NO;3;OESTE;REGION OESTE;58;RAP FLORIDA;PRIMER NIVEL;POLICLINICA;35971002;ASSE;SI;SI;SI;SI;NO;SI;SI;NO;SI;NO;SI;NO;NC;NO;NO;NO;NO;NO;NO;NO;NO;NO;NO;NO;NO;NO;N-C;N-C;NO;NO;NO;SI;NO;S-D;NO;SI;NO;NO;NO;NO;NO;NO;NO;NO;-34.03756;-55.88705;POINT (-55.88705 -34.03756)
452;2.16.858.0.0.2.1.1.5980892312007603028;POLICLINICA BERRONDO;POL. BERRONDO;NO;OESTE;FLORIDA;BERRONDO;RURAL;8;923;12;7;603;892312007603028;8028;566618.383;6221266.568;-34.14738211872301, -56.27737127607697;CNO. BERRONDO;S/N;S-D;NO;3;OESTE;REGION OESTE;58;RAP FLORIDA;PRIMER NIVEL;POLICLINICA;35971002;IGLESIA;SI;SI;SI;SI;NO;NO;SI;NO;NO;NO;NO;NO;NC;NO;NO;NO;NO;NO;NO;NO;NO;NO;NO;NO;NO;NO;N-C;N-C;NO;NO;NO;SI;NO;S-D;NO;SI;NO;NO;NO;NO;NO;NO;NO;NO;-34.147382118723;-56.277371276077;POINT (-56.27737127607697 -34.14738211872301)
453;2.16.858.0.0.2.1.1.5980893313003800029;POLICLINICA INDEPENDENCIA;POL. INDEPENDENCIA;NO;OESTE;FLORIDA;INDEPENDENCIA;RURAL;8;933;13;3;800;893313003800029;8029;555468.85;6198493.9;-34.35339953,-56.39684349;CALLE 1;S/N;CALLE 6;43382122;3;OESTE;REGION OESTE;58;RAP FLORIDA;PRIMER NIVEL;POLICLINICA;35971002;PARTICULAR;SI;SI;SI;SI;NO;SI;SI;SI;SI;NO;SI;NO;NC;NO;NO;NO;NO;NO;NO;NO;NO;NO;NO;NO;NO;NO;N-C;N-C;NO;NO;NO;SI;NO;S-D;NO;SI;NO;NO;NO;NO;NO;NO;NO;NO;-34.35339953;-56.39684349;POINT (-56.39684349 -34.35339953)
454;2.16.858.0.0.2.1.1.5980894003001014030;POLICLINICA PINTADO;POL. PINTADO;NO;OESTE;FLORIDA;PINTADO;RURAL;8;940;3;1;14;894003001014030;8030;564180.03;6255937.81;-33.83486040,-56.30636448;INDEPENDENCIA;S/N;GRAL. RIVERA;NO;3;OESTE;REGION OESTE;58;RAP FLORIDA;PRIMER NIVEL;POLICLINICA;35971002;PARTICULAR;SI;SI;SI;SI;NO;NO;NO;SI;NO;NO;NO;NO;NC;NO;NO;NO;NO;NO;NO;NO;NO;NO;NO;NO;NO;NO;N-C;N-C;NO;NO;NO;SI;NO;S-D;NO;SI;NO;NO;NO;NO;NO;NO;NO;NO;-33.8348604;-56.30636448;POINT (-56.30636448 -33.8348604)
455;2.16.858.0.0.2.1.1.5980894108001002031;POLICLINICA POLANCO DEL YI;POL. POLANCO DEL YI;NO;OESTE;FLORIDA;POLANCO DEL YI;RURAL;8;941;8;1;2;894108001002031;8031;578316.088;6294515.056;-33.486,-56.157;RUTA 42;S/N;S-D;NO;3;OESTE;REGION OESTE;58;RAP FLORIDA;PRIMER NIVEL;POLICLINICA;35971002;COMISION VECINAL;SI;SI;SI;SI;NO;NO;NO;SI;NO;NO;NO;NO;NC;NO;NO;NO;NO;NO;NO;NO;NO;NO;NO;NO;NO;NO;N-C;N-C;NO;NO;NO;SI;NO;S-D;NO;SI;NO;NO;NO;NO;NO;NO;NO;NO;-33.486;-56.157;POINT (-56.157 -33.486)
456;2.16.858.0.0.2.1.1.5980894411002012032;POLICLINICA PUNTAS DE MACIEL;POL. PUNTAS DE MACIEL;NO;OESTE;FLORIDA;PUNTAS DE MACIEL;RURAL;8;944;11;2;12;894411002012032;8032;559085.325;6279572.756;-33.622,-56.363;CNO.VECINAL;S-D;MEVIR;43502833;3;OESTE;REGION OESTE;58;RAP FLORIDA;PRIMER NIVEL;POLICLINICA;35971002;AFE;SI;SI;SI;SI;NO;NO;NO;SI;NO;NO;NO;NO;NC;NO;NO;NO;NO;NO;NO;NO;NO;NO;NO;NO;NO;NO;N-C;N-C;NO;NO;NO;SI;NO;S-D;NO;SI;NO;NO;NO;NO;NO;NO;NO;NO;-33.622;-56.363;POINT (-56.363 -33.622)
457;2.16.858.0.0.2.1.1.5980899301532806033;POLICLINICA LA MACANA;POL. LA MACANA;NO;OESTE;FLORIDA;LA MACANA;RURAL;8;993;1;532;806;899301532806033;8033;574919.213;6233634.249;-34.03528889578841, -56.18840242926678;CNO. LA MACANA;S-D;CNO. VECINAL;43503483;3;OESTE;REGION OESTE;58;RAP FLORIDA;PRIMER NIVEL;POLICLINICA;35971002;IGLESIA;SI;SI;SI;SI;NO;NO;SI;NO;NO;NO;SI;NO;NC;NO;NO;NO;NO;NO;NO;NO;NO;NO;NO;NO;NO;NO;N-C;N-C;NO;NO;NO;SI;NO;S-D;NO;SI;NO;NO;NO;NO;NO;NO;NO;NO;-34.0352888957884;-56.1884024292668;POINT (-56.18840242926678 -34.03528889578841)
461;2.16.858.0.0.2.1.1.5980922001215002002;CENTRO DEPARTAMENTAL LAVALLEJA;HOSPITAL LAVALLEJA;NO;ESTE;LAVALLEJA;MINAS;URBANA;9;220;1;215;2;922001215002002;9002;662997.9;6195577.32;-34.36834917,-55.22737199;AVDA. VARELA;1185;DR. CASAS ARAUJO;44422483;4;ESTE;REGION ESTE;22;CENTRO DEPARTAMENTAL LAVALLEJA;TERCER NIVEL;HOSPITAL;22232009;ASSE;NO;SI;SI;SI;SI;NO;NO;SI;SI;SI;SI;S-D;S-D;NO;SI;NO;SI;SI;NO;SI;NO;SI;NO;SI;SI;SI;SI;SI;SI;SI;SI;SI;SI;S-D;SI;SI;SI;SI;SI;SI;SI;NO;SI;SI;-34.36834917;-55.22737199;POINT (-55.22737199 -34.36834917)
462;2.16.858.0.0.2.1.1.5980922001122031003;POLICLINICA BARRIO ESPANA;POL. BARRIO ESPANA;NO;ESTE;LAVALLEJA;MINAS;URBANA;9;220;1;122;31;922001122031003;9003;659628.69;6194056.01;-34.38258773,-55.26371461;CHICO CARLO;S-D;ARIEL;44422078;4;ESTE;REGION ESTE;42;RAP LAVALLEJA;PRIMER NIVEL;POLICLINICA;35971002;S-D;SI;SI;SI;SI;NO;SI;NO;SI;SI;NO;NO;S-D;S-D;NO;NO;NO;NO;NO;NO;NO;NO;NO;NO;NO;NO;NO;N-C;N-C;NO;NO;NO;SI;NO;S-D;NO;NO;NO;NO;NO;NO;NO;NO;NO;NO;-34.38258773;-55.26371461;POINT (-55.26371461 -34.38258773)
463;2.16.858.0.0.2.1.1.5980922001025610004;POLICLINICA BARRIO N? 3 LOS CABRITOS;POL. CANADA ZAMORA;NO;ESTE;LAVALLEJA;MINAS;URBANA;9;220;1;25;610;922001025610004;9004;661993.6;6195734.61;-34.36708905,-55.23831905;DR. LUIS ALBERTO DE HERRERA;S-D;CALLE 211;44445591;4;ESTE;REGION ESTE;42;RAP LAVALLEJA;PRIMER NIVEL;POLICLINICA;35971002;S-D;SI;SI;SI;SI;NO;SI;NO;SI;SI;NO;NO;SI;LUNES Y JUEVES;NO;NO;NO;NO;NO;NO;NO;NO;NO;NO;NO;NO;NO;N-C;N-C;NO;NO;NO;NO;NO;S-D;NO;NO;NO;NO;NO;NO;NO;NO;NO;NO;-34.36708905;-55.23831905;POINT (-55.23831905 -34.36708905)
464;2.16.858.0.0.2.1.1.5980922001118037005;POLICLINICA BARRIO OLIMPICO DOUGLAS ELOLA;POL. BARRIO OLIMPICO DOUGLAS ELOLA;NO;ESTE;LAVALLEJA;MINAS;URBANA;9;220;1;118;37;922001118037005;9005;661252.1;6195857.96;-34.36609294,-55.24640266;AVDA. ARTIGAS;S-D;EMILIE GOTREUX;44431187;4;ESTE;REGION ESTE;42;RAP LAVALLEJA;PRIMER NIVEL;POLICLINICA;35971002;S-D;SI;SI;SI;SI;NO;NO;SI;NO;SI;NO;NO;S-D;S-D;NO;NO;NO;NO;NO;NO;NO;NO;NO;NO;NO;NO;NO;N-C;N-C;NO;NO;NO;NO;NO;S-D;NO;NO;NO;NO;NO;NO;NO;NO;NO;NO;-34.36609294;-55.24640266;POINT (-55.24640266 -34.36609294)
465;2.16.858.0.0.2.1.1.5980922001016019006;POLICLINICA CENTRO DE BARRIO N? 1 REYES TERRA;POL. CENTRO DE BARRIO N? 1 REYES TERRA;NO;ESTE;LAVALLEJA;MINAS;URBANA;9;220;1;16;19;922001016019006;9006;663085.57;6194557.14;-34.37753129,-55.22622510;ESPANA;S-D;ELLLAURI;44445537;4;ESTE;REGION ESTE;42;RAP LAVALLEJA;PRIMER NIVEL;POLICLINICA;35971002;S-D;SI;SI;SI;SI;NO;NO;SI;NO;SI;NO;NO;S-D;S-D;NO;NO;NO;NO;NO;NO;NO;NO;NO;NO;NO;NO;NO;N-C;N-C;NO;NO;NO;NO;NO;S-D;NO;NO;NO;NO;NO;NO;NO;NO;NO;NO;-34.37753129;-55.2262251;POINT (-55.2262251 -34.37753129)
466;2.16.858.0.0.2.1.1.5980922001218400007;POLICLINICA BO. ESTACION;POL. ESTACION;NO;ESTE;LAVALLEJA;MINAS;URBANA;9;220;1;218;400;922001218400007;9007;660777.3;6197033.09;-34.35557394,-55.25178400;AVDA. ARTIGAS;S-D;URGOLINI;44429886;4;ESTE;REGION ESTE;42;RAP LAVALLEJA;PRIMER NIVEL;POLICLINICA;35971002;S-D;SI;SI;SI;SI;NO;SI;SI;SI;SI;NO;NO;S-D;S-D;NO;NO;NO;NO;NO;NO;NO;NO;NO;NO;NO;NO;NO;N-C;N-C;NO;NO;NO;SI;NO;S-D;NO;NO;NO;NO;NO;NO;NO;NO;NO;NO;-34.35557394;-55.251784;POINT (-55.251784 -34.35557394)
467;2.16.858.0.0.2.1.1.5980922001217010008;POLICLINICA FILARMONICA;POL. FILARMONICA;NO;ESTE;LAVALLEJA;MINAS;URBANA;9;220;1;217;10;922001217010008;9008;662693.59;6194291.88;-34.37998409,-55.23043627;WASHINGTON BELTRAN;S-D;RONDEAU;44424712;4;ESTE;REGION ESTE;42;RAP LAVALLEJA;PRIMER NIVEL;POLICLINICA;35971002;S-D;SI;SI;SI;SI;NO;NO;NO;SI;SI;NO;NO;S-D;S-D;NO;NO;NO;NO;NO;NO;NO;NO;NO;NO;NO;NO;NO;N-C;N-C;NO;NO;NO;NO;NO;S-D;NO;NO;NO;NO;NO;NO;NO;NO;NO;NO;-34.37998409;-55.23043627;POINT (-55.23043627 -34.37998409)
468;2.16.858.0.0.2.1.1.5980922001122805009;POLICLINICA GAROLINI;POL. GAROLINI;NO;ESTE;LAVALLEJA;MINAS;URBANA;9;220;1;122;805;922001122805009;9009;658944.31;6194739.34;-34.37653339,-55.27128231;GUAYABO;S-D;ROBLES;44431207;4;ESTE;REGION ESTE;42;RAP LAVALLEJA;PRIMER NIVEL;POLICLINICA;35971002;S-D;SI;SI;SI;SI;NO;NO;SI;NO;SI;NO;NO;S-D;S-D;NO;NO;NO;NO;NO;NO;NO;NO;NO;NO;NO;NO;NO;N-C;N-C;NO;NO;NO;NO;NO;S-D;NO;NO;NO;NO;NO;NO;NO;NO;NO;NO;-34.37653339;-55.27128231;POINT (-55.27128231 -34.37653339)
470;2.16.858.0.0.2.1.1.5980922001008004011;POLICLINICA RAMBLA;POL. DIABETICOS RAMBLA;NO;ESTE;LAVALLEJA;MINAS;URBANA;9;220;1;8;4;922001008004011;9011;661889.37;6194545.68;-34.37782250,-55.23922769;DOMINGO PEREZ;433;FRANKLIN D. ROOSEVELT;44432995;4;ESTE;REGION ESTE;42;RAP LAVALLEJA;PRIMER NIVEL;POLICLINICA;35971002;S-D;SI;SI;SI;SI;NO;NO;SI;SI;NO;NO;NO;S-D;S-D;NO;NO;NO;NO;NO;NO;NO;NO;NO;NO;NO;NO;NO;N-C;N-C;NO;NO;NO;NO;NO;S-D;NO;NO;NO;NO;NO;NO;NO;NO;NO;NO;-34.3778225;-55.23922769;POINT (-55.23922769 -34.3778225)
472;2.16.858.0.0.2.1.1.5980952112101403014;CENTRO AUXILIAR JOSE BATLLE Y ORDONEZ;CENTRO AUXILIAR JOSE BATLLE Y ORDONEZ;NO;ESTE;LAVALLEJA;JOSE BATLLE Y ORDONEZ;RURAL;9;521;12;101;403;952112101403014;9014;672326.56;6294690.68;-33.47340571,-55.14543430;18 DE JULIO;S-D;BVAR. ARTIGAS;44692267;4;ESTE;REGION ESTE;42;RAP LAVALLEJA;PRIMER NIVEL;CENTRO DE SALUD;264361005;S-D;SI;SI;SI;SI;NO;SI;NO;SI;SI;NO;SI;S-D;S-D;SI;NO;SI;SI;NO;NO;NO;NO;NO;NO;SI;SI;N-C;NO;SI;NO;NO;SI;SI;SI;S-D;SI;SI;NO;NO;SI;NO;NO;NO;NO;SI;-33.47340571;-55.1454343;POINT (-55.1454343 -33.47340571)
473;2.16.858.0.0.2.1.1.5980952210105011015;POLICLINICA COMUNITARIA VARELA;POL. SIAV 1;NO;ESTE;LAVALLEJA;JOSE PEDRO VARELA;URBANA;9;522;10;105;11;952210105011015;9015;728166.012;6295019.393;-33.460,-54.545;LAVALLEJA;S-D;ALBERTO URRUSTI;S-D;4;ESTE;REGION ESTE;61;RAP TREINTA Y TRES;PRIMER NIVEL;POLICLINICA;35971002;S-D;SI;SI;SI;SI;NO;NO;NO;SI;SI;NO;NO;NO;NC;NO;NO;NO;NO;NO;NO;NO;NO;NO;NO;NO;NO;NO;N-C;N-C;NO;NO;NO;NO;NO;S-D;NO;NO;NO;NO;SI;NO;NO;NO;NO;NO;-33.46;-54.545;POINT (-54.545 -33.46)
474;2.16.858.0.0.2.1.1.5980952210102018016;POLICLINICA DR. A. PODESTA CARNELLI;CENTRO PODESTA CARNELLI VARELA;NO;ESTE;LAVALLEJA;JOSE PEDRO VARELA;URBANA;9;522;10;102;18;952210102018016;9016;729418.1;6295460.09;-33.45576128,-54.53165124;TREINTA Y TRES;S-D;JOSE M. COYA;44559027;4;ESTE;REGION ESTE;61;RAP TREINTA Y TRES;PRIMER NIVEL;POLICLINICA;35971002;S-D;SI;SI;SI;SI;NO;SI;NO;SI;SI;NO;SI;NO;NC;NO;NO;NO;NO;NO;NO;NO;NO;NO;NO;NO;NO;NO;N-C;N-C;NO;NO;NO;NO;NO;S-D;SI;NO;NO;NO;NO;NO;NO;NO;NO;NO;-33.45576128;-54.53165124;POINT (-54.53165124 -33.45576128)
475;2.16.858.0.0.2.1.1.5980962108001014017;POLICLINICA MARISCALA;POL. MARISCALA;NO;ESTE;LAVALLEJA;MARISCALA;RURAL;9;621;8;1;14;962108001014017;9017;704969.2;6230670.22;-34.04463971,-54.77951229;SARANDI;S-D;TREINTA Y TRES;44492004;4;ESTE;REGION ESTE;42;RAP LAVALLEJA;PRIMER NIVEL;POLICLINICA;35971002;S-D;SI;SI;SI;SI;NO;SI;NO;SI;SI;NO;SI;S-D;S-D;NO;NO;NO;NO;NO;NO;NO;NO;NO;NO;NO;NO;NO;N-C;N-C;NO;NO;NO;SI;SI;S-D;SI;NO;NO;NO;NO;NO;NO;NO;NO;NO;-34.04463971;-54.77951229;POINT (-54.77951229 -34.04463971)
476;2.16.858.0.0.2.1.1.5980962202002013018;CENTRO DE SALUD SOLIS DE MATAOJO;C.S. SOLIS DE MATAOJO;NO;ESTE;LAVALLEJA;SOLIS DE MATAOJO;RURAL;9;622;2;2;13;962202002013018;9018;640610.48;6170925.94;-34.59386458,-55.46669452;25 DE AGOSTO;S-D;MARIA AMESTOY;44474032;4;ESTE;REGION ESTE;42;RAP LAVALLEJA;PRIMER NIVEL;POLICLINICA;35971002;S-D;SI;SI;SI;SI;NO;SI;SI;SI;SI;NO;SI;S-D;S-D;NO;NO;NO;NO;NO;NO;NO;NO;NO;NO;NO;NO;NO;N-C;N-C;NO;NO;SI;SI;SI;S-D;SI;NO;NO;NO;NO;NO;NO;NO;NO;SI;-34.59386458;-55.46669452;POINT (-55.46669452 -34.59386458)
477;2.16.858.0.0.2.1.1.5980972109001009019;POLICLINICA PIRARAJA;POL. PIRARAJA;NO;ESTE;LAVALLEJA;PIRARAJA;RURAL;9;721;9;1;9;972109001009019;9019;707257.84;6264480.69;-33.73948423,-54.76270956;OLMOS;S-D;DR. PEDRO CORBO (P PIRARAJA);44482005;4;ESTE;REGION ESTE;42;RAP LAVALLEJA;PRIMER NIVEL;POLICLINICA;35971002;S-D;SI;SI;SI;SI;NO;SI;NO;SI;SI;NO;SI;S-D;S-D;NO;NO;NO;NO;NO;NO;NO;NO;NO;NO;NO;NO;NO;N-C;N-C;NO;NO;NO;SI;SI;S-D;SI;NO;NO;NO;NO;NO;NO;NO;NO;NO;-33.73948423;-54.76270956;POINT (-54.76270956 -33.73948423)
478;2.16.858.0.0.2.1.1.5980972211201407020;POLICLINICA ZAPICAN;POL. ZAPICAN;NO;ESTE;LAVALLEJA;ZAPICAN;RURAL;9;722;11;201;407;972211201407020;9020;691399.41;6288449.62;-33.52642112,-54.93895037;BVAR. CONSTITUCION;S-D;25 DE AGOSTO;44632018;4;ESTE;REGION ESTE;42;RAP LAVALLEJA;PRIMER NIVEL;POLICLINICA;35971002;S-D;SI;SI;SI;SI;NO;NO;NO;SI;SI;SI;SI;S-D;S-D;SI;NO;NO;NO;NO;NO;NO;NO;NO;NO;NO;NO;NO;N-C;N-C;NO;NO;NO;SI;SI;S-D;SI;NO;NO;NO;NO;NO;NO;NO;NO;SI;-33.52642112;-54.93895037;POINT (-54.93895037 -33.52642112)
479;2.16.858.0.0.2.1.1.5980982108205033021;POLICLINICA COLON;POL. COLON;NO;ESTE;LAVALLEJA;COLON;RURAL;9;821;8;205;33;982108205033021;9021;710920.174;6248933.01;-33.87887813829171, -54.71948648883035;CALLE 12;S-D;AMILIVIA;44409097;4;ESTE;REGION ESTE;42;RAP LAVALLEJA;PRIMER NIVEL;POLICLINICA;35971002;S-D;SI;SI;SI;SI;NO;NO;NO;SI;SI;NO;SI;S-D;S-D;NO;NO;NO;NO;NO;NO;NO;NO;NO;NO;NO;NO;NO;N-C;N-C;NO;NO;NO;SI;SI;S-D;SI;NO;NO;NO;NO;NO;NO;NO;NO;NO;-33.8788781382917;-54.7194864888304;POINT (-54.71948648883035 -33.87887813829171)
480;2.16.858.0.0.2.1.1.5980982309205604022;POLICLINICA ARAMENDIA;POL. ARAMENDIA;NO;ESTE;LAVALLEJA;POBLADO ARAMENDIA;RURAL;9;823;9;205;604;982309205604022;9022;721201.782;6275318.565;-33.639,-54.615;POBLADO ARAMENDIA LOCAL IGLESIA;S-D;RINCON DE LOS PERROS;S-D;4;ESTE;REGION ESTE;42;RAP LAVALLEJA;PRIMER NIVEL;POLICLINICA;35971002;S-D;SI;SI;SI;SI;NO;NO;NO;SI;SI;NO;NO;S-D;S-D;NO;NO;NO;NO;NO;NO;NO;NO;NO;NO;NO;NO;NO;N-C;N-C;NO;NO;NO;SI;SI;S-D;SI;NO;NO;NO;NO;NO;NO;NO;NO;NO;-33.639;-54.615;POINT (-54.615 -33.639)
481;2.16.858.0.0.2.1.1.5980994205201005023;POLICLINICA POLANCO;POL. POLANCO;NO;ESTE;LAVALLEJA;POLANCO NORTE;RURAL;9;942;5;201;5;994205201005023;9023;673674.572;6250121.863;-33.87495619592886, -55.122218807796735;RUTA 40;S-D;VIVIENDAS INVE POLANCO;44402599;4;ESTE;REGION ESTE;42;RAP LAVALLEJA;PRIMER NIVEL;POLICLINICA;35971002;S-D;SI;SI;SI;SI;NO;NO;NO;SI;NO;NO;NO;S-D;S-D;NO;NO;NO;NO;NO;NO;NO;NO;NO;NO;NO;NO;NO;N-C;N-C;NO;NO;NO;SI;NO;S-D;SI;NO;NO;NO;NO;NO;NO;NO;NO;SI;-33.8749561959289;-55.1222188077967;POINT (-55.122218807796735 -33.87495619592886)
482;2.16.858.0.0.2.1.1.5980995513002005024;POLICLINICA VILLA ROSARIO;POL. VILLA ROSARIO;NO;ESTE;LAVALLEJA;VILLA DEL ROSARIO;RURAL;9;955;13;2;5;995513002005024;9024;640016.6;6202223.21;-34.31179928,-55.47829595;RUTA 12;S-D;LICEO VILLA ROSARIO;44632018;4;ESTE;REGION ESTE;42;RAP LAVALLEJA;PRIMER NIVEL;POLICLINICA;35971002;S-D;SI;SI;SI;SI;NO;NO;NO;SI;SI;NO;SI;S-D;S-D;NO;NO;NO;NO;NO;NO;NO;NO;NO;NO;NO;NO;NO;N-C;N-C;NO;NO;NO;SI;NO;S-D;NO;NO;NO;NO;NO;NO;NO;NO;NO;NO;-34.31179928;-55.47829595;POINT (-55.47829595 -34.31179928)
483;2.16.858.0.0.2.1.1.5980995701226608025;POLICLINICA LA CORONILLA;POL. LA CORONILLA;NO;ESTE;LAVALLEJA;BARRIO LA CORONILLA - ANCAP;RURAL;9;957;1;226;608;995701226608025;9025;656633.295;6192507.99;-34.397,-55.296;RUTA 8 BARRIO LA CORONILLA-MINAS;S-D;S-D;NO;4;ESTE;REGION ESTE;42;RAP LAVALLEJA;PRIMER NIVEL;POLICLINICA;35971002;S-D;SI;SI;SI;SI;NO;NO;SI;SI;SI;NO;NO;S-D;S-D;NO;NO;NO;NO;NO;NO;NO;NO;NO;NO;NO;NO;NO;N-C;N-C;NO;NO;NO;NO;NO;S-D;NO;NO;NO;NO;NO;NO;NO;NO;NO;SI;-34.397;-55.296;POINT (-55.296 -34.397)
486;2.16.858.0.0.2.1.1.5981032001229700002;CENTRO DE SALUD VIGIA;C. S. VIGIA;NO;ESTE;MALDONADO;MALDONADO;URBANA;10;320;1;229;700;1032001229700002;10002;686512.13;6137078.76;-34.89158554,-54.95890768;CONT. GARZON;S-D;BARRIO CUGNETI;42238372;4;ESTE;REGION ESTE;49;RAP MALDONADO;PRIMER NIVEL;CENTRO DE SALUD;264361005;ASSE;SI;SI;SI;SI;NO;SI;SI;SI;SI;SI;SI;SI;MIERCOLES Y VIERNES;SI;NO;NO;NO;NO;NO;NO;NO;NO;NO;NO;NO;NO;N-C;N-C;NO;NO;SI;SI;SI;S-D;SI;SI;NO;NO;SI;NO;NO;NO;NO;SI;-34.89158554;-54.95890768;POINT (-54.95890768 -34.89158554)
487;2.16.858.0.0.2.1.1.5981032001046006003;CENTRO DEPARTAMENTAL HOSPITALARIO MALDONADO;HOSPITAL DE MALDONADO;NO;ESTE;MALDONADO;MALDONADO;URBANA;10;320;1;46;6;1032001046006003;10003;685741.11;6135512.31;-34.90584354,-54.96699262;VENTURA ALEGRE;S-D;LAS DALIAS;42225889;4;ESTE;REGION ESTE;102;CENTRO DEPARTAMENTAL HOSPITALARIO MALDONADO;TERCER NIVEL;HOSPITAL;22232009;ASSE;NO;SI;SI;SI;NO;SI;NO;SI;SI;SI;SI;NO;NC;NO;SI;NO;SI;SI;NO;SI;NO;SI;NO;NO;SI;SI;SI;SI;SI;SI;SI;SI;SI;S-D;SI;SI;SI;SI;SI;SI;SI;NO;SI;SI;-34.90584354;-54.96699262;POINT (-54.96699262 -34.90584354)
488;2.16.858.0.0.2.1.1.5981032001433601004;POLICLINICA BARRIO ELISA;POL. BARRIO ELISA;NO;ESTE;MALDONADO;MALDONADO;URBANA;10;320;1;433;601;1032001433601004;10004;688500.54;6137305.03;-34.88917916,-54.93721095;AVDA. CARLOS GARDEL;S-D;AVDA. ALFREDO ZITARROSA;42260328;4;ESTE;REGION ESTE;49;RAP MALDONADO;PRIMER NIVEL;POLICLINICA;35971002;S-D;SI;SI;SI;SI;NO;SI;SI;SI;NO;NO;NO;NO;NC;SI;NO;NO;NO;NO;NO;NO;NO;NO;NO;NO;NO;NO;N-C;N-C;NO;NO;NO;NO;NO;S-D;NO;SI;NO;NO;NO;NO;NO;NO;NO;NO;-34.88917916;-54.93721095;POINT (-54.93721095 -34.88917916)
489;2.16.858.0.0.2.1.1.5981032001044802005;POLICLINICA INTERSOCIAL;POL. INTERSOCIAL;NO;ESTE;MALDONADO;MALDONADO;URBANA;10;320;1;44;802;1032001044802005;10005;687861.278;6136764.191;-34.89417159974232, -54.944081035748034;AV. DE LOS GAUCHOS;827;VIALIDAD (BARRIO SAN ANTONIO);S-D;4;ESTE;REGION ESTE;49;RAP MALDONADO;PRIMER NIVEL;POLICLINICA;35971002;S-D;SI;SI;SI;SI;NO;NO;NO;SI;NO;NO;NO;NO;NC;NO;NO;NO;NO;NO;NO;NO;NO;NO;NO;NO;NO;NO;N-C;N-C;NO;NO;NO;NO;NO;S-D;SI;SI;NO;NO;NO;NO;NO;NO;NO;NO;-34.8941715997423;-54.944081035748;POINT (-54.944081035748034 -34.89417159974232)
490;2.16.858.0.0.2.1.1.5981032001243015006;POLICLINICA MUNICIPAL DE MALDONADO NUEVO;POL. MUNICIPAL DE MALDONADO NUEVO;NO;ESTE;MALDONADO;MALDONADO;URBANA;10;320;1;243;15;1032001243015006;10006;688315.36;6136369.01;-34.89764872,-54.93902546;ALBERTO CARACARA;S-D;TEODORO CHACOVO;42232353;4;ESTE;REGION ESTE;49;RAP MALDONADO;PRIMER NIVEL;POLICLINICA;35971002;S-D;SI;SI;SI;SI;NO;SI;NO;SI;SI;SI;NO;NO;NC;NO;NO;NO;NO;NO;NO;NO;NO;NO;NO;NO;NO;NO;N-C;N-C;NO;NO;NO;SI;NO;S-D;SI;SI;NO;NO;NO;NO;NO;NO;NO;NO;-34.89764872;-54.93902546;POINT (-54.93902546 -34.89764872)
491;2.16.858.0.0.2.1.1.5981032102209403008;HOSPITAL DE SAN CARLOS FLORENCIO ALVARIZA;CENTRO AUXILIAR DE SAN CARLOS;NO;ESTE;MALDONADO;SAN CARLOS;URBANA;10;321;2;209;403;1032102209403008;10008;690059.55;6147545.45;-34.79660472,-54.92248157;AVDA. A. CEBERIO;519;HERACLIO FAJARDO;42669043;4;ESTE;REGION ESTE;102;CENTRO DEPARTAMENTAL HOSPITALARIO MALDONADO;SEGUNDO NIVEL;HOSPITAL;22232009;ASSE;NO;SI;SI;SI;SI;SI;NO;SI;SI;SI;SI;NO;NC;NO;SI;NO;SI;SI;NO;NO;NO;NO;NO;NO;SI;NO;SI;SI;SI;SI;SI;NO;NO;S-D;SI;SI;SI;SI;SI;SI;NO;NO;SI;SI;-34.79660472;-54.92248157;POINT (-54.92248157 -34.79660472)
492;2.16.858.0.0.2.1.1.5981032102002019009;POLICLINICA BARRIO SUR;POL. BARRIO SUR;NO;ESTE;MALDONADO;SAN CARLOS;URBANA;10;321;2;2;19;1032102002019009;10009;690420.92;6147041.05;-34.80108277,-54.91841946;GRAL. MELCHOR MAURENTE;S-D;;42661698;4;ESTE;REGION ESTE;49;RAP MALDONADO;PRIMER NIVEL;POLICLINICA;35971002;INTENDENCIA;SI;SI;SI;SI;NO;NO;SI;SI;SI;NO;SI;NO;NC;NO;NO;NO;NO;NO;NO;NO;NO;NO;NO;NO;NO;NO;N-C;N-C;NO;NO;NO;NO;NO;S-D;NO;SI;NO;NO;NO;NO;NO;NO;NO;NO;-34.80108277;-54.91841946;POINT (-54.91841946 -34.80108277)
493;2.16.858.0.0.2.1.1.5981032102106033010;POLICLINICA RODRIGUEZ BARRIOS;POL. RODRIGUEZ BARRIOS;NO;ESTE;MALDONADO;SAN CARLOS;URBANA;10;321;2;106;33;1032102106033010;10010;691245.84;6148625.97;-34.78664536,-54.90976773;AV. ROCHA;S-D;MONTENEGRO;42670145;4;ESTE;REGION ESTE;49;RAP MALDONADO;PRIMER NIVEL;POLICLINICA;35971002;S-D;SI;SI;SI;SI;NO;SI;NO;SI;SI;NO;NO;NO;NC;SI;NO;NO;NO;NO;NO;NO;NO;NO;NO;NO;NO;NO;N-C;N-C;NO;NO;NO;SI;SI;S-D;SI;SI;NO;NO;NO;NO;NO;NO;NO;NO;-34.78664536;-54.90976773;POINT (-54.90976773 -34.78664536)
494;2.16.858.0.0.2.1.1.5981052108003401011;CENTRO AUXILIAR AIGUA;CENTRO AUXILIAR DE AIGUA;NO;ESTE;MALDONADO;AIGUA;RURAL;10;521;8;3;401;1052108003401011;10011;705572.03;6213253.93;-34.20147536,-54.76886510;GRAL. ARTIGAS;S-D;LAVALLEJA;44462012 - 44462052;4;ESTE;REGION ESTE;49;RAP MALDONADO;PRIMER NIVEL;CENTRO DE SALUD;264361005;ASSE;SI;SI;SI;SI;NO;SI;NO;SI;SI;NO;SI;NO;NC;SI;NO;SI;SI;NO;NO;NO;NO;NO;NO;NO;SI;N-C;SI;SI;NO;NO;NO;SI;SI;S-D;SI;SI;NO;SI;NO;NO;NO;NO;SI;NO;-34.20147536;-54.7688651;POINT (-54.7688651 -34.20147536)
495;2.16.858.0.0.2.1.1.5981052203213402012;CENTRO AUXILIAR PAN DE AZUCAR;CENTRO AUXILIAR PAN DE AZUCAR;NO;ESTE;MALDONADO;PAN DE AZUCAR;URBANA;10;522;3;213;402;1052203213402012;10012;662516.55;6150038.91;-34.77889669,-55.22389381;RINCON;471;FRANCISCO BONILLA;44349698 - 44349009;4;ESTE;REGION ESTE;49;RAP MALDONADO;PRIMER NIVEL;CENTRO DE SALUD;264361005;ASSE;SI;SI;SI;SI;NO;SI;SI;SI;SI;SI;SI;SI;MARTES;SI;NO;SI;SI;NO;NO;NO;NO;NO;NO;NO;SI;N-C;SI;NO;NO;NO;SI;SI;SI;S-D;SI;SI;SI;SI;SI;SI;NO;NO;SI;SI;-34.77889669;-55.22389381;POINT (-55.22389381 -34.77889669)
496;2.16.858.0.0.2.1.1.5981052303007700013;"POLICLINICA PIRIAPOLIS ""DR. HECTOR BARRIOS""";POL. PIRIAPOLIS;NO;ESTE;MALDONADO;PIRIAPOLIS;URBANA;10;523;3;7;700;1052303007700013;10013;657324.792;6140991.542;-34.86126087791886, -55.27891453035858;SIMON DEL PINO;S-D;DR. BARRIOS;44322648;4;ESTE;REGION ESTE;49;RAP MALDONADO;PRIMER NIVEL;POLICLINICA;35971002;S-D;SI;SI;SI;SI;NO;SI;NO;SI;SI;SI;SI;NO;NC;NO;NO;SI;SI;NO;NO;NO;NO;NO;NO;NO;NO;N-C;NO;NO;NO;NO;NO;SI;SI;S-D;SI;SI;NO;NO;SI;NO;NO;NO;NO;NO;-34.8612608779189;-55.2789145303586;POINT (-55.27891453035858 -34.86126087791886)
497;2.16.858.0.0.2.1.1.5981082101077801014;POLICLINICA MUNICIPAL DE CERRO PELADO;POL. MUNICIPAL DE CERRO PELADO;NO;ESTE;MALDONADO;CERRO PELADO;URBANA;10;821;1;77;801;1082101077801014;10014;684779.757;6137733.703;-34.886,-54.978;SIERRA DE LAS CANAS;S-D;CERRO DE PUNTA BALLENA;42243688;4;ESTE;REGION ESTE;49;RAP MALDONADO;PRIMER NIVEL;POLICLINICA;35971002;S-D;SI;SI;SI;SI;NO;SI;NO;SI;SI;SI;NO;NO;NC;NO;NO;NO;NO;NO;NO;NO;NO;NO;NO;NO;NO;NO;N-C;N-C;NO;NO;NO;SI;NO;S-D;SI;SI;NO;NO;NO;NO;NO;NO;NO;NO;-34.886;-54.978;POINT (-54.978 -34.886)
498;2.16.858.0.0.2.1.1.5981082207001025015;POLICLINICA GARZON;POL. GARZON;NO;ESTE;MALDONADO;GARZON;RURAL;10;822;7;1;25;1082207001025015;10015;725056.654;6169241.91;-34.594,-54.546;LA CANTERA;S-D;LOS CERRILLOS;44806001;4;ESTE;REGION ESTE;49;RAP MALDONADO;PRIMER NIVEL;POLICLINICA;35971002;S-D;SI;SI;SI;SI;NO;NO;SI;NO;NO;NO;NO;NO;NC;NO;NO;NO;NO;NO;NO;NO;NO;NO;NO;NO;NO;NO;N-C;N-C;NO;NO;NO;NO;NO;S-D;NO;SI;NO;NO;NO;NO;NO;NO;NO;NO;-34.594;-54.546;POINT (-54.546 -34.594)
499;2.16.858.0.0.2.1.1.5981082608017007016;POLICLINICA LOS TALAS;POL. LOS TALAS;NO;ESTE;MALDONADO;LOS TALAS;RURAL;10;826;8;17;7;1082608017007016;10016;731430.48;6224755.81;-34.09241960,-54.49150621;CNO. VALDIVIA;S/N;RUTA 33;44406408;4;ESTE;REGION ESTE;49;RAP MALDONADO;PRIMER NIVEL;POLICLINICA;35971002;SALON COMUNAL;SI;SI;SI;SI;NO;NO;SI;S-D;S-D;S-D;NO;SI;SEGUN AGENDA PREESTABLECIDA Y COORDINADA CON LA COMUNIDAD;SI;NO;NO;NO;NO;NO;NO;NO;NO;NO;NO;NO;NO;N-C;N-C;NO;NO;NO;SI;NO;S-D;NO;SI;NO;NO;NO;NO;NO;NO;NO;NO;-34.0924196;-54.49150621;POINT (-54.49150621 -34.0924196)
501;2.16.858.0.0.2.1.1.5981083301059003018;POLICLINICA LOS CARACOLES;POL. KENNEDY;NO;ESTE;MALDONADO;SAN RAFAEL - EL PLACER;RURAL;10;833;1;59;3;1083301059003018;10018;689592.969;6135394.149;-34.906196, -54.924830;AV. LIBER SEREGNI MOSQUERA;11;C. 1;99439779;4;ESTE;REGION ESTE;49;RAP MALDONADO;PRIMER NIVEL;POLICLINICA;35971002;S-D;SI;SI;SI;SI;NO;NO;SI;NO;NO;NO;NO;NO;NC;SI;NO;NO;NO;NO;NO;NO;NO;NO;NO;NO;NO;NO;N-C;N-C;NO;NO;NO;SI;SI;S-D;SI;SI;NO;NO;NO;NO;NO;NO;NO;NO;-34.906196;-54.92483;POINT (-54.92483 -34.906196)
502;2.16.858.0.0.2.1.1.5981092401073020019;POLICLINICA HIPODROMO;POL. BARRIO HIPODROMO;NO;ESTE;MALDONADO;BARRIO HIPODROMO;RURAL;10;924;1;73;20;1092401073020019;10019;688154.709;6140357.926;-34.8617312835403, -54.941679391510625;INCAS;S-D;C. 1;42251221;4;ESTE;REGION ESTE;49;RAP MALDONADO;PRIMER NIVEL;POLICLINICA;35971002;S-D;SI;SI;SI;SI;NO;SI;SI;NO;NO;NO;SI;NO;NC;NO;NO;NO;NO;NO;NO;NO;NO;NO;NO;NO;NO;NO;N-C;N-C;NO;NO;NO;SI;SI;S-D;SI;SI;NO;NO;NO;NO;NO;NO;NO;NO;-34.8617312835403;-54.9416793915106;POINT (-54.941679391510625 -34.8617312835403)
503;2.16.858.0.0.2.1.1.5981093907006007020;POLICLINICA JOSE IGNACIO;POL. JOSE IGNACIO;NO;ESTE;MALDONADO;FARO JOSE IGNACIO;RURAL;10;939;7;6;7;1093907006007020;10020;715519;6142480.14;-34.83717651,-54.64308337;LUIS SHICKENDANTZ;S-D;EUGENIO SAINZ MARTINEZ;44862287;4;ESTE;REGION ESTE;49;RAP MALDONADO;PRIMER NIVEL;POLICLINICA;35971002;S-D;SI;SI;SI;SI;NO;NO;NO;SI;NO;NO;NO;NO;NC;NO;NO;NO;NO;NO;NO;NO;NO;NO;NO;NO;NO;NO;N-C;N-C;NO;NO;NO;NO;NO;S-D;SI;SI;NO;NO;NO;NO;NO;NO;NO;NO;-34.83717651;-54.64308337;POINT (-54.64308337 -34.83717651)
504;2.16.858.0.0.2.1.1.5981094005006025021;POLICLINICA GREGORIO AZNAREZ;POL. GREGORIO AZNAREZ;NO;ESTE;MALDONADO;GREGORIO AZNAREZ;RURAL;10;940;5;6;25;1094005006025021;10021;646467.163;6153692.852;-34.748391669626365, -55.399865832798035;AV. ARTIGAS;S-D;FERREIRA ALDUNATE;44390089;4;ESTE;REGION ESTE;49;RAP MALDONADO;PRIMER NIVEL;POLICLINICA;35971002;S-D;SI;SI;SI;SI;NO;SI;SI;SI;SI;NO;SI;NO;NC;SI;NO;NO;NO;NO;NO;NO;NO;NO;NO;NO;NO;NO;N-C;N-C;NO;NO;NO;SI;SI;S-D;SI;SI;NO;NO;NO;NO;NO;NO;NO;NO;-34.7483916696264;-55.399865832798;POINT (-55.399865832798035 -34.748391669626365)
505;2.16.858.0.0.2.1.1.5981094403030719022;POLICLINICA LA CAPUERA;POL. LA CAPUERA;NO;ESTE;MALDONADO;LA CAPUERA;RURAL;10;944;3;30;719;1094403030719022;10022;670847.353;6140776.769;-34.861013357401426, -55.13100503371021;AVDA. DEL LAGO;S-D;RUFINO;42236630;4;ESTE;REGION ESTE;49;RAP MALDONADO;PRIMER NIVEL;POLICLINICA;35971002;S-D;SI;SI;SI;SI;NO;SI;SI;SI;SI;SI;SI;NO;NC;SI;SI;NO;SI;NO;NO;NO;NO;NO;NO;NO;NO;NO;NO;NO;NO;NO;NO;SI;SI;S-D;SI;SI;NO;NO;NO;NO;NO;NO;NO;SI;-34.8610133574014;-55.1310050337102;POINT (-55.13100503371021 -34.861013357401426)
506;2.16.858.0.0.2.1.1.5981097306709660023;POLICLINICA BALNEARIO BUENOS AIRES;POL. BALNEARIO BUENOS AIRES;NO;ESTE;MALDONADO;BALNEARIO BUENOS AIRES;RURAL;10;973;6;709;660;1097306709660023;10023;701277.8;6136833.5;-34.89097560,-54.79736280;CALLE 22 - LOS PELEROS;S-D;CALLE 49 - LA CABALLADA;42774314 - 091432948;4;ESTE;REGION ESTE;49;RAP MALDONADO;PRIMER NIVEL;POLICLINICA;35971002;S-D;SI;SI;SI;SI;NO;NO;SI;SI;NO;SI;NO;NO;NC;SI;NO;SI;SI;NO;NO;NO;NO;NO;NO;NO;NO;NO;N-C;N-C;NO;NO;NO;SI;SI;S-D;SI;SI;NO;NO;NO;NO;NO;NO;NO;SI;-34.8909756;-54.7973628;POINT (-54.7973628 -34.8909756)
507;2.16.858.0.0.2.1.1.5981032102013011024;POLICLINICA ASTURIAS;POL. ASTURIAS;NO;ESTE;MALDONADO;SAN CARLOS;URBANA;10;321;2;13;11;1032102013011024;10024;689936.09;6149511.99;-34.77890562,-54.92427453;LA RIOJA;S-D;GRANADA;42665702;4;ESTE;REGION ESTE;49;RAP MALDONADO;PRIMER NIVEL;POLICLINICA;35971002;INTENDENCIA;SI;SI;SI;SI;NO;NO;NO;SI;SI;NO;NO;NO;NC;NO;NO;NO;NO;NO;NO;NO;NO;NO;NO;NO;NO;NO;N-C;N-C;NO;NO;NO;SI;NO;S-D;SI;SI;NO;NO;NO;NO;NO;NO;NO;NO;-34.77890562;-54.92427453;POINT (-54.92427453 -34.77890562)
508;2.16.858.0.0.2.1.1.5981032001120037025;POLICLINICA SARUBI;C. FISIATRIA Y FISIOTERAPIA POL. SARUBI;NO;ESTE;MALDONADO;MALDONADO;URBANA;10;320;1;120;37;1032001120037025;10025;687551.679;6134681.234;-34.913,-54.947;12 DE OCTUBRE;S-D;TREINTA Y TRES;42235193;4;ESTE;REGION ESTE;49;RAP MALDONADO;PRIMER NIVEL;POLICLINICA;35971002;S-D;SI;SI;SI;SI;NO;SI;NO;SI;SI;NO;NO;NO;NC;NO;NO;NO;NO;NO;NO;NO;NO;NO;NO;NO;NO;NO;N-C;N-C;NO;NO;NO;SI;NO;S-D;SI;SI;NO;NO;NO;NO;NO;NO;NO;NO;-34.913;-54.947;POINT (-54.947 -34.913)
511;2.16.858.0.0.2.1.1.5981112001123401002;CENTRO DE SALUD PAYSANDÚ;C. S. PAYSANDÚ;NO;NORTE;PAYSANDÚ;PAYSANDÚ;URBANA;11;120;1;123;401;1112001123401002;11002;398230.47;6422928.24;-32.32588250,-58.08124958;MONTECASEROS;520;SORIANO;47224836;1;NORTE;REGION NORTE;41;RAP PAYSANDÚ;PRIMER NIVEL;CENTRO DE SALUD;264361005;ASSE;SI;SI;SI;SI;NO;SI;NO;SI;SI;SI;SI;SI;LUNES A VIERNES;SI;NO;NO;NO;NO;NO;NO;NO;NO;NO;NO;NO;NO;N-C;N-C;NO;NO;NO;SI;NO;S-D;SI;SI;NO;NO;SI;NO;NO;NO;NO;NO;-32.3258825;-58.08124958;POINT (-58.08124958 -32.3258825)
512;2.16.858.0.0.2.1.1.5981112001123401003;CENTRO DEPARTAMENTAL PAYSANDÚ;HOSPITAL DE PAYSANDÚ;NO;NORTE;PAYSANDÚ;PAYSANDÚ;URBANA;11;120;1;123;401;1112001123401003;11003;398230.47;6422928.24;-32.32588250,-58.08124958;MONTE CASEROS;520;SORIANO;47224836;1;NORTE;REGION NORTE;24;CENTRO DEPARTAMENTAL PAYSANDÚ;TERCER NIVEL;HOSPITAL;22232009;ASSE;NO;SI;SI;SI;SI;SI;NO;SI;SI;SI;SI;NO;NC;NO;SI;NO;SI;SI;NO;SI;NO;NO;SI;NO;SI;SI;SI;SI;SI;SI;SI;SI;SI;S-D;SI;SI;SI;SI;SI;SI;NO;NO;SI;SI;-32.3258825;-58.08124958;POINT (-58.08124958 -32.3258825)
513;2.16.858.0.0.2.1.1.5981112001235014004;POLICLINICA AJUPE;POL. AJUPE;NO;NORTE;PAYSANDÚ;PAYSANDÚ;URBANA;11;120;1;235;14;1112001235014004;11004;401541.779;6419869.122;-32.353771689486635, -58.04639125230858;CALLE 15;773;RUTA 3;S-D;1;NORTE;REGION NORTE;41;RAP PAYSANDÚ;PRIMER NIVEL;POLICLINICA;35971002;INTENDENCIA;SI;SI;SI;SI;NO;NO;NO;SI;NO;NO;NO;S-D;S-D;NO;NO;NO;NO;NO;NO;NO;NO;NO;NO;NO;NO;NO;N-C;N-C;NO;NO;NO;NO;NO;S-D;NO;SI;NO;NO;NO;NO;NO;NO;NO;NO;-32.3537716894866;-58.0463912523086;POINT (-58.04639125230858 -32.353771689486635)
514;2.16.858.0.0.2.1.1.5981112012304040005;POLICLINICA ASENCIO;POL. ASENCIO;NO;NORTE;PAYSANDÚ;PAYSANDÚ;URBANA;11;120;12;304;40;1112012304040005;11005;400032.22;6426325.84;-32.29539926,-58.06175217;GRITO DE ASENCIO;S-D;BATALLA DE LAS PIEDRAS;47232120;1;NORTE;REGION NORTE;41;RAP PAYSANDÚ;PRIMER NIVEL;POLICLINICA;35971002;INTENDENCIA;SI;SI;SI;SI;NO;SI;SI;SI;SI;SI;NO;S-D;S-D;NO;NO;NO;NO;NO;NO;NO;NO;NO;NO;NO;NO;NO;N-C;N-C;NO;NO;NO;NO;NO;S-D;NO;SI;NO;NO;NO;NO;NO;NO;NO;NO;-32.29539926;-58.06175217;POINT (-58.06175217 -32.29539926)
515;2.16.858.0.0.2.1.1.5981112012220012006;POLICLINICA BARRIO ARTIGAS;POL. BARRIO ARTIGAS;NO;NORTE;PAYSANDÚ;PAYSANDÚ;URBANA;11;120;12;220;12;1112012220012006;11006;399839.938;6424372.598;-32.313,-58.064;GRITO DE ASCENCIO;S-D;LARRANAGA;47226287;1;NORTE;REGION NORTE;41;RAP PAYSANDÚ;PRIMER NIVEL;POLICLINICA;35971002;INTENDENCIA;SI;SI;SI;SI;NO;SI;SI;SI;SI;SI;SI;S-D;S-D;SI;NO;NO;NO;NO;NO;NO;NO;NO;NO;NO;NO;NO;N-C;N-C;NO;NO;NO;SI;NO;S-D;SI;SI;NO;NO;NO;NO;NO;NO;NO;NO;-32.313;-58.064;POINT (-58.064 -32.313)
516;2.16.858.0.0.2.1.1.5981112012123017007;POLICLINICA CHAPLIN;POL. CHAPLIN;NO;NORTE;PAYSANDÚ;PAYSANDÚ;URBANA;11;120;12;123;17;1112012123017007;11007;399641.736;6425368.433;-32.304,-58.066;ANDRESITO;S-D;JOAQUIN SUAREZ;47232450;1;NORTE;REGION NORTE;41;RAP PAYSANDÚ;PRIMER NIVEL;POLICLINICA;35971002;INTENDENCIA;SI;SI;SI;SI;NO;SI;SI;SI;SI;SI;NO;S-D;S-D;SI;NO;NO;NO;NO;NO;NO;NO;NO;NO;NO;NO;NO;N-C;N-C;NO;NO;NO;NO;NO;S-D;NO;SI;NO;NO;NO;NO;NO;NO;NO;NO;-32.304;-58.066;POINT (-58.066 -32.304)
517;2.16.858.0.0.2.1.1.5981112012127802008;POLICLINICA COVIFE;POL. COVIFE;NO;NORTE;PAYSANDÚ;PAYSANDÚ;URBANA;11;120;12;127;802;1112012127802008;11008;398882.987;6425915.196;-32.299,-58.074;CERRITO;S-D;INSTRUCCIONES DEL ANO XIII;47239882;1;NORTE;REGION NORTE;41;RAP PAYSANDÚ;PRIMER NIVEL;POLICLINICA;35971002;COOPERATIVA;SI;SI;SI;SI;NO;SI;SI;SI;SI;SI;NO;S-D;S-D;SI;NO;NO;NO;NO;NO;NO;NO;NO;NO;NO;NO;NO;N-C;N-C;NO;NO;NO;NO;NO;S-D;NO;SI;NO;NO;NO;NO;NO;NO;NO;NO;-32.299;-58.074;POINT (-58.074 -32.299)
518;2.16.858.0.0.2.1.1.5981112001223401009;POLICLINICA EL TECHO;POL. EL TECHO;NO;NORTE;PAYSANDÚ;PAYSANDÚ;URBANA;11;120;1;223;401;1112001223401009;11009;398901.13;6422783.58;-32.32724814,-58.07414067;SORIANO;S-D;DR. VEROCAY;47239872;1;NORTE;REGION NORTE;41;RAP PAYSANDÚ;PRIMER NIVEL;POLICLINICA;35971002;COOPERATIVA;SI;SI;SI;SI;NO;SI;SI;SI;SI;SI;NO;S-D;S-D;SI;NO;NO;NO;NO;NO;NO;NO;NO;NO;NO;NO;NO;N-C;N-C;NO;NO;NO;NO;NO;S-D;NO;SI;NO;NO;NO;NO;NO;NO;NO;NO;-32.32724814;-58.07414067;POINT (-58.07414067 -32.32724814)
520;2.16.858.0.0.2.1.1.5981112001225029011;POLICLINICA MUNICIPALES II;POL. MUNICIPALES II;NO;NORTE;PAYSANDÚ;PAYSANDÚ;URBANA;11;120;1;225;29;1112001225029011;11011;397237.12;6422464.34;-32.32997585,-58.09185204;BENITO CHAIN;S-D;INDEPENDENCIA;47232052;1;NORTE;REGION NORTE;41;RAP PAYSANDÚ;PRIMER NIVEL;POLICLINICA;35971002;COOPERATIVA;SI;SI;SI;SI;NO;SI;SI;SI;SI;SI;SI;S-D;S-D;SI;NO;NO;NO;NO;NO;NO;NO;NO;NO;NO;NO;NO;N-C;N-C;NO;NO;NO;NO;NO;S-D;NO;SI;NO;NO;SI;NO;NO;NO;NO;NO;-32.32997585;-58.09185204;POINT (-58.09185204 -32.32997585)
521;2.16.858.0.0.2.1.1.5981112001126403012;POLICLINICA NUEVA YORK;POL. NUEVA YORK;NO;NORTE;PAYSANDÚ;PAYSANDÚ;URBANA;11;120;1;126;403;1112001126403012;11012;396773.89;6422983.89;-32.32524698,-58.09671658;TAPIA;S-D;ZELMAR MICHELINI;47232441;1;NORTE;REGION NORTE;41;RAP PAYSANDÚ;PRIMER NIVEL;POLICLINICA;35971002;ASSE;SI;SI;SI;SI;NO;SI;SI;SI;SI;SI;NO;S-D;S-D;SI;NO;NO;NO;NO;NO;NO;NO;NO;NO;NO;NO;NO;N-C;N-C;NO;NO;NO;NO;NO;S-D;NO;SI;NO;NO;NO;NO;NO;NO;NO;NO;-32.32524698;-58.09671658;POINT (-58.09671658 -32.32524698)
522;2.16.858.0.0.2.1.1.5981112001016001013;POLICLINICA PUERTO;POL. BARRIO DEL PUERTO;NO;NORTE;PAYSANDÚ;PAYSANDÚ;URBANA;11;120;1;16;1;1112001016001013;11013;396741.67;6424045.58;-32.31566786,-58.09694329;AVDA BRASIL;S-D;GUTIERREZ RUIZ;47223411;1;NORTE;REGION NORTE;41;RAP PAYSANDÚ;PRIMER NIVEL;POLICLINICA;35971002;ROTARY PUERTO;SI;SI;SI;SI;NO;SI;NO;SI;SI;SI;SI;S-D;S-D;SI;NO;NO;NO;NO;NO;NO;NO;NO;NO;NO;NO;NO;N-C;N-C;NO;NO;NO;NO;NO;S-D;NO;SI;NO;NO;NO;NO;NO;NO;NO;NO;-32.31566786;-58.09694329;POINT (-58.09694329 -32.31566786)
523;2.16.858.0.0.2.1.1.5981112012029008014;POLICLINICA PURIFICACION 3;POL. BARRIO PURIFICACION 3;NO;NORTE;PAYSANDÚ;PAYSANDÚ;URBANA;11;120;12;29;8;1112012029008014;11014;398496.5;6426732.48;-32.29159332,-58.07801712;ESTEFANELL;S-D;DR. ROLDAN;47231982;1;NORTE;REGION NORTE;41;RAP PAYSANDÚ;PRIMER NIVEL;POLICLINICA;35971002;ASSE;SI;SI;SI;SI;NO;SI;SI;SI;SI;SI;NO;S-D;S-D;SI;NO;NO;NO;NO;NO;NO;NO;NO;NO;NO;NO;NO;N-C;N-C;NO;NO;NO;NO;NO;S-D;NO;SI;NO;NO;SI;NO;NO;NO;NO;NO;-32.29159332;-58.07801712;POINT (-58.07801712 -32.29159332)
524;2.16.858.0.0.2.1.1.5981112012002009015;POLICLINICA SAN ANTONIO;POL. SAN ANTONIO;NO;NORTE;PAYSANDÚ;PAYSANDÚ;URBANA;11;120;12;2;9;1112012002009015;11015;399539.58;6423866.91;-32.31753424,-58.06724374;URUGUAY;S-D;YUCUTUJA;47232164;1;NORTE;REGION NORTE;41;RAP PAYSANDÚ;PRIMER NIVEL;POLICLINICA;35971002;INTENDENCIA;SI;SI;SI;SI;NO;SI;SI;SI;SI;SI;NO;S-D;S-D;SI;NO;NO;NO;NO;NO;NO;NO;NO;NO;NO;NO;NO;N-C;N-C;NO;NO;NO;NO;NO;S-D;NO;SI;NO;NO;NO;NO;NO;NO;NO;NO;-32.31753424;-58.06724374;POINT (-58.06724374 -32.31753424)
525;2.16.858.0.0.2.1.1.5981112012224019017;POLICLINICA SANTA ELENA;POL. SANTA ELENA;NO;NORTE;PAYSANDÚ;PAYSANDÚ;URBANA;11;120;12;224;19;1112012224019017;11017;400187.75;6424075.42;-32.31571160,-58.06033699;PROYECTADA 12;S-D;CIUDAD DE YOUNG;47236726 - 092915774;1;NORTE;REGION NORTE;41;RAP PAYSANDÚ;PRIMER NIVEL;POLICLINICA;35971002;INTENDENCIA;SI;SI;SI;SI;NO;SI;SI;SI;SI;SI;NO;S-D;S-D;NO;NO;NO;NO;NO;NO;NO;NO;NO;NO;NO;NO;NO;N-C;N-C;NO;NO;NO;NO;NO;S-D;NO;SI;NO;NO;NO;NO;NO;NO;NO;NO;-32.3157116;-58.06033699;POINT (-58.06033699 -32.3157116)
526;2.16.858.0.0.2.1.1.5981112001224010018;POLICLINICA SANTA MONICA;POL. SANTA MONICA;NO;NORTE;PAYSANDÚ;PAYSANDÚ;URBANA;11;120;1;224;10;1112001224010018;11018;398766.21;6422036.97;-32.33397012,-58.07565358;BENITO CHAIN;S-D;DR. FELIPPONE;47232055;1;NORTE;REGION NORTE;41;RAP PAYSANDÚ;PRIMER NIVEL;POLICLINICA;35971002;COMODATO;SI;SI;SI;SI;NO;NO;SI;SI;SI;SI;NO;S-D;S-D;SI;NO;NO;NO;NO;NO;NO;NO;NO;NO;NO;NO;NO;N-C;N-C;NO;NO;NO;NO;NO;S-D;NO;SI;NO;NO;NO;NO;NO;NO;NO;NO;-32.33397012;-58.07565358;POINT (-58.07565358 -32.33397012)
527;2.16.858.0.0.2.1.1.5981112001030015019;POLICLINICA VISTA HERMOSA;POL. VISTA HERMOSA;NO;NORTE;PAYSANDÚ;PAYSANDÚ;URBANA;11;120;1;30;15;1112001030015019;11019;399294.48;6421756.27;-32.33654974,-58.07007114;J. DE ALMAGRO;S-D;FELIPE ARGENTO;47232107;1;NORTE;REGION NORTE;41;RAP PAYSANDÚ;PRIMER NIVEL;POLICLINICA;35971002;INTENDENCIA;SI;SI;SI;SI;NO;SI;SI;SI;SI;SI;NO;S-D;S-D;NO;NO;NO;NO;NO;NO;NO;NO;NO;NO;NO;NO;NO;N-C;N-C;NO;NO;NO;NO;NO;S-D;NO;SI;NO;NO;NO;NO;NO;NO;NO;NO;-32.33654974;-58.07007114;POINT (-58.07007114 -32.33654974)
528;2.16.858.0.0.2.1.1.5981152105002018020;HOSPITAL DE GUICHON;CENTRO AUXILIAR GUICHON;NO;NORTE;PAYSANDÚ;GUICHON;URBANA;11;521;5;2;18;1152105002018020;11020;480786.38;6419589.77;-32.36046719,-57.20421763;AVDA. PEDRO L. GUICHON;S-D;INE 5;47422343;1;NORTE;REGION NORTE;91;HOSPITAL DE GUICHON;SEGUNDO NIVEL;HOSPITAL;22232009;ASSE;NO;SI;SI;SI;NO;SI;SI;SI;SI;SI;SI;NO;NC;SI;NO;SI;SI;NO;NO;NO;NO;NO;NO;NO;SI;N-C;SI;NO;NO;NO;SI;SI;SI;S-D;SI;SI;NO;SI;SI;NO;NO;NO;SI;SI;-32.36046719;-57.20421763;POINT (-57.20421763 -32.36046719)
529;2.16.858.0.0.2.1.1.5981152105104801021;MEVIR II GUICHON;POL. MEVIR I GUICHONI;NO;NORTE;PAYSANDÚ;GUICHON;URBANA;11;521;5;104;801;1152105104801021;11021;482229.48;6420465.66;-32.35258949,-57.18886288;MEVIR II 14045;S-D;MEVIR;S-D;1;NORTE;REGION NORTE;41;RAP PAYSANDÚ;PRIMER NIVEL;POLICLINICA;35971002;MEVIR;SI;SI;SI;SI;NO;SI;SI;SI;SI;NO;NO;S-D;S-D;NO;NO;NO;NO;NO;NO;NO;NO;NO;NO;NO;NO;NO;N-C;N-C;NO;NO;NO;NO;NO;S-D;NO;SI;NO;NO;NO;NO;NO;NO;NO;NO;-32.35258949;-57.18886288;POINT (-57.18886288 -32.35258949)
530;2.16.858.0.0.2.1.1.5981152212330087023;POLICLINICA BARRIO NORTE;POL. BARRIO NORTE;NO;NORTE;PAYSANDÚ;NUEVO PAYSANDÚ;URBANA;11;522;12;330;87;1152212330087023;11023;399359.66;6428204.89;-32.27839032,-58.06869559;LA PAZ;S-D;VALPARAISO;47239884;1;NORTE;REGION NORTE;41;RAP PAYSANDÚ;PRIMER NIVEL;POLICLINICA;35971002;INTENDENCIA;SI;SI;SI;SI;NO;SI;NO;SI;SI;SI;NO;S-D;S-D;SI;NO;NO;NO;NO;NO;NO;NO;NO;NO;NO;NO;NO;N-C;N-C;NO;NO;NO;NO;NO;S-D;NO;SI;NO;NO;NO;NO;NO;NO;NO;NO;-32.27839032;-58.06869559;POINT (-58.06869559 -32.27839032)
531;2.16.858.0.0.2.1.1.5981152212230093024;POLICLINICA NUEVO PAYSANDÚ;POL. NUEVO PAYSANDÚ;NO;NORTE;PAYSANDÚ;NUEVO PAYSANDÚ;URBANA;11;522;12;230;93;1152212230093024;11024;398597.78;6429358.92;-32.26791246,-58.07666173;CALLE 31 A;S-D;AVDA DE LAS AMERICAS;47232111;1;NORTE;REGION NORTE;41;RAP PAYSANDÚ;PRIMER NIVEL;POLICLINICA;35971002;INTENDENCIA;SI;SI;SI;SI;NO;SI;SI;SI;SI;SI;SI;S-D;S-D;SI;NO;NO;NO;NO;NO;NO;NO;NO;NO;NO;NO;NO;N-C;N-C;NO;NO;NO;NO;NO;S-D;NO;SI;NO;NO;NO;NO;NO;NO;NO;NO;-32.26791246;-58.07666173;POINT (-58.07666173 -32.26791246)
532;2.16.858.0.0.2.1.1.5981162111003002025;POLICLINICA QUEBRACHO;POL. QUEBRACHO;NO;NORTE;PAYSANDÚ;QUEBRACHO;RURAL;11;621;11;3;2;1162111003002025;11025;414910.03;6466474.69;-31.93446545,-57.90019253;DR. MARTINI;S-D;8 DE OCTUBRE;47542126;1;NORTE;REGION NORTE;41;RAP PAYSANDÚ;PRIMER NIVEL;POLICLINICA;35971002;ASSE;SI;SI;SI;SI;NO;SI;SI;SI;SI;SI;SI;S-D;S-D;SI;NO;SI;SI;NO;NO;NO;NO;NO;NO;NO;NO;NO;N-C;N-C;NO;NO;NO;SI;SI;S-D;SI;SI;NO;NO;SI;NO;NO;NO;NO;SI;-31.93446545;-57.90019253;POINT (-57.90019253 -31.93446545)
533;2.16.858.0.0.2.1.1.5981172111001009026;POLICLINICA LORENZO GEYRES;POL. LORENZO GEYRES;NO;NORTE;PAYSANDÚ;LORENZO GEYRES;RURAL;11;721;11;1;9;1172111001009026;11026;413174.035;6450437.466;-32.079,-57.920;TACUABE;S-D;CUAREIM;47504185;1;NORTE;REGION NORTE;41;RAP PAYSANDÚ;PRIMER NIVEL;POLICLINICA;35971002;ASSE;SI;SI;SI;SI;NO;SI;SI;SI;SI;SI;NO;S-D;S-D;NO;NO;NO;NO;NO;NO;NO;NO;NO;NO;NO;NO;NO;N-C;N-C;NO;NO;NO;NO;NO;S-D;NO;NO;NO;NO;NO;NO;NO;NO;NO;NO;-32.079;-57.92;POINT (-57.92 -32.079)
534;2.16.858.0.0.2.1.1.5981172205208047027;POLICLINICA MERINOS;POL. MERINOS;NO;NORTE;PAYSANDÚ;MERINOS;RURAL;11;722;5;208;47;1172205208047027;11027;508076.93;6416778.09;-32.38596825,-56.91412776;CONT. 18 DE JULIO;S-D;MEVIR;47402010;1;NORTE;REGION NORTE;41;RAP PAYSANDÚ;PRIMER NIVEL;POLICLINICA;35971002;ASSE;SI;SI;SI;SI;NO;SI;NO;SI;SI;NO;NO;S-D;S-D;NO;NO;NO;NO;NO;NO;NO;NO;NO;NO;NO;NO;NO;N-C;N-C;NO;NO;NO;NO;NO;S-D;NO;NO;NO;NO;NO;NO;NO;NO;NO;NO;-32.38596825;-56.91412776;POINT (-56.91412776 -32.38596825)
535;2.16.858.0.0.2.1.1.5981172302004015029;POLICLINICA PUEBLO PORVENIR;POL. PUEBLO PORVENIR;NO;NORTE;PAYSANDÚ;PORVENIR;RURAL;11;723;2;4;15;1172302004015029;11029;408846.12;6415548.39;-32.39336471,-57.96918823;CALLE 9;S-D;CALLE 33 Y CALLE E;47202223;1;NORTE;REGION NORTE;41;RAP PAYSANDÚ;PRIMER NIVEL;POLICLINICA;35971002;ASSE;SI;SI;SI;SI;NO;SI;SI;SI;SI;SI;NO;S-D;S-D;NO;NO;NO;NO;NO;NO;NO;NO;NO;NO;NO;NO;NO;N-C;N-C;NO;NO;NO;NO;NO;S-D;NO;NO;NO;NO;NO;NO;NO;NO;NO;NO;-32.39336471;-57.96918823;POINT (-57.96918823 -32.39336471)
536;2.16.858.0.0.2.1.1.5981182106206801030;POLICLINICA ARBOLITO;POL. ARBOLITO;NO;NORTE;PAYSANDÚ;ARBOLITO;RURAL;11;821;6;206;801;1182106206801030;11030;548996.749;6434505.747;-32.225,-56.480;CNO. NACIONAL CUCHILLA DE HAEDO;S-D;;47402012;1;NORTE;REGION NORTE;41;RAP PAYSANDÚ;PRIMER NIVEL;POLICLINICA;35971002;S-D;SI;SI;SI;SI;NO;SI;NO;SI;SI;NO;NO;S-D;S-D;NO;NO;NO;NO;NO;NO;NO;NO;NO;NO;NO;NO;NO;N-C;N-C;NO;NO;NO;NO;NO;S-D;NO;NO;NO;NO;NO;NO;NO;NO;NO;NO;-32.225;-56.48;POINT (-56.48 -32.225)
537;2.16.858.0.0.2.1.1.5981182301032005031;POLICLINICA CASABLANCA;POL. CASABLANCA;NO;NORTE;PAYSANDÚ;CASABLANCA;RURAL;11;823;1;32;5;1182301032005031;11031;391029.806;6414830.322;-32.39824255919421, -58.15867124430205;CALLE 12;S-D;CALLE 9;47202145;1;NORTE;REGION NORTE;41;RAP PAYSANDÚ;PRIMER NIVEL;POLICLINICA;35971002;ASSE;SI;SI;SI;SI;NO;SI;SI;SI;SI;SI;NO;S-D;S-D;SI;NO;NO;NO;NO;NO;NO;NO;NO;NO;NO;NO;NO;N-C;N-C;NO;NO;NO;NO;NO;S-D;NO;NO;NO;NO;NO;NO;NO;NO;NO;NO;-32.3982425591942;-58.1586712443021;POINT (-58.15867124430205 -32.39824255919421)
538;2.16.858.0.0.2.1.1.5981182512233810032;POLICLINICA CONSTANCIA;POL. CONSTANCIA;NO;NORTE;PAYSANDÚ;CONSTANCIA;RURAL;11;825;12;233;810;1182512233810032;11032;405093.579;6436396.721;-32.205,-58.007;CNO. VECINAL;S-D;MEVIR;S-D;1;NORTE;REGION NORTE;41;RAP PAYSANDÚ;PRIMER NIVEL;POLICLINICA;35971002;MEVIR;SI;SI;SI;SI;NO;NO;SI;NO;NO;NO;NO;S-D;S-D;NO;NO;NO;NO;NO;NO;NO;NO;NO;NO;NO;NO;NO;N-C;N-C;NO;NO;NO;NO;NO;S-D;NO;NO;NO;NO;NO;NO;NO;NO;NO;NO;-32.205;-58.007;POINT (-58.007 -32.205)
539;2.16.858.0.0.2.1.1.5981182606001025033;POLICLINICA MORATO;POL. MORATO;NO;NORTE;PAYSANDÚ;MORATO;RURAL;11;826;6;1;25;1182606001025033;11033;527804.43;6417646.61;-32.37781585,-56.70441619;NAC. CUCHILLA DE HAEDO;S-D;MEVIR;47402011;1;NORTE;REGION NORTE;41;RAP PAYSANDÚ;PRIMER NIVEL;POLICLINICA;35971002;MEVIR;SI;SI;SI;SI;NO;SI;NO;SI;SI;NO;NO;S-D;S-D;NO;NO;NO;NO;NO;NO;NO;NO;NO;NO;NO;NO;NO;N-C;N-C;NO;NO;NO;NO;NO;S-D;NO;NO;NO;NO;NO;NO;NO;NO;NO;NO;-32.37781585;-56.70441619;POINT (-56.70441619 -32.37781585)
540;2.16.858.0.0.2.1.1.5981182703101006034;POLICLINICA PIEDRAS COLORADAS;POL. PIEDRAS COLORADAS;NO;NORTE;PAYSANDÚ;PIEDRAS COLORADAS;RURAL;11;827;3;101;6;1182703101006034;11034;442766.78;6418172.12;-32.37195386,-57.60839280;18 DE JULIO;S-D;PUNTAS DEL ARROYO NEGRO;47472243;1;NORTE;REGION NORTE;41;RAP PAYSANDÚ;PRIMER NIVEL;POLICLINICA;35971002;ASSE;SI;SI;SI;SI;NO;SI;NO;SI;SI;SI;SI;S-D;S-D;NO;NO;NO;NO;NO;NO;NO;NO;NO;NO;NO;NO;NO;N-C;N-C;NO;NO;NO;NO;NO;S-D;NO;NO;NO;NO;NO;NO;NO;NO;NO;NO;-32.37195386;-57.6083928;POINT (-57.6083928 -32.37195386)
541;2.16.858.0.0.2.1.1.5981182805010700035;POLICLINICA PINERA;POL. PINERA;NO;NORTE;PAYSANDÚ;PINERA;RURAL;11;828;5;10;700;1182805010700035;11035;495438.92;6423272.02;-32.32740443,-57.04846126;FRANCISCO PIRIA;S-D;MENDEZ Y PELAYO;47402224;1;NORTE;REGION NORTE;41;RAP PAYSANDÚ;PRIMER NIVEL;POLICLINICA;35971002;ASSE;SI;SI;SI;SI;NO;SI;SI;SI;SI;NO;NO;S-D;S-D;NO;NO;NO;NO;NO;NO;NO;NO;NO;NO;NO;NO;NO;N-C;N-C;NO;NO;NO;NO;NO;S-D;NO;NO;NO;NO;NO;NO;NO;NO;NO;NO;-32.32740443;-57.04846126;POINT (-57.04846126 -32.32740443)
542;2.16.858.0.0.2.1.1.5981183001019014036;POLICLINICA SAN FELIX;POL. SAN FELIX;NO;NORTE;PAYSANDÚ;SAN FELIX;RURAL;11;830;1;19;14;1183001019014036;11036;396334.719;6420023.036;-32.35191223010178, -58.101705276585086;DEMOCRACIA;S-D;AVDA. SAN FELIX;47242717;1;NORTE;REGION NORTE;41;RAP PAYSANDÚ;PRIMER NIVEL;POLICLINICA;35971002;INTENDENCIA;SI;SI;SI;SI;NO;SI;SI;SI;SI;SI;NO;S-D;S-D;NO;NO;NO;NO;NO;NO;NO;NO;NO;NO;NO;NO;NO;N-C;N-C;NO;NO;NO;NO;NO;S-D;NO;NO;NO;NO;NO;NO;NO;NO;NO;NO;-32.3519122301018;-58.1017052765851;POINT (-58.101705276585086 -32.35191223010178)
543;2.16.858.0.0.2.1.1.5981183106002800037;POLICLINICA TIATUCURA;POL. TIATUCURA;NO;NORTE;PAYSANDÚ;VILLA MARIA (TIATUCURA);RURAL;11;831;6;2;800;1183106002800037;11037;542894.52;6421289.75;-32.34447295,-56.54416469;CNO. A TIATUCURA;S-D;MEVIR;47402009;1;NORTE;REGION NORTE;41;RAP PAYSANDÚ;PRIMER NIVEL;POLICLINICA;35971002;MEVIR;SI;SI;SI;SI;NO;SI;NO;SI;SI;NO;NO;S-D;S-D;NO;NO;NO;NO;NO;NO;NO;NO;NO;NO;NO;NO;NO;N-C;N-C;NO;NO;NO;NO;NO;S-D;NO;NO;NO;NO;NO;NO;NO;NO;NO;NO;-32.34447295;-56.54416469;POINT (-56.54416469 -32.34447295)
544;2.16.858.0.0.2.1.1.5981190011105008038;POLICLINICA ARAUJO;POL. ARAUJO;NO;NORTE;PAYSANDÚ;RURAL;RURAL;11;900;11;105;8;1190011105008038;11038;429491.82;6459845.35;-31.99526902,-57.74642336;CNO. VECINAL  A 9 KM AL ESTE DE RUTA 3;S-D;ESCUELA 36;47504358;1;NORTE;REGION NORTE;41;RAP PAYSANDÚ;PRIMER NIVEL;POLICLINICA;35971002;MEVIR;SI;SI;SI;SI;NO;NO;SI;NO;NO;NO;NO;S-D;S-D;NO;NO;NO;NO;NO;NO;NO;NO;NO;NO;NO;NO;NO;N-C;N-C;NO;NO;NO;NO;NO;S-D;NO;NO;NO;NO;NO;NO;NO;NO;NO;NO;-31.99526902;-57.74642336;POINT (-57.74642336 -31.99526902)
545;2.16.858.0.0.2.1.1.5981190011003006039;POLICLINICA ARROYO MALO;POL. ARROYO MALO;NO;NORTE;PAYSANDÚ;RURAL;RURAL;11;900;11;3;6;1190011003006039;11039;395913.89;6466869.57;-31.92932043,-58.10108715;CNO. VECINAL  45 KM AL NORTE DE PAYSANDÚ;S-D;ESCUELA 30;47504248;1;NORTE;REGION NORTE;41;RAP PAYSANDÚ;PRIMER NIVEL;POLICLINICA;35971002;ANEP;SI;SI;SI;SI;NO;NO;SI;NO;S-D;NO;NO;S-D;S-D;NO;NO;NO;NO;NO;NO;NO;NO;NO;NO;NO;NO;NO;N-C;N-C;NO;NO;NO;NO;NO;S-D;NO;NO;NO;NO;NO;NO;NO;NO;NO;NO;-31.92932043;-58.10108715;POINT (-58.10108715 -31.92932043)
546;2.16.858.0.0.2.1.1.5981190010102600040;POLICLINICA CERRO CHATO;POL. CERRO CHATO;NO;NORTE;PAYSANDÚ;RURAL;RURAL;11;900;10;102;600;1190010102600040;11040;449206.809;6473626.312;-31.872,-57.537;CNO. DPTAL. CUCH. SAN JOSÉ;S-D;SALON COMUNAL MEVIR;47504074;1;NORTE;REGION NORTE;41;RAP PAYSANDÚ;PRIMER NIVEL;POLICLINICA;35971002;MEVIR;SI;SI;SI;SI;NO;SI;SI;SI;NO;NO;NO;S-D;S-D;NO;NO;NO;NO;NO;NO;NO;NO;NO;NO;NO;NO;NO;N-C;N-C;NO;NO;NO;NO;NO;S-D;NO;NO;NO;NO;NO;NO;NO;NO;NO;NO;-31.872;-57.537;POINT (-57.537 -31.872)
547;2.16.858.0.0.2.1.1.5981190011024002041;POLICLINICA LAS DELICIAS;RONDA RURAL LAS DELICIAS;NO;NORTE;PAYSANDÚ;RURAL;RURAL;11;900;11;24;2;1190011024002041;11041;396735.795;6450614.288;-32.07602079371244, -58.094134046336606;CNO. A LAS DELICIAS;S-D;CNO. VECINAL;S-D;1;NORTE;REGION NORTE;41;RAP PAYSANDÚ;PRIMER NIVEL;POLICLINICA;35971002;ANEP;SI;SI;SI;SI;NO;NO;SI;NO;NO;NO;NO;S-D;S-D;NO;NO;NO;NO;NO;NO;NO;NO;NO;NO;NO;NO;NO;N-C;N-C;NO;NO;NO;NO;NO;S-D;NO;NO;NO;NO;NO;NO;NO;NO;NO;NO;-32.0760207937124;-58.0941340463366;POINT (-58.094134046336606 -32.07602079371244)
549;2.16.858.0.0.2.1.1.5981190004101004043;POLICLINICA PARADA DAYMAN;POL. PARADA DAYMAN;NO;NORTE;PAYSANDÚ;RURAL;RURAL;11;900;4;101;4;1190004101004043;11043;413738.43;6511115.02;-31.53167440,-57.90864671;RUTA 3 KM;468;ESCUELA 72;47302252;1;NORTE;REGION NORTE;41;RAP PAYSANDÚ;PRIMER NIVEL;POLICLINICA;35971002;ANEP;SI;SI;SI;SI;NO;NO;SI;NO;NO;NO;NO;S-D;S-D;NO;NO;NO;NO;NO;NO;NO;NO;NO;NO;NO;NO;NO;N-C;N-C;NO;NO;NO;NO;NO;S-D;NO;NO;NO;NO;NO;NO;NO;NO;NO;NO;-31.5316744;-57.90864671;POINT (-57.90864671 -31.5316744)
550;2.16.858.0.0.2.1.1.5981190010003007044;POLICLINICA PASO DE LOS CARROS;POL. PASO DE LOS CARROS;NO;NORTE;PAYSANDÚ;RURAL;RURAL;11;900;10;3;7;1190010003007044;11044;458808.935;6460643.197;-31.989517315633215, -57.436038898775216;RUTA 26;S-D;ESCUELA 73;S-D;1;NORTE;REGION NORTE;41;RAP PAYSANDÚ;PRIMER NIVEL;POLICLINICA;35971002;ANEP;SI;SI;SI;NO;NO;SI;SI;NO;SI;NO;NO;S-D;S-D;NO;NO;NO;NO;NO;NO;NO;NO;NO;NO;NO;NO;NO;N-C;N-C;NO;NO;NO;NO;NO;S-D;NO;NO;NO;NO;NO;NO;NO;NO;NO;NO;-31.9895173156332;-57.4360388987752;POINT (-57.436038898775216 -31.989517315633215)
551;2.16.858.0.0.2.1.1.5981190010202600045;POLICLINICA PUNTAS DE BURICAYUPI;POL. PUNTAS DE BURICAYUPI;NO;NORTE;PAYSANDÚ;RURAL;RURAL;11;900;10;202;600;1190010202600045;11045;464917.417;6471778.063;-31.88926749529701, -57.37097347405206;RUTA 26;S-D;ESCUELA 34;47504308;1;NORTE;REGION NORTE;41;RAP PAYSANDÚ;PRIMER NIVEL;POLICLINICA;35971002;ANEP;SI;SI;SI;SI;NO;SI;SI;NO;SI;NO;NO;S-D;S-D;NO;NO;NO;NO;NO;NO;NO;NO;NO;NO;NO;NO;NO;N-C;N-C;NO;NO;NO;NO;NO;S-D;NO;NO;NO;NO;NO;NO;NO;NO;NO;NO;-31.889267495297;-57.3709734740521;POINT (-57.37097347405206 -31.88926749529701)
552;2.16.858.0.0.2.1.1.5981190004103003046;POLICLINICA SAN MAURICIO;POL. SAN MAURICIO;NO;NORTE;PAYSANDÚ;RURAL;RURAL;11;900;4;103;3;1190004103003046;11046;422198.709;6511644.769;-31.52749726172924, -57.81949581903733;TIERRAS COLORADAS;S-D;IGLESIA CATOLICA;S-D;1;NORTE;REGION NORTE;41;RAP PAYSANDÚ;PRIMER NIVEL;POLICLINICA;35971002;IGLESIA;SI;SI;SI;SI;NO;NO;SI;NO;NO;NO;NO;S-D;S-D;NO;NO;NO;NO;NO;NO;NO;NO;NO;NO;NO;NO;NO;N-C;N-C;NO;NO;NO;NO;NO;S-D;NO;NO;NO;NO;NO;NO;NO;NO;NO;NO;-31.5274972617292;-57.8194958190373;POINT (-57.81949581903733 -31.52749726172924)
553;2.16.858.0.0.2.1.1.5981190011204002047;POLICLINICA SANTA KILDA;POL. SANTA KILDA;NO;NORTE;PAYSANDÚ;RURAL;RURAL;11;900;11;204;2;1190011204002047;11047;429698.185;6477434.486;-31.836607207930694, -57.74296241696088;CNO. VECINAL;S-D;ESCUELA 70;47504760;1;NORTE;REGION NORTE;41;RAP PAYSANDÚ;PRIMER NIVEL;POLICLINICA;35971002;ANEP;SI;SI;SI;SI;NO;NO;SI;NO;NO;NO;NO;S-D;S-D;NO;NO;NO;NO;NO;NO;NO;NO;NO;NO;NO;NO;NO;N-C;N-C;NO;NO;NO;NO;NO;S-D;NO;NO;NO;NO;NO;NO;NO;NO;NO;NO;-31.8366072079307;-57.7429624169609;POINT (-57.74296241696088 -31.836607207930694)
554;2.16.858.0.0.2.1.1.5981190010302602048;POLICLINICA SOTO;POL. SOTO;NO;NORTE;PAYSANDÚ;SOTO;RURAL;11;900;10;302;602;1190010302602048;11048;447559.21;6462150.51;-31.97545420,-57.55503966;CNO. VECINAL;S-D;5 KM AL NORTE DE RUTA 26;S-D;1;NORTE;REGION NORTE;41;RAP PAYSANDÚ;PRIMER NIVEL;POLICLINICA;35971002;MEVIR;SI;SI;SI;SI;NO;SI;SI;SI;NO;NO;NO;S-D;S-D;NO;NO;NO;NO;NO;NO;NO;NO;NO;NO;NO;NO;NO;N-C;N-C;NO;NO;NO;NO;NO;S-D;NO;NO;NO;NO;NO;NO;NO;NO;NO;NO;-31.9754542;-57.55503966;POINT (-57.55503966 -31.9754542)
555;2.16.858.0.0.2.1.1.5981190004201408049;POLICLINICA TERMAS DE GUAVIYU;POL. TERMAS DE GUAVIYU;NO;NORTE;PAYSANDÚ;RURAL;RURAL;11;900;4;201;408;1190004201408049;11049;416111.58;6476907.95;-31.84043764,-57.88658008;RUTA 3 KM;S-D;TERMAS DE GUAVIYU;47504032;1;NORTE;REGION NORTE;41;RAP PAYSANDÚ;PRIMER NIVEL;POLICLINICA;35971002;INTENDENCIA;SI;SI;SI;SI;NO;NO;SI;NO;NO;NO;NO;S-D;S-D;NO;NO;NO;NO;NO;NO;NO;NO;NO;NO;NO;NO;NO;N-C;N-C;NO;NO;NO;NO;NO;S-D;NO;NO;NO;NO;NO;NO;NO;NO;NO;NO;-31.84043764;-57.88658008;POINT (-57.88658008 -31.84043764)
556;2.16.858.0.0.2.1.1.5981190010204601050;POLICLINICA ZEBALLOS;POL. ZEBALLOS;NO;NORTE;PAYSANDÚ;ZEBALLOS;RURAL;11;900;10;204;601;1190010204601050;11050;460349.711;6454055.888;-32.049,-57.420;CNO. VECINAL;S-D;7 KM AL SUROESTE DE RUTA 26;S-D;1;NORTE;REGION NORTE;41;RAP PAYSANDÚ;PRIMER NIVEL;POLICLINICA;35971002;ANEP;SI;SI;SI;SI;NO;SI;SI;NO;SI;NO;NO;S-D;S-D;NO;NO;NO;NO;NO;NO;NO;NO;NO;NO;NO;NO;NO;N-C;N-C;NO;NO;NO;NO;NO;S-D;NO;NO;NO;NO;NO;NO;NO;NO;NO;NO;-32.049;-57.42;POINT (-57.42 -32.049)
557;2.16.858.0.0.2.1.1.5981192404317500051;POLICLINICA BELLA VISTA;POL. BELLA VISTA;NO;NORTE;PAYSANDÚ;BELLA VISTA;RURAL;11;924;4;317;500;1192404317500051;11051;431591.862;6496440.966;-31.665256515692207, -57.721619828480605;CNO. DEPARTAMENTAL CUCHILLA DE LOS MEDANOS;S-D;A. TOMAS PAZ;47504900;1;NORTE;REGION NORTE;41;RAP PAYSANDÚ;PRIMER NIVEL;POLICLINICA;35971002;MEVIR;SI;SI;SI;SI;NO;NO;SI;NO;NO;NO;NO;S-D;S-D;NO;NO;NO;NO;NO;NO;NO;NO;NO;NO;NO;NO;NO;N-C;N-C;NO;NO;NO;NO;NO;S-D;NO;NO;NO;NO;NO;NO;NO;NO;NO;NO;-31.6652565156922;-57.7216198284806;POINT (-57.721619828480605 -31.665256515692207)
558;2.16.858.0.0.2.1.1.5981192509203801052;POLICLINICA CANADA DEL PUEBLO;POL. CANADA DEL PUEBLO;NO;NORTE;PAYSANDÚ;CANADA DEL PUEBLO;RURAL;11;925;9;203;801;1192509203801052;11052;482720.35;6465192.5;-31.94909168,-57.18283881;CANADA DEL PUEBLO;S-D;MEVIR;47402224;1;NORTE;REGION NORTE;41;RAP PAYSANDÚ;PRIMER NIVEL;POLICLINICA;35971002;MEVIR;SI;SI;SI;SI;NO;SI;SI;NO;SI;NO;NO;S-D;S-D;NO;NO;NO;NO;NO;NO;NO;NO;NO;NO;NO;NO;NO;N-C;N-C;NO;NO;NO;NO;NO;S-D;NO;NO;NO;NO;NO;NO;NO;NO;NO;NO;-31.94909168;-57.18283881;POINT (-57.18283881 -31.94909168)
559;2.16.858.0.0.2.1.1.5981192604004803053;POLICLINICA CHAPICUY;POL. CHAPICUY;NO;NORTE;PAYSANDÚ;CHAPICUY;RURAL;11;926;4;4;803;1192604004803053;11053;415771.886;6496513.48;-31.66354959921961, -57.88847894637037;RUTA 3 KM;453;CALLE 11 MEVIR;47504008;1;NORTE;REGION NORTE;41;RAP PAYSANDÚ;PRIMER NIVEL;POLICLINICA;35971002;MEVIR;SI;SI;SI;SI;NO;SI;SI;SI;SI;SI;SI;S-D;S-D;NO;NO;NO;NO;NO;NO;NO;NO;NO;NO;NO;NO;NO;N-C;N-C;NO;NO;NO;NO;NO;S-D;NO;NO;NO;NO;NO;NO;NO;NO;NO;NO;-31.6635495992196;-57.8884789463704;POINT (-57.88847894637037 -31.66354959921961)
560;2.16.858.0.0.2.1.1.5981192909004500054;POLICLINICA EL EUCALIPTO;POL. EL EUCALIPTO;NO;NORTE;PAYSANDÚ;EL EUCALIPTUS;RURAL;11;929;9;4;500;1192909004500054;11054;474659.039;6470395.463;-31.902,-57.268;RUTA 26 LEANDRO GOMEZ  KM;99;MEVIR PADRON 8205;47504546;1;NORTE;REGION NORTE;41;RAP PAYSANDÚ;PRIMER NIVEL;POLICLINICA;35971002;MEVIR;SI;SI;SI;SI;NO;SI;SI;NO;SI;NO;NO;S-D;S-D;NO;NO;NO;NO;NO;NO;NO;NO;NO;NO;NO;NO;NO;N-C;N-C;NO;NO;NO;NO;NO;S-D;NO;NO;NO;NO;NO;NO;NO;NO;NO;NO;-31.902;-57.268;POINT (-57.268 -31.902)
561;2.16.858.0.0.2.1.1.5981193102012005055;POLICLINICA ESPERANZA;C. DE INFORMACION Y REFERENCIA NACIONAL DE DROGAS;NO;NORTE;PAYSANDÚ;ESPERANZA;RURAL;11;931;2;12;5;1193102012005055;11055;410418.94;6420153.79;-32.35195131,-57.95203167;RUTA 90  KM;15;CALLE 7;47202128;1;NORTE;REGION NORTE;41;RAP PAYSANDÚ;PRIMER NIVEL;POLICLINICA;35971002;INTENDENCIA;SI;SI;SI;SI;NO;SI;SI;SI;SI;SI;NO;S-D;S-D;NO;NO;NO;NO;NO;NO;NO;NO;NO;NO;NO;NO;NO;N-C;N-C;NO;NO;NO;NO;NO;S-D;NO;NO;NO;NO;NO;NO;NO;NO;NO;NO;-32.35195131;-57.95203167;POINT (-57.95203167 -32.35195131)
562;2.16.858.0.0.2.1.1.5981193209103809056;POLICLINICA PUEBLO FEDERACION;POL. PUEBLO FEDERACION;NO;NORTE;PAYSANDÚ;PUEBLO FEDERACION;RURAL;11;932;9;103;809;1193209103809056;11056;469837.02;6455623.79;-32.03514810,-57.31945706;RUTA 4;S-D;CNO. VECINAL A FEDERACION;S-D;1;NORTE;REGION NORTE;41;RAP PAYSANDÚ;PRIMER NIVEL;POLICLINICA;35971002;ANEP;SI;SI;SI;SI;NO;SI;SI;NO;SI;NO;NO;S-D;S-D;NO;NO;NO;NO;NO;NO;NO;NO;NO;NO;NO;NO;NO;N-C;N-C;NO;NO;NO;NO;NO;S-D;NO;NO;NO;NO;NO;NO;NO;NO;NO;NO;-32.0351481;-57.31945706;POINT (-57.31945706 -32.0351481)
563;2.16.858.0.0.2.1.1.5981193502016005057;POLICLINICA LA TENTACION;POL. LA TENTACION;NO;NORTE;PAYSANDÚ;LA TENTACION;RURAL;11;935;2;16;5;1193502016005057;11057;430006.734;6405004.958;-32.490,-57.745;CNO. VECINAL;S-D;;S-D;1;NORTE;REGION NORTE;41;RAP PAYSANDÚ;PRIMER NIVEL;POLICLINICA;35971002;INTENDENCIA;SI;SI;SI;SI;NO;NO;NO;SI;SI;NO;NO;S-D;S-D;NO;NO;NO;NO;NO;NO;NO;NO;NO;NO;NO;NO;NO;N-C;N-C;NO;NO;NO;NO;NO;S-D;NO;NO;NO;NO;NO;NO;NO;NO;NO;NO;-32.49;-57.745;POINT (-57.745 -32.49)
564;2.16.858.0.0.2.1.1.5981193703005010058;POLICLINICA ORGOROSO;POL. ORGOROSO;NO;NORTE;PAYSANDÚ;ORGOROSO;RURAL;11;937;3;5;10;1193703005010058;11058;451370.387;6416992.853;-32.383,-57.517;CNO. A LA BACACUA;S-D;RINCON;47407006;1;NORTE;REGION NORTE;41;RAP PAYSANDÚ;PRIMER NIVEL;POLICLINICA;35971002;ASSE;SI;SI;SI;SI;NO;SI;SI;SI;SI;SI;NO;S-D;S-D;NO;NO;NO;NO;NO;NO;NO;NO;NO;NO;NO;NO;NO;N-C;N-C;NO;NO;NO;NO;NO;S-D;NO;NO;NO;NO;NO;NO;NO;NO;NO;NO;-32.383;-57.517;POINT (-57.517 -32.383)
565;2.16.858.0.0.2.1.1.5981195310006012059;POLICLINICA GALLINAL;POL. PUEBLO GALLINAL;NO;NORTE;PAYSANDÚ;GALLINAL;RURAL;11;953;10;6;12;1195310006012059;11059;454793.849;6472211.467;-31.885,-57.478;MEVIR 9644;S-D;PLAZA PEDRO GODOY;47504051;1;NORTE;REGION NORTE;41;RAP PAYSANDÚ;PRIMER NIVEL;POLICLINICA;35971002;MEVIR;SI;SI;SI;SI;NO;SI;SI;SI;NO;NO;NO;S-D;S-D;NO;NO;NO;NO;NO;NO;NO;NO;NO;NO;NO;NO;NO;N-C;N-C;NO;NO;NO;NO;NO;S-D;NO;NO;NO;NO;NO;NO;NO;NO;NO;NO;-31.885;-57.478;POINT (-57.478 -31.885)
566;2.16.858.0.0.2.1.1.5981195403204802060;POLICLINICA ARROYO NEGRO;POL. ARROYO NEGRO;NO;NORTE;PAYSANDÚ;PUNTAS DE ARROYO NEGRO;RURAL;11;954;3;204;802;1195403204802060;11060;447380.323;6406552.379;-32.477,-57.560;CNO. ARROYO NEGO;S-D;MEVIR;47202170;1;NORTE;REGION NORTE;41;RAP PAYSANDÚ;PRIMER NIVEL;POLICLINICA;35971002;MEVIR;SI;SI;SI;SI;NO;NO;NO;SI;NO;NO;NO;S-D;S-D;NO;NO;NO;NO;NO;NO;NO;NO;NO;NO;NO;NO;NO;N-C;N-C;NO;NO;NO;NO;NO;S-D;NO;NO;NO;NO;NO;NO;NO;NO;NO;NO;-32.477;-57.56;POINT (-57.56 -32.477)
567;2.16.858.0.0.2.1.1.5981195502211602061;POLICLINICA ESTACION PORVENIR;POL. ESTACION, PORVENIR;NO;NORTE;PAYSANDÚ;ESTACION PORVENIR;RURAL;11;955;2;211;602;1195502211602061;11061;419379.008;6418006.862;-32.372,-57.857;RUTA 90;S-D;MEVIR;47202151;1;NORTE;REGION NORTE;41;RAP PAYSANDÚ;PRIMER NIVEL;POLICLINICA;35971002;MEVIR;SI;SI;SI;SI;NO;SI;NO;SI;SI;NO;NO;S-D;S-D;NO;NO;NO;NO;NO;NO;NO;NO;NO;NO;NO;NO;NO;N-C;N-C;NO;NO;NO;NO;NO;S-D;NO;NO;NO;NO;NO;NO;NO;NO;NO;NO;-32.372;-57.857;POINT (-57.857 -32.372)
568;2.16.858.0.0.2.1.1.5981195608203600062;POLICLINICA CUCHILLA DE FUEGO;POL. CUCHILLA DE FUEGO;NO;NORTE;PAYSANDÚ;CUCHILLA DE FUEGO;RURAL;11;956;8;203;600;1195608203600062;11062;508086.016;6449668.272;-32.08925057467607, -56.91431014576891;CNO. DEL 154;S-D;CNO. DE LOS MOLLES;S-D;1;NORTE;REGION NORTE;41;RAP PAYSANDÚ;PRIMER NIVEL;POLICLINICA;35971002;MEVIR;SI;SI;SI;SI;NO;SI;NO;NO;SI;NO;NO;S-D;S-D;NO;NO;NO;NO;NO;NO;NO;NO;NO;NO;NO;NO;NO;N-C;N-C;NO;NO;NO;NO;NO;S-D;NO;NO;NO;NO;NO;NO;NO;NO;NO;NO;-32.0892505746761;-56.9143101457689;POINT (-56.91431014576891 -32.08925057467607)
569;2.16.858.0.0.2.1.1.5981195811405401063;POLICLINICA QUEGUAYAR;POL. QUEGUAYAR;NO;NORTE;PAYSANDÚ;QUEGUAYAR;RURAL;11;958;11;405;401;1195811405401063;11063;419834.855;6455591.453;-32.033,-57.849;MEVIR 9514;S-D;RUTA 3;S-D;1;NORTE;REGION NORTE;41;RAP PAYSANDÚ;PRIMER NIVEL;POLICLINICA;35971002;MEVIR;SI;SI;SI;SI;NO;NO;SI;NO;NO;NO;NO;S-D;S-D;NO;NO;NO;NO;NO;NO;NO;NO;NO;NO;NO;NO;NO;N-C;N-C;NO;NO;NO;NO;NO;S-D;NO;NO;NO;NO;NO;NO;NO;NO;NO;NO;-32.033;-57.849;POINT (-57.849 -32.033)
570;2.16.858.0.0.2.1.1.5981232001011012001;CENTRO DE SALUD FRAY BENTOS;C. S. FRAY BENTOS;NO;OESTE;RÍO NEGRO;FRAY BENTOS;URBANA;12;320;1;11;12;1232001011012001;12001;377798.78;6334805.48;-33.11856543,-58.30985091;18 DE JULIO;S-D;ITUZAINGO;45622280 - 45620454;3;OESTE;REGION OESTE;82;RAP RÍO NEGRO;PRIMER NIVEL;CENTRO DE SALUD;264361005;ASSE;SI;SI;SI;SI;NO;SI;NO;SI;SI;SI;SI;SI;LUNES A VIERNES;SI;NO;NO;NO;NO;NO;NO;NO;NO;NO;NO;NO;NO;N-C;N-C;NO;NO;NO;NO;NO;S-D;SI;NO;NO;NO;SI;NO;NO;NO;NO;NO;-33.11856543;-58.30985091;POINT (-58.30985091 -33.11856543)
571;2.16.858.0.0.2.1.1.5981232001003010002;CENTRO DEPARTAMENTAL RÍO NEGRO;HOSPITAL DE RÍO NEGRO;NO;OESTE;RÍO NEGRO;FRAY BENTOS;URBANA;12;320;1;3;10;1232001003010002;12002;378320.8;6334821.67;-33.11847814,-58.30425466;ECHEVARRIA;S-D;LAVALLEJA;45623512-13;3;OESTE;REGION OESTE;26;CENTRO DEPARTAMENTAL RÍO NEGRO;SEGUNDO NIVEL;HOSPITAL;22232009;ASSE;NO;SI;SI;SI;SI;NO;NO;SI;SI;SI;SI;NO;NC;NO;SI;NO;SI;SI;NO;NO;NO;NO;NO;NO;SI;NO;SI;NO;SI;SI;SI;SI;SI;S-D;SI;SI;SI;SI;SI;SI;SI;NO;SI;SI;-33.11847814;-58.30425466;POINT (-58.30425466 -33.11847814)
573;2.16.858.0.0.2.1.1.5981232001025603004;POLICLINICA 2000;POL.  BARRIO 2000;NO;OESTE;RÍO NEGRO;FRAY BENTOS;URBANA;12;320;1;25;603;1232001025603004;12004;378582.43;6335039.67;-33.11654155,-58.30142186;REP. DE CHILE;S-D;LAWRY;45625337;3;OESTE;REGION OESTE;82;RAP RÍO NEGRO;PRIMER NIVEL;POLICLINICA;35971002;S-D;SI;SI;SI;SI;NO;SI;NO;SI;SI;SI;NO;NO;NC;NO;NO;NO;NO;NO;NO;NO;NO;NO;NO;NO;NO;NO;N-C;N-C;NO;NO;NO;NO;NO;S-D;NO;SI;NO;NO;NO;NO;NO;NO;NO;NO;-33.11654155;-58.30142186;POINT (-58.30142186 -33.11654155)
574;2.16.858.0.0.2.1.1.5981232001118804005;POLICLINICA COBENA;POL. COBENA;NO;OESTE;RÍO NEGRO;FRAY BENTOS;URBANA;12;320;1;118;804;1232001118804005;12005;379895.69;6333687.19;-33.12888431,-58.28752671;LAWRY;S-D;CROTOGINI;45625475;3;OESTE;REGION OESTE;82;RAP RÍO NEGRO;PRIMER NIVEL;POLICLINICA;35971002;S-D;SI;SI;SI;SI;NO;SI;NO;SI;SI;SI;NO;NO;NC;NO;NO;NO;NO;NO;NO;NO;NO;NO;NO;NO;NO;NO;N-C;N-C;NO;NO;NO;NO;NO;S-D;NO;SI;NO;NO;NO;NO;NO;NO;NO;NO;-33.12888431;-58.28752671;POINT (-58.28752671 -33.12888431)
575;2.16.858.0.0.2.1.1.5981232001020800006;POLICLINICA LAS CANTERAS;POL. LAS CANTERAS;NO;OESTE;RÍO NEGRO;FRAY BENTOS;URBANA;12;320;1;20;800;1232001020800006;12006;379906.45;6332894.52;-33.13603373,-58.28751580;RIVERA;S-D;IBIRAPITA;45622764;3;OESTE;REGION OESTE;82;RAP RÍO NEGRO;PRIMER NIVEL;POLICLINICA;35971002;S-D;SI;SI;SI;SI;NO;SI;NO;SI;SI;SI;SI;NO;NC;NO;NO;NO;NO;NO;NO;NO;NO;NO;NO;NO;NO;NO;N-C;N-C;NO;NO;SI;SI;SI;S-D;SI;SI;NO;NO;NO;NO;NO;NO;NO;NO;-33.13603373;-58.2875158;POINT (-58.2875158 -33.13603373)
576;2.16.858.0.0.2.1.1.5981232001005015007;POLICLINICA UNION;POL. BARRIO UNION;NO;OESTE;RÍO NEGRO;FRAY BENTOS;URBANA;12;320;1;5;15;1232001005015007;12007;378913.312;6334105.808;-33.125,-58.298;FERREIRA ALDUNATE;S-D;RIVERA;45627573;3;OESTE;REGION OESTE;82;RAP RÍO NEGRO;PRIMER NIVEL;POLICLINICA;35971002;S-D;SI;SI;SI;SI;NO;SI;NO;SI;SI;SI;NO;NO;NC;NO;NO;NO;NO;NO;NO;NO;NO;NO;NO;NO;NO;NO;N-C;N-C;NO;NO;NO;NO;NO;S-D;NO;SI;NO;NO;NO;NO;NO;NO;NO;SI;-33.125;-58.298;POINT (-58.298 -33.125)
577;2.16.858.0.0.2.1.1.5981242105102401009;HOSPITAL DE YOUNG;CENTRO AUXILIAR DE YOUNG;NO;OESTE;RÍO NEGRO;YOUNG;URBANA;12;421;5;102;401;1242105102401009;12009;440834.29;6381968.01;-32.69843227,-57.63121452;AVDA. ZEBALLOS;S-D;MARTIRENE;45672912;1;NORTE;REGION NORTE;40;HOSPITAL DE YOUNG;SEGUNDO NIVEL;HOSPITAL;22232009;ASSE;NO;SI;SI;SI;SI;NO;NO;SI;NO;SI;SI;NO;NC;SI;SI;NO;SI;SI;NO;NO;NO;NO;NO;NO;SI;NO;SI;NO;SI;SI;SI;SI;SI;S-D;SI;SI;SI;SI;SI;SI;NO;NO;SI;SI;-32.69843227;-57.63121452;POINT (-57.63121452 -32.69843227)
578;2.16.858.0.0.2.1.1.5981242105102400010;CENTRO DE SALUD YOUNG;C. S. YOUNG;NO;OESTE;RÍO NEGRO;YOUNG;URBANA;12;421;5;102;400;1242105102400010;12010;440803.38;6381992.76;-32.69820733,-57.63154272;LAVALLEJA;S-D;ZEBALLOS;45675444;1;NORTE;REGION NORTE;82;RAP RÍO NEGRO;PRIMER NIVEL;CENTRO DE SALUD;264361005;ASSE;SI;SI;SI;SI;NO;SI;NO;SI;SI;SI;NO;NO;NC;NO;NO;NO;NO;NO;NO;NO;NO;NO;NO;NO;NO;NO;N-C;N-C;NO;NO;NO;NO;NO;S-D;SI;SI;NO;NO;SI;NO;NO;NO;NO;SI;-32.69820733;-57.63154272;POINT (-57.63154272 -32.69820733)
579;2.16.858.0.0.2.1.1.5981242104105003011;POLICLINICA DR. GUERRA;POL. DR. GUERRA;NO;OESTE;RÍO NEGRO;YOUNG;URBANA;12;421;4;105;3;1242104105003011;12011;439320.99;6380827.2;-32.70864034,-57.64743267;BATLLE Y ORDONEZ;3424;VIA FERREA;45677368;3;OESTE;REGION OESTE;82;RAP RÍO NEGRO;PRIMER NIVEL;POLICLINICA;35971002;S-D;SI;SI;SI;SI;NO;NO;NO;SI;SI;SI;NO;NO;NC;NO;NO;NO;NO;NO;NO;NO;NO;NO;NO;NO;NO;NO;N-C;N-C;NO;NO;NO;NO;NO;S-D;SI;SI;NO;NO;NO;NO;NO;NO;NO;NO;-32.70864034;-57.64743267;POINT (-57.64743267 -32.70864034)
580;2.16.858.0.0.2.1.1.5981242104205056012;POLICLINICA MEVIR;POL. MEVIR (RÍO NEGRO) - YOUNG;NO;OESTE;RÍO NEGRO;YOUNG;URBANA;12;421;4;205;56;1242104205056012;12012;440504.07;6380599.37;-32.71075998,-57.63482470;SENAQUE;S-D;ORIBE;45677376;3;OESTE;REGION OESTE;82;RAP RÍO NEGRO;PRIMER NIVEL;POLICLINICA;35971002;S-D;SI;SI;SI;SI;NO;SI;NO;SI;SI;SI;SI;NO;NC;NO;NO;NO;NO;NO;NO;NO;NO;NO;NO;NO;NO;NO;N-C;N-C;NO;NO;NO;NO;NO;S-D;SI;SI;NO;NO;NO;NO;NO;NO;NO;NO;-32.71075998;-57.6348247;POINT (-57.6348247 -32.71075998)
581;2.16.858.0.0.2.1.1.5981262102203072013;POLICLINICA NUEVO BERLIN;POL. NUEVO BERLIN;NO;OESTE;RÍO NEGRO;NUEVO BERLIN;RURAL;12;621;2;203;72;1262102203072013;12013;401507.65;6349907.07;-32.98477982,-58.05413786;PITA NEVRIL;S-D;F. REPETTO;45682046;3;OESTE;REGION OESTE;82;RAP RÍO NEGRO;PRIMER NIVEL;POLICLINICA;35971002;S-D;SI;SI;SI;SI;NO;SI;NO;SI;SI;NO;SI;NO;NC;SI;NO;NO;NO;NO;NO;NO;NO;NO;NO;NO;NO;NO;N-C;N-C;NO;NO;NO;SI;NO;S-D;SI;SI;NO;NO;NO;NO;NO;NO;NO;NO;-32.98477982;-58.05413786;POINT (-58.05413786 -32.98477982)
582;2.16.858.0.0.2.1.1.5981262203001004014;POLICLINICA DR. VLADIMIR ROSLIK;POL. SAN JAVIER;NO;OESTE;RÍO NEGRO;SAN JAVIER;RURAL;12;622;3;1;4;1262203001004014;12014;393812.45;6385780.33;-32.66052147,-58.13237118;BASILIO LUBKOV;S-D;COLON;45692021;3;OESTE;REGION OESTE;82;RAP RÍO NEGRO;PRIMER NIVEL;POLICLINICA;35971002;S-D;SI;SI;SI;SI;NO;SI;NO;SI;SI;NO;SI;NO;NC;SI;NO;NO;NO;NO;NO;NO;NO;NO;NO;NO;NO;NO;N-C;N-C;NO;NO;NO;SI;NO;S-D;SI;SI;NO;NO;NO;NO;NO;NO;NO;SI;-32.66052147;-58.13237118;POINT (-58.13237118 -32.66052147)
583;2.16.858.0.0.2.1.1.5981272201026013015;POLICLINICA ANGLO;POL. ANGLO;NO;OESTE;RÍO NEGRO;BARRIO ANGLO;RURAL;12;722;1;26;13;1272201026013015;12015;376038.07;6334858.842;-33.11788445975741, -58.328712032189806;RBLA. ANDRES MONTANO;S-D;JUSTO PAEZ;45628391;3;OESTE;REGION OESTE;82;RAP RÍO NEGRO;PRIMER NIVEL;POLICLINICA;35971002;S-D;SI;SI;SI;SI;NO;SI;NO;SI;SI;SI;NO;NO;NC;NO;NO;NO;NO;NO;NO;NO;NO;NO;NO;NO;NO;NO;N-C;N-C;NO;NO;NO;NO;NO;S-D;NO;SI;NO;NO;NO;NO;NO;NO;NO;NO;-33.1178844597574;-58.3287120321898;POINT (-58.328712032189806 -33.11788445975741)
584;2.16.858.0.0.2.1.1.5981272308001015016;POLICLINICA GRECCO;POL. GRECCO;NO;OESTE;RÍO NEGRO;GRECCO;RURAL;12;723;8;1;15;1272308001015016;12016;495787.678;6368888.403;-32.818,-57.045;CALLE 8;S-D;CALLE 5;45606118;3;OESTE;REGION OESTE;82;RAP RÍO NEGRO;PRIMER NIVEL;POLICLINICA;35971002;S-D;SI;SI;SI;SI;NO;SI;SI;SI;SI;NO;SI;NO;NC;SI;NO;NO;NO;NO;NO;NO;NO;NO;NO;NO;NO;NO;N-C;N-C;NO;NO;NO;SI;NO;S-D;SI;SI;NO;NO;NO;NO;NO;NO;NO;NO;-32.818;-57.045;POINT (-57.045 -32.818)
585;2.16.858.0.0.2.1.1.5981279712002005017;POLICLINICA ALGORTA;POL. ALGORTA;NO;OESTE;RÍO NEGRO;ALGORTA;RURAL;12;797;12;2;5;1279712002005017;12017;463399.18;6412889.51;-32.42047591,-57.38927907;CALCAGNO;S-D;18 DE JULIO;47402005;3;OESTE;REGION OESTE;82;RAP RÍO NEGRO;PRIMER NIVEL;POLICLINICA;35971002;S-D;SI;SI;SI;SI;NO;SI;NO;SI;SI;NO;SI;NO;NC;NO;NO;NO;NO;NO;NO;NO;NO;NO;NO;NO;NO;NO;N-C;N-C;NO;NO;NO;SI;NO;S-D;SI;SI;NO;NO;NO;NO;NO;NO;NO;NO;-32.42047591;-57.38927907;POINT (-57.38927907 -32.42047591)
586;2.16.858.0.0.2.1.1.5981282309002011018;POLICLINICA PASO DE LOS MELLIZOS;POL. PASO DE LOS MELLIZOS;NO;OESTE;RÍO NEGRO;PASO DE LOS MELLIZOS;RURAL;12;823;9;2;11;1282309002011018;12018;484691.635;6401690.448;-32.522,-57.163;ROBERTO VIVO;S-D;CALLE 3;45607586;3;OESTE;REGION OESTE;82;RAP RÍO NEGRO;PRIMER NIVEL;POLICLINICA;35971002;S-D;SI;SI;SI;SI;NO;SI;NO;SI;NO;NO;SI;NO;NC;NO;NO;NO;NO;NO;NO;NO;NO;NO;NO;NO;NO;NO;N-C;N-C;NO;NO;NO;SI;NO;S-D;SI;SI;NO;NO;NO;NO;NO;NO;NO;NO;-32.522;-57.163;POINT (-57.163 -32.522)
587;2.16.858.0.0.2.1.1.5981282409201800019;POLICLINICA SARANDI DE NAVARRO;POL. SARANDI DE NAVARRO;NO;OESTE;RÍO NEGRO;SARANDI DE NAVARRO;RURAL;12;824;9;201;800;1282409201800019;12019;512954.951;6399444.073;-32.542294581806296, -56.86202757652264;CNO. AL PASO DE LOS MELLIZOS;S-D;MEVIR;45606005;3;OESTE;REGION OESTE;82;RAP RÍO NEGRO;PRIMER NIVEL;POLICLINICA;35971002;S-D;SI;SI;SI;SI;NO;SI;NO;SI;NO;NO;SI;NO;NC;NO;NO;NO;NO;NO;NO;NO;NO;NO;NO;NO;NO;NO;N-C;N-C;NO;NO;NO;SI;NO;S-D;SI;SI;NO;NO;NO;NO;NO;NO;NO;NO;-32.5422945818063;-56.8620275765226;POINT (-56.86202757652264 -32.542294581806296)
588;2.16.858.0.0.2.1.1.5981282606002006020;POLICLINICA PASO DE LA CRUZ;POL. PASO DE LA CRUZ;NO;OESTE;RÍO NEGRO;VILLA GENERAL BORGES;RURAL;12;826;6;2;6;1282606002006020;12020;463481.827;6397423.063;-32.560,-57.389;AVDA. ULPIANO BORGES;S-D;COMISARIO;45607588;3;OESTE;REGION OESTE;82;RAP RÍO NEGRO;PRIMER NIVEL;POLICLINICA;35971002;S-D;SI;SI;SI;SI;NO;SI;NO;SI;SI;NO;SI;NO;NC;NO;NO;NO;NO;NO;NO;NO;NO;NO;NO;NO;NO;NO;N-C;N-C;NO;NO;NO;SI;NO;S-D;SI;SI;NO;NO;NO;NO;NO;NO;NO;NO;-32.56;-57.389;POINT (-57.389 -32.56)
590;2.16.858.0.0.2.1.1.5981290004008001022;POLICLINICA SAUCE;POL. SAUCE;NO;OESTE;RÍO NEGRO;RURAL;RURAL;12;900;4;8;1;1290004008001022;12022;431865.07;6358949.92;-32.90553592,-57.72858884;CAMINO VECINAL;S-D;CERCA ESCUELA 26;45607609;3;OESTE;REGION OESTE;82;RAP RÍO NEGRO;PRIMER NIVEL;POLICLINICA;35971002;S-D;SI;NO;SI;NO;NO;NO;SI;SI;SI;SI;SI;NO;NC;SI;NO;NO;NO;NO;NO;NO;NO;NO;NO;NO;NO;NO;N-C;N-C;NO;NO;NO;SI;NO;S-D;SI;SI;NO;NO;NO;NO;NO;NO;NO;NO;-32.90553592;-57.72858884;POINT (-57.72858884 -32.90553592)
591;2.16.858.0.0.2.1.1.5981290001022004023;POLICLINICA TOMAS BERRETA;POL. TOMAS BERRETA;NO;OESTE;RÍO NEGRO;RURAL;RURAL;12;900;1;22;4;1290001022004023;12023;381186.34;6324256.07;-33.21407530,-58.27492468;CNO. VECINAL;S-D;"ESCUELA 19 ""LAS MARGARITAS""";45602085;3;OESTE;REGION OESTE;82;RAP RÍO NEGRO;PRIMER NIVEL;POLICLINICA;35971002;S-D;SI;SI;SI;SI;NO;SI;NO;SI;SI;SI;SI;NO;NC;NO;NO;NO;NO;NO;NO;NO;NO;NO;NO;NO;NO;NO;N-C;N-C;NO;NO;NO;SI;NO;S-D;NO;SI;NO;NO;NO;NO;NO;NO;NO;NO;-33.2140753;-58.27492468;POINT (-58.27492468 -33.2140753)
592;2.16.858.0.0.2.1.1.5981292302204003024;POLICLINICA BELLACO;POL. BELLACO;NO;OESTE;RÍO NEGRO;BELLACO;RURAL;12;923;2;204;3;1292302204003024;12024;417474.32;6374612.47;-32.76327545,-57.88106299;RUTA 25;S-D;MEVIR;45692590;3;OESTE;REGION OESTE;82;RAP RÍO NEGRO;PRIMER NIVEL;POLICLINICA;35971002;S-D;SI;SI;SI;SI;NO;SI;NO;SI;SI;NO;SI;NO;NC;NO;NO;NO;NO;NO;NO;NO;NO;NO;NO;NO;NO;NO;N-C;N-C;NO;NO;NO;NO;NO;S-D;SI;SI;NO;NO;NO;NO;NO;NO;NO;NO;-32.76327545;-57.88106299;POINT (-57.88106299 -32.76327545)
593;2.16.858.0.0.2.1.1.5981293001021500025;POLICLINICA RURAL LOS ARRAYANES (SORIANO);POL. RURAL LOS ARRAYANES;NO;OESTE;RÍO NEGRO;LOS ARRAYANES;RURAL;12;930;1;21;500;1293001021500025;12025;403387.86;6321884.01;-33.23768069,-58.03698249;LOS HORNEROS;S/N;LOS FRESNOS;S-D;3;OESTE;REGION OESTE;83;RAP SORIANO;PRIMER NIVEL;POLICLINICA;35971002;S-D;SI;SI;SI;SI;NO;NO;SI;NO;NO;NO;NO;NO;NC;NO;NO;NO;NO;NO;NO;NO;NO;NO;NO;NO;NO;NO;N-C;N-C;NO;NO;NO;NO;NO;S-D;NO;SI;NO;NO;NO;NO;NO;NO;NO;NO;-33.23768069;-58.03698249;POINT (-58.03698249 -33.23768069)
594;2.16.858.0.0.2.1.1.5981242104002013026;POLICLINICA ASSE-ADEOM;POL. ASSE-ADEOM YOUNG;NO;OESTE;RÍO NEGRO;YOUNG;URBANA;12;421;4;2;13;1242104002013026;12026;441088.9;6381246.08;-32.70495788,-57.62854395;TREINTA Y TRES ORIENTALES;S-D;ASENCIO;S-D;3;OESTE;REGION OESTE;82;RAP RÍO NEGRO;PRIMER NIVEL;POLICLINICA;35971002;S-D;SI;SI;SI;SI;NO;SI;NO;SI;SI;SI;NO;NO;NC;NO;NO;NO;NO;NO;NO;NO;NO;NO;NO;NO;NO;NO;N-C;N-C;NO;NO;NO;NO;NO;S-D;SI;SI;NO;NO;NO;NO;NO;NO;NO;NO;-32.70495788;-57.62854395;POINT (-57.62854395 -32.70495788)
596;2.16.858.0.0.2.1.1.5981300000101602002;POLICLINICA TRES CRUCES;POL. TRES CRUCES;NO;NORTE;RIVERA;LAGUNON;RURAL;13;838;0;101;602;1300000101602002;13002;634901.925;6583283.443;-30.87604,-55.58880;PTE. GIRO S-N;S-D;MAXIMILIANO LUZ;99732230;1;NORTE;REGION NORTE;46;RAP RIVERA;PRIMER NIVEL;POLICLINICA;35971002;S-D;SI;SI;SI;SI;NO;NO;SI;NO;NO;SI;SI;NO;NC;NO;NO;NO;NO;NO;NO;NO;NO;NO;NO;NO;NO;NO;N-C;N-C;NO;NO;NO;NO;NO;S-D;NO;SI;NO;NO;NO;NO;NO;NO;NO;NO;-30.87604;-55.5888;POINT (-55.5888 -30.87604)
598;2.16.858.0.0.2.1.1.5981322001113406004;CENTRO DE SALUD J. ROYOL;C. S. J. ROYOL;NO;NORTE;RIVERA;RIVERA;URBANA;13;220;1;113;406;1322001113406004;13004;640579.874;6580221.072;-30.903,-55.529;AVDA. LIBANO;S-D;TABOBA;46223046 | 46220269;1;NORTE;REGION NORTE;46;RAP RIVERA;PRIMER NIVEL;CENTRO DE SALUD;264361005;ASSE;SI;SI;SI;SI;NO;SI;NO;SI;SI;SI;SI;SI;VIERNES;SI;NO;NO;NO;NO;NO;NO;NO;NO;NO;NO;NO;NO;N-C;N-C;NO;NO;SI;SI;SI;S-D;SI;SI;NO;NO;SI;SI;NO;NO;SI;NO;-30.903;-55.529;POINT (-55.529 -30.903)
599;2.16.858.0.0.2.1.1.5981322001102006005;CENTRO DE SALUD Q.F. FEDERICO DIAZ;"C. S. RIVERA CHICO - "" Q.F. FEDERICO DIAZ"".";NO;NORTE;RIVERA;RIVERA;URBANA;13;220;1;102;6;1322001102006005;13005;638107.33;6581528.5;-30.89149794,-55.55504232;AVDA. 1825;531;MONSENOR VERA;46232979;1;NORTE;REGION NORTE;46;RAP RIVERA;PRIMER NIVEL;CENTRO DE SALUD;264361005;ASSE;SI;SI;SI;SI;NO;SI;SI;SI;SI;SI;SI;NO;NC;NO;NO;NO;NO;NO;NO;NO;NO;NO;NO;NO;NO;NO;N-C;N-C;NO;NO;SI;SI;SI;S-D;SI;SI;NO;NO;SI;NO;NO;NO;NO;NO;-30.89149794;-55.55504232;POINT (-55.55504232 -30.89149794)
600;2.16.858.0.0.2.1.1.5981322001009406006;CENTRO DEPARTAMENTAL RIVERA;HOSPITAL DE RIVERA;NO;NORTE;RIVERA;RIVERA;URBANA;13;220;1;9;406;1322001009406006;13006;639129.06;6579721.16;-30.90768115,-55.54410856;BVAR. PTE. VIERA;S-D;ITUZAINGO;46223307;1;NORTE;REGION NORTE;25;CENTRO DEPARTAMENTAL RIVERA;TERCER NIVEL;HOSPITAL;22232009;ASSE;NO;SI;SI;SI;SI;NO;NO;SI;SI;SI;SI;NO;NC;NO;SI;NO;SI;SI;NO;SI;NO;NO;NO;NO;SI;SI;SI;NO;SI;SI;SI;SI;SI;S-D;SI;SI;SI;SI;SI;NO;NO;NO;SI;SI;-30.90768115;-55.54410856;POINT (-55.54410856 -30.90768115)
602;2.16.858.0.0.2.1.1.5981322009103604008;POLICLINICA LA ESTIBA;POL. LA ESTIBA;NO;NORTE;RIVERA;RIVERA;URBANA;13;220;9;103;604;1322009103604008;13008;636964.16;6581404.24;-30.89275185,-55.56698296;JUAN ACOSTA;S-D;SANTIAGO NIEVAS;46225867;1;NORTE;REGION NORTE;46;RAP RIVERA;PRIMER NIVEL;POLICLINICA;35971002;S-D;SI;SI;SI;SI;NO;SI;SI;SI;SI;NO;SI;NO;NC;NO;NO;NO;NO;NO;NO;NO;NO;NO;NO;NO;NO;NO;N-C;N-C;NO;NO;NO;NO;NO;S-D;NO;SI;NO;NO;NO;NO;NO;NO;NO;NO;-30.89275185;-55.56698296;POINT (-55.56698296 -30.89275185)
603;2.16.858.0.0.2.1.1.5981322001115811009;POLICLINICA LAGUNON;POL. LAGUNON;NO;NORTE;RIVERA;RIVERA;URBANA;13;220;1;115;811;1322001115811009;13009;637350.95;6582442.63;-30.88334009,-55.56307704;CHASQUE DE LOS SANTOS;S-D;FREIRE;46236704;1;NORTE;REGION NORTE;46;RAP RIVERA;PRIMER NIVEL;POLICLINICA;35971002;S-D;SI;SI;SI;SI;NO;SI;NO;SI;SI;NO;NO;NO;NC;NO;NO;NO;NO;NO;NO;NO;NO;NO;NO;NO;NO;NO;N-C;N-C;NO;NO;NO;NO;NO;S-D;SI;SI;NO;NO;NO;NO;NO;NO;NO;NO;-30.88334009;-55.56307704;POINT (-55.56307704 -30.88334009)
604;2.16.858.0.0.2.1.1.5981322001101601010;CONSULTORIO VILLA SONIA;POL. VILLA SONIA;NO;NORTE;RIVERA;RIVERA;URBANA;13;220;1;101;601;1322001101601010;13010;637760.24;6582944.14;-30.87876864,-55.55886407;MANUEL MELENDEZ;S-D;GREGORIO SANABRIA;46229255;1;NORTE;REGION NORTE;46;RAP RIVERA;PRIMER NIVEL;POLICLINICA;35971002;INTENDENCIA;SI;NO;NO;NO;NO;S-D;S-D;S-D;S-D;S-D;NO;NO;NC;NO;NO;NO;NO;NO;NO;NO;NO;NO;NO;NO;NO;NO;N-C;N-C;NO;NO;NO;NO;NO;S-D;NO;SI;NO;NO;NO;NO;NO;NO;NO;NO;-30.87876864;-55.55886407;POINT (-55.55886407 -30.87876864)
605;2.16.858.0.0.2.1.1.5981322009308800011;POLICLINICA RAMPLA;POL. RAMPLA;NO;NORTE;RIVERA;RIVERA;URBANA;13;220;9;308;800;1322009308800011;13011;640791.17;6579280.75;-30.91145692,-55.52665974;AVDA. BRASIL;S/N;PEDRO IRIGOYEN;46221785;1;NORTE;REGION NORTE;46;RAP RIVERA;PRIMER NIVEL;POLICLINICA;35971002;S-D;SI;SI;SI;SI;NO;SI;NO;SI;SI;NO;NO;NO;NC;NO;NO;NO;NO;NO;NO;NO;NO;NO;NO;NO;NO;NO;N-C;N-C;NO;NO;NO;NO;NO;S-D;NO;SI;NO;NO;NO;NO;NO;NO;NO;NO;-30.91145692;-55.52665974;POINT (-55.52665974 -30.91145692)
606;2.16.858.0.0.2.1.1.5981352105002602012;CENTRO AUXILIAR MINAS DE CORRALES;CENTRO AUXILIAR MINAS DE CORRALES;NO;NORTE;RIVERA;MINAS DE CORRALES;RURAL;13;521;5;2;602;1352105002602012;13012;644740.96;6505827.78;-31.57350321,-55.47472593;12 DE OCTUBRE;S-D;18 DE JULIO;46582203;1;NORTE;REGION NORTE;46;RAP RIVERA;PRIMER NIVEL;CENTRO DE SALUD;264361005;ASSE;SI;SI;SI;SI;NO;SI;NO;SI;SI;SI;SI;NO;NC;SI;NO;SI;SI;NO;NO;NO;NO;NO;NO;NO;NO;N-C;NO;NO;NO;NO;SI;SI;SI;S-D;SI;SI;NO;SI;NO;NO;NO;NO;SI;SI;-31.57350321;-55.47472593;POINT (-55.47472593 -31.57350321)
607;2.16.858.0.0.2.1.1.5981352203203035014;POLICLINICA TRANQUERAS;POL. TRANQUERAS;NO;NORTE;RIVERA;TRANQUERAS;URBANA;13;522;3;203;35;1352203203035014;13014;617928.74;6548192.11;-31.19441262,-55.76223165;TREINTA Y TRES;S-D;ARTIGAS;46562046;1;NORTE;REGION NORTE;46;RAP RIVERA;PRIMER NIVEL;POLICLINICA;35971002;S-D;SI;SI;SI;SI;NO;SI;NO;SI;SI;NO;SI;NO;NC;SI;NO;SI;SI;NO;NO;NO;NO;NO;NO;NO;NO;N-C;NO;NO;NO;NO;SI;SI;SI;S-D;SI;SI;NO;SI;NO;NO;NO;NO;SI;SI;-31.19441262;-55.76223165;POINT (-55.76223165 -31.19441262)
608;2.16.858.0.0.2.1.1.5981362108102017015;POLICLINICA VICHADERO;POL. VICHADERO;NO;NORTE;RIVERA;VICHADERO;RURAL;13;621;8;102;17;1362108102017015;13015;718656.92;6482165.59;-31.77515283,-54.69097453;FRUCTUOSO RIVERA;S-D;JOAQUIN CORREA;46542036;1;NORTE;REGION NORTE;46;RAP RIVERA;PRIMER NIVEL;POLICLINICA;35971002;S-D;SI;SI;SI;SI;NO;SI;SI;SI;SI;SI;SI;SI;MIERCOLES;SI;NO;SI;SI;NO;NO;NO;NO;NO;NO;NO;NO;N-C;NO;NO;NO;NO;SI;SI;SI;S-D;SI;SI;NO;NO;NO;NO;NO;NO;NO;SI;-31.77515283;-54.69097453;POINT (-54.69097453 -31.77515283)
609;2.16.858.0.0.2.1.1.5981372109135802016;POLICLINICA SANTA ISABEL;POL. SANTA ISABEL;NO;NORTE;RIVERA;SANTA TERESA;RURAL;13;721;9;135;802;1372109135802016;13016;636565.49;6579097.25;-30.91360826,-55.57084387;ARTURO NUNEZ;S-D;LEONARDO OLIVERA;46227457;1;NORTE;REGION NORTE;46;RAP RIVERA;PRIMER NIVEL;POLICLINICA;35971002;S-D;SI;SI;SI;SI;NO;SI;SI;SI;SI;NO;SI;NO;NC;NO;NO;NO;NO;NO;NO;NO;NO;NO;NO;NO;NO;NO;N-C;N-C;NO;NO;NO;SI;SI;S-D;SI;SI;NO;NO;NO;NO;NO;NO;NO;NO;-30.91360826;-55.57084387;POINT (-55.57084387 -30.91360826)
610;2.16.858.0.0.2.1.1.5981382406202008017;POLICLINICA CERRO PELADO;POL. CERRO PELADO;NO;NORTE;RIVERA;CERRO PELADO;RURAL;13;824;6;202;8;1382406202008017;13017;675182.098;6516725.494;-31.471,-55.156;RUTA 27;S-D;CNO. VECINAL;46508006;1;NORTE;REGION NORTE;46;RAP RIVERA;PRIMER NIVEL;POLICLINICA;35971002;S-D;SI;SI;SI;SI;NO;SI;NO;SI;SI;NO;NO;NO;NC;SI;NO;NO;NO;NO;NO;NO;NO;NO;NO;NO;NO;NO;N-C;N-C;NO;NO;NO;NO;NO;S-D;NO;SI;NO;NO;NO;NO;NO;NO;NO;NO;-31.471;-55.156;POINT (-55.156 -31.471)
611;2.16.858.0.0.2.1.1.5981383008204805018;POLICLINICA PASO HOSPITAL;POL. PASO HOSPITAL;NO;NORTE;RIVERA;PASO HOSPITAL;RURAL;13;830;8;204;805;1383008204805018;13018;725557.15;6495834.37;-31.65059523,-54.62131018;RUTA 6;S-D;MEVIR;46504170;1;NORTE;REGION NORTE;46;RAP RIVERA;PRIMER NIVEL;POLICLINICA;35971002;S-D;SI;SI;SI;SI;NO;NO;NO;SI;NO;NO;NO;NO;NC;NO;NO;NO;NO;NO;NO;NO;NO;NO;NO;NO;NO;NO;N-C;N-C;NO;NO;NO;NO;NO;S-D;NO;SI;NO;NO;NO;NO;NO;NO;NO;NO;-31.65059523;-54.62131018;POINT (-54.62131018 -31.65059523)
612;2.16.858.0.0.2.1.1.5981383107202600019;POLICLINICA LA PUENTE;POL. LA PUENTE;NO;NORTE;RIVERA;LAPUENTE;RURAL;13;831;7;202;600;1383107202600019;13019;693427.728;6516513.745;-31.470,-54.964;RUTA 29;S-D;A ALMACEN LEITE;46508282;1;NORTE;REGION NORTE;46;RAP RIVERA;PRIMER NIVEL;POLICLINICA;35971002;S-D;SI;SI;SI;SI;NO;SI;NO;SI;SI;NO;NO;NO;NC;NO;NO;NO;NO;NO;NO;NO;NO;NO;NO;NO;NO;NO;N-C;N-C;NO;NO;NO;NO;NO;S-D;NO;SI;NO;NO;NO;NO;NO;NO;NO;NO;-31.47;-54.964;POINT (-54.964 -31.47)
613;2.16.858.0.0.2.1.1.5981383206139026020;POLICLINICA LAS FLORES;POL. LAS FLORES;NO;NORTE;RIVERA;LAS FLORES;RURAL;13;832;6;139;26;1383206139026020;13020;670569.12;6482373.41;-31.78147306,-55.19857539;CNO. VECINAL;S-D;CNO. VECINAL;46508262;1;NORTE;REGION NORTE;46;RAP RIVERA;PRIMER NIVEL;POLICLINICA;35971002;INTENDENCIA;SI;SI;SI;SI;NO;S-D;S-D;S-D;S-D;S-D;NO;NO;NC;NO;NO;NO;NO;NO;NO;NO;NO;NO;NO;NO;NO;NO;N-C;N-C;NO;NO;NO;NO;NO;S-D;NO;SI;NO;NO;NO;NO;NO;NO;NO;NO;-31.78147306;-55.19857539;POINT (-55.19857539 -31.78147306)
614;2.16.858.0.0.2.1.1.5981383307103804021;POLICLINICA MOIRONES;POL. MOIRONES;NO;NORTE;RIVERA;MOIRONES;RURAL;13;833;7;103;804;1383307103804021;13021;691538.426;6501687.584;-31.604,-54.981;RUTA 27;S-D;FRENTE A ESCUELA 23;46504044;1;NORTE;REGION NORTE;46;RAP RIVERA;PRIMER NIVEL;POLICLINICA;35971002;S-D;SI;SI;SI;SI;NO;SI;NO;SI;SI;NO;NO;NO;NC;NO;NO;NO;NO;NO;NO;NO;NO;NO;NO;NO;NO;NO;N-C;N-C;NO;NO;NO;NO;NO;S-D;NO;SI;NO;NO;NO;NO;NO;NO;NO;NO;-31.604;-54.981;POINT (-54.981 -31.604)
615;2.16.858.0.0.2.1.1.5981383609239604022;POLICLINICA LA PEDRERA;POL. LA PEDRERA;NO;NORTE;RIVERA;LA PEDRERA;RURAL;13;836;9;239;604;1383609239604022;13022;639071.89;6576798.83;-30.93404847,-55.54430748;CELIA BUENO DE ARIZAGA;S-D;1? DE OCTUBRE;4623 3972;1;NORTE;REGION NORTE;46;RAP RIVERA;PRIMER NIVEL;POLICLINICA;35971002;S-D;SI;SI;SI;SI;NO;SI;NO;SI;SI;NO;NO;NO;NC;NO;NO;NO;NO;NO;NO;NO;NO;NO;NO;NO;NO;NO;N-C;N-C;NO;NO;NO;NO;NO;S-D;NO;SI;NO;NO;NO;NO;NO;NO;NO;NO;-30.93404847;-55.54430748;POINT (-55.54430748 -30.93404847)
616;2.16.858.0.0.2.1.1.5981383709010624023;POLICLINICA MANDUBI;POL. MANDUBI;NO;NORTE;RIVERA;MANDUBI;URBANA;13;837;9;10;624;1383709010624023;13023;638763.4;6577688.4;-30.92606051,-55.54765697;JOSE NASAZZI S-N;S-D;LAVIN;46227093;1;NORTE;REGION NORTE;46;RAP RIVERA;PRIMER NIVEL;POLICLINICA;35971002;S-D;SI;SI;SI;SI;NO;SI;NO;SI;SI;NO;SI;SI;VIERNES;NO;NO;NO;NO;NO;NO;NO;NO;NO;NO;NO;NO;NO;N-C;N-C;NO;NO;NO;NO;NO;S-D;NO;SI;NO;NO;NO;NO;NO;NO;NO;NO;-30.92606051;-55.54765697;POINT (-55.54765697 -30.92606051)
617;2.16.858.0.0.2.1.1.5981390007004004024;POLICLINICA ABROJAL;POL. ABROJAL;NO;NORTE;RIVERA;RURAL;RURAL;13;900;7;4;4;1390007004004024;13024;686592.84;6479721.6;-31.80287806,-55.02891894;ABROJAL;S-D;CERCA DE ESCUELA 81;46504191;1;NORTE;REGION NORTE;46;RAP RIVERA;PRIMER NIVEL;POLICLINICA;35971002;INTENDENCIA;SI;SI;SI;SI;NO;SI;NO;SI;SI;NO;NO;NO;NC;NO;NO;NO;NO;NO;NO;NO;NO;NO;NO;NO;NO;NO;N-C;N-C;NO;NO;NO;NO;NO;S-D;NO;SI;NO;NO;NO;NO;NO;NO;NO;NO;-31.80287806;-55.02891894;POINT (-55.02891894 -31.80287806)
619;2.16.858.0.0.2.1.1.5981390007105006026;POLICLINICA ARROYO BLANCO;POL. ARROYO BLANCO;NO;NORTE;RIVERA;ARROYO BLANCO;RURAL;13;900;7;105;6;1390007105006026;13026;708670.782;6499249.476;-31.623,-54.800;CNO. A ARROYO BLANCO;S-D;LEOPOLDO DIAZ;46504185;1;NORTE;REGION NORTE;46;RAP RIVERA;PRIMER NIVEL;POLICLINICA;35971002;S-D;SI;SI;SI;NO;NO;SI;NO;SI;NO;NO;NO;NO;NC;NO;NO;NO;NO;NO;NO;NO;NO;NO;NO;NO;NO;NO;N-C;N-C;NO;NO;NO;NO;NO;S-D;NO;SI;NO;NO;NO;NO;NO;NO;NO;NO;-31.623;-54.8;POINT (-54.8 -31.623)
620;2.16.858.0.0.2.1.1.5981390008005006027;POLICLINICA CORONILLA;POL. CORONILLA;NO;NORTE;RIVERA;RURAL;RURAL;13;900;8;5;6;1390008005006027;13027;710662.852;6471367.759;-31.874,-54.773;CAMINO VECINAL;S-D;S-D;S-D;1;NORTE;REGION NORTE;46;RAP RIVERA;PRIMER NIVEL;POLICLINICA;35971002;S-D;SI;NO;NO;NO;NO;NO;NO;SI;NO;NO;NO;NO;NC;NO;NO;NO;NO;NO;NO;NO;NO;NO;NO;NO;NO;NO;N-C;N-C;NO;NO;NO;NO;NO;S-D;NO;SI;NO;NO;NO;NO;NO;NO;NO;NO;-31.874;-54.773;POINT (-54.773 -31.874)
621;2.16.858.0.0.2.1.1.5981390002002006028;POLICLINICA CURTICEIRAS;POL. CURTICEIRAS;NO;NORTE;RIVERA;RURAL;RURAL;13;900;2;2;6;1390002002006028;13028;633605.105;6572883.347;-30.970,-55.601;RUTA 5 KM;490;S-D;S-D;1;NORTE;REGION NORTE;46;RAP RIVERA;PRIMER NIVEL;POLICLINICA;35971002;S-D;SI;SI;SI;SI;NO;NO;NO;SI;NO;NO;NO;NO;NC;NO;NO;NO;NO;NO;NO;NO;NO;NO;NO;NO;NO;NO;N-C;N-C;NO;NO;NO;NO;NO;S-D;NO;SI;NO;NO;NO;NO;NO;NO;NO;NO;-30.97;-55.601;POINT (-55.601 -30.97)
622;2.16.858.0.0.2.1.1.5981390003004002029;POLICLINICA LA PALMA - LUNAREJO;POL. LA PALMA - LUNAREJO;NO;NORTE;RIVERA;RURAL;RURAL;13;900;3;4;2;1390003004002029;13029;606940.87;6551239.88;-31.16797562,-55.87786389;CNO. VECINAL  CERCA DE RUTA 30;S-D;ESCUELA 22;46506091;1;NORTE;REGION NORTE;46;RAP RIVERA;PRIMER NIVEL;POLICLINICA;35971002;INTENDENCIA;SI;SI;SI;NO;NO;S-D;S-D;S-D;S-D;S-D;NO;NO;NC;NO;NO;NO;NO;NO;NO;NO;NO;NO;NO;NO;NO;NO;N-C;N-C;NO;NO;NO;NO;NO;S-D;NO;SI;NO;NO;NO;NO;NO;NO;NO;NO;-31.16797562;-55.87786389;POINT (-55.87786389 -31.16797562)
624;2.16.858.0.0.2.1.1.5981390008005805031;POLICLINICA PASO DEL PARQUE;POL. PASO DEL PARQUE;NO;NORTE;RIVERA;RURAL;RURAL;13;900;8;5;805;1390008005805031;13031;716003.85;6477975.18;-31.81343384,-54.71804349;A 8 KM DE VICHADERO;S-D;ESCUELA 93;S-D;1;NORTE;REGION NORTE;46;RAP RIVERA;PRIMER NIVEL;POLICLINICA;35971002;S-D;SI;SI;SI;NO;NO;NO;SI;NO;NO;NO;NO;NO;NC;NO;NO;NO;NO;NO;NO;NO;NO;NO;NO;NO;NO;NO;N-C;N-C;NO;NO;NO;NO;NO;S-D;NO;SI;NO;NO;NO;NO;NO;NO;NO;NO;-31.81343384;-54.71804349;POINT (-54.71804349 -31.81343384)
628;2.16.858.0.0.2.1.1.5981390004103006035;POLICLINICA TRES PUENTES;POL. TRES PUENTES;NO;NORTE;RIVERA;RURAL;RURAL;13;900;4;103;6;1390004103006035;13035;665562.45;6527416.704;-31.376,-55.259;RUTA 27 TRES PUENTES;S-D;S-D;S-D;1;NORTE;REGION NORTE;46;RAP RIVERA;PRIMER NIVEL;POLICLINICA;35971002;S-D;SI;NO;SI;NO;NO;NO;NO;SI;NO;NO;NO;NO;NC;NO;NO;NO;NO;NO;NO;NO;NO;NO;NO;NO;NO;NO;N-C;N-C;NO;NO;NO;NO;NO;S-D;NO;SI;NO;NO;NO;NO;NO;NO;NO;NO;-31.376;-55.259;POINT (-55.259 -31.376)
629;2.16.858.0.0.2.1.1.5981390009102004036;SAI PPL UI 12: CERRO CARANCHO;SAI PPL UI 12: CERRO CARANCHO;NO;NORTE;RIVERA;RIVERA;RURAL;13;900;9;102;4;1390009102004036;13036;640177.758;6571468.379;-30.982,-55.532;ENTRADA A CERRO CARANCHO;S-D;CNO. NEY ALVEZ APOLO;S-D;1;NORTE;SAI-PPL;86;SAI-PPL (U. Ejecutora);PRIMER NIVEL;POLICLINICA;35971002;S-D;NO;SI;SI;SI;NO;NO;NO;SI;NO;NO;NO;NO;NC;NO;SI;NO;SI;NO;NO;NO;NO;NO;NO;NO;NO;NO;N-C;N-C;NO;NO;NO;NO;NO;S-D;NO;SI;NO;NO;NO;NO;NO;NO;NO;SI;-30.982;-55.532;POINT (-55.532 -30.982)
630;2.16.858.0.0.2.1.1.5981392206205400037;POLICLINICA AMARILLO;POL. AMARILLO;NO;NORTE;RIVERA;AMARILLO;RURAL;13;922;6;205;400;1392206205400037;13037;679940.94;6501580.22;-31.60684161,-55.10317015;CNO. A BLANQUILLOS;S-D;FRENTE A ESCUELA N 10;46508292;1;NORTE;REGION NORTE;46;RAP RIVERA;PRIMER NIVEL;POLICLINICA;35971002;S-D;SI;SI;SI;SI;NO;SI;NO;SI;NO;NO;NO;NO;NC;NO;NO;NO;NO;NO;NO;NO;NO;NO;NO;NO;NO;NO;N-C;N-C;NO;NO;NO;NO;NO;S-D;NO;SI;NO;NO;NO;NO;NO;NO;NO;NO;-31.60684161;-55.10317015;POINT (-55.10317015 -31.60684161)
631;2.16.858.0.0.2.1.1.5981392907205602038;POLICLINICA CERRILLADA;POL. CERRILLADA;NO;NORTE;RIVERA;CERRILLADA;RURAL;13;929;7;205;602;1392907205602038;13038;716868.646;6519578.694;-31.43821,-54.71809;CNO. INTERNACIONAL;S-D;ESCUELA 52;46504706 - 46504001;1;NORTE;REGION NORTE;46;RAP RIVERA;PRIMER NIVEL;POLICLINICA;35971002;S-D;SI;SI;SI;SI;NO;SI;NO;SI;SI;NO;NO;NO;NC;NO;NO;NO;NO;NO;NO;NO;NO;NO;NO;NO;NO;NO;N-C;N-C;NO;NO;NO;NO;NO;S-D;NO;SI;NO;NO;NO;NO;NO;NO;NO;NO;-31.43821;-54.71809;POINT (-54.71809 -31.43821)
632;2.16.858.0.0.2.1.1.5981393105203803039;POLICLINICA LA CALERA;POL. LA CALERA;NO;NORTE;RIVERA;CERROS DE LA CALERA;RURAL;13;931;5;203;803;1393105203803039;13039;652695.333;6525727.535;-31.393,-55.394;RUTA 28 LA CALERA;S-D;;S-D;1;NORTE;REGION NORTE;46;RAP RIVERA;PRIMER NIVEL;POLICLINICA;35971002;S-D;SI;SI;SI;NO;NO;NO;NO;SI;NO;NO;NO;NO;NC;NO;NO;NO;NO;NO;NO;NO;NO;NO;NO;NO;NO;NO;N-C;N-C;NO;NO;NO;NO;NO;S-D;NO;SI;NO;NO;NO;NO;NO;NO;NO;NO;-31.393;-55.394;POINT (-55.394 -31.393)
633;2.16.858.0.0.2.1.1.5981394009013012040;POLICLINICA LAGOS DEL NORTE;POL. LAGOS DEL NORTE;NO;NORTE;RIVERA;LAGOS DEL NORTE;RURAL;13;940;9;13;12;1394009013012040;13040;643424.73;6571425.049;-30.982,-55.498;LA CALANDRIA;S-D;EL COLIBRI;46502753;1;NORTE;REGION NORTE;46;RAP RIVERA;PRIMER NIVEL;POLICLINICA;35971002;S-D;SI;SI;SI;SI;NO;NO;NO;SI;NO;NO;NO;NO;NC;NO;NO;NO;NO;NO;NO;NO;NO;NO;NO;NO;NO;NO;N-C;N-C;NO;NO;NO;NO;NO;S-D;NO;SI;NO;NO;NO;NO;NO;NO;NO;NO;-30.982;-55.498;POINT (-55.498 -30.982)
634;2.16.858.0.0.2.1.1.5981394303010011041;POLICLINICA MASOLLER;POL. MASOLLER;NO;NORTE;RIVERA;MASOLLER;RURAL;13;943;3;10;11;1394303010011041;13041;595193.776;6560660.63;-31.084,-56.002;RUTA 30  KM;22;ENTRADA VIVIENDAS MEVIR;46506099;1;NORTE;REGION NORTE;46;RAP RIVERA;PRIMER NIVEL;POLICLINICA;35971002;S-D;SI;SI;SI;SI;NO;SI;NO;SI;SI;NO;NO;NO;NC;NO;NO;NO;NO;NO;NO;NO;NO;NO;NO;NO;NO;NO;N-C;N-C;NO;NO;NO;NO;NO;S-D;NO;SI;NO;NO;NO;NO;NO;NO;NO;NO;-31.084;-56.002;POINT (-56.002 -31.084)
635;2.16.858.0.0.2.1.1.5981432001101414001;CENTRO DEPARTAMENTAL DE ROCHA;HOSPITAL DE ROCHA;NO;ESTE;ROCHA;ROCHA;URBANA;14;320;1;101;414;1432001101414001;14001;744349.2;6181837;-34.47612856,-54.33944250;AVDA. MARTINEZ;S-D;TREINTA Y TRES;44722608;4;ESTE;REGION ESTE;27;CENTRO DEPARTAMENTAL DE ROCHA;SEGUNDO NIVEL;HOSPITAL;22232009;ASSE;NO;SI;SI;SI;SI;SI;NO;SI;SI;SI;SI;NO;NC;NO;SI;NO;SI;SI;NO;SI;NO;NO;NO;NO;SI;NO;NO;SI;SI;SI;SI;SI;SI;S-D;SI;SI;SI;SI;SI;SI;NO;NO;SI;SI;-34.47612856;-54.3394425;POINT (-54.3394425 -34.47612856)
637;2.16.858.0.0.2.1.1.5981432007003608003;POLICLINICA BARRIO HIPODROMO;POL. BARRIO HIPODROMO;NO;ESTE;ROCHA;ROCHA;URBANA;14;320;7;3;608;1432007003608003;14003;743391.324;6181205.774;-34.48204,-54.34968;CALLE J;S-D;CALLE K;99179580;4;ESTE;REGION ESTE;44;RAP ROCHA;PRIMER NIVEL;POLICLINICA;35971002;S-D;SI;SI;SI;SI;NO;NO;SI;SI;SI;NO;NO;NO;NC;SI;NO;NO;NO;NO;NO;NO;NO;NO;NO;NO;NO;NO;N-C;N-C;NO;NO;NO;NO;NO;S-D;NO;NO;NO;NO;NO;NO;NO;NO;NO;NO;-34.48204;-54.34968;POINT (-54.34968 -34.48204)
638;2.16.858.0.0.2.1.1.5981432001215500004;POLICLINICA BARRIO TREINTA Y TRES;POL. BARRIO TREINTA Y TRES;NO;ESTE;ROCHA;ROCHA;URBANA;14;320;1;215;500;1432001215500004;14004;745619.16;6179378.22;-34.49797635,-54.32492052;JUAN A. LOPEZ;S-D;PLAZOLETA DE LOS TREINTA Y TRES;44725254;4;ESTE;REGION ESTE;44;RAP ROCHA;PRIMER NIVEL;POLICLINICA;35971002;S-D;SI;SI;SI;SI;NO;NO;SI;NO;SI;NO;NO;NO;NC;NO;NO;NO;NO;NO;NO;NO;NO;NO;NO;NO;NO;NO;N-C;N-C;NO;NO;NO;SI;SI;S-D;SI;NO;NO;NO;NO;NO;NO;NO;NO;NO;-34.49797635;-54.32492052;POINT (-54.32492052 -34.49797635)
639;2.16.858.0.0.2.1.1.5981432001316500005;POLICLINICA BELVEDERE;POL. BELVEDERE;NO;ESTE;ROCHA;ROCHA;URBANA;14;320;1;316;500;1432001316500005;14005;747331.88;6182510.74;-34.46934829,-54.30719270;PEREZ DEL PUERTO;S-D;J. MARTINEZ;98923473;4;ESTE;REGION ESTE;44;RAP ROCHA;PRIMER NIVEL;POLICLINICA;35971002;S-D;SI;SI;SI;SI;NO;NO;SI;NO;NO;SI;NO;SI;2 Y 4 MIERCOLES;NO;NO;NO;NO;NO;NO;NO;NO;NO;NO;NO;NO;NO;N-C;N-C;NO;NO;NO;NO;NO;S-D;NO;NO;NO;NO;NO;NO;NO;NO;NO;NO;-34.46934829;-54.3071927;POINT (-54.3071927 -34.46934829)
640;2.16.858.0.0.2.1.1.5981432001219015006;POLICLINICA EL OMBU;POL. EL OMBU;NO;ESTE;ROCHA;ROCHA;URBANA;14;320;1;219;15;1432001219015006;14006;743872.065;6183292.102;-34.46313,-54.34505;PRIMERO DE AGOSTO;S-D;ALEJANDRO CHUCARRO;44720347;4;ESTE;REGION ESTE;44;RAP ROCHA;PRIMER NIVEL;POLICLINICA;35971002;S-D;SI;SI;SI;SI;NO;NO;SI;SI;SI;NO;NO;NO;NC;NO;NO;NO;NO;NO;NO;NO;NO;NO;NO;NO;NO;NO;N-C;N-C;NO;NO;NO;NO;NO;S-D;NO;NO;NO;NO;NO;NO;NO;NO;NO;NO;-34.46313;-54.34505;POINT (-54.34505 -34.46313)
641;2.16.858.0.0.2.1.1.5981432001112403007;POLICLINICA LAURO CRUZ GOYENLA;POL. LAVALLEJA;NO;ESTE;ROCHA;ROCHA;URBANA;14;320;1;112;403;1432001112403007;14007;744441.23;6180294.752;-34.490,-54.338;PANTALEON ARTIGAS;S-D;AGRACIADA;098928942 - 44731800;4;ESTE;REGION ESTE;44;RAP ROCHA;PRIMER NIVEL;POLICLINICA;35971002;S-D;SI;SI;SI;SI;NO;SI;SI;SI;SI;NO;SI;NO;NC;NO;NO;NO;NO;NO;NO;NO;NO;NO;NO;NO;NO;NO;N-C;N-C;NO;NO;S-D;S-D;NO;S-D;SI;NO;NO;NO;NO;NO;NO;NO;NO;NO;-34.49;-54.338;POINT (-54.338 -34.49)
642;2.16.858.0.0.2.1.1.5981432001217014008;POLICLINICA MARSICANO;POL. MARSICANO;NO;ESTE;ROCHA;ROCHA;URBANA;14;320;1;217;14;1432001217014008;14008;745576.06;6181990.28;-34.47445630,-54.32614092;AVDA. BRASIL;S-D;RODO;44723617;4;ESTE;REGION ESTE;44;RAP ROCHA;PRIMER NIVEL;POLICLINICA;35971002;S-D;SI;SI;SI;SI;NO;SI;SI;NO;SI;SI;NO;SI;1ER Y 3 MIERCOLES;NO;NO;NO;NO;NO;NO;NO;NO;NO;NO;NO;NO;NO;N-C;N-C;NO;NO;NO;NO;NO;S-D;SI;NO;NO;NO;NO;NO;NO;NO;NO;NO;-34.4744563;-54.32614092;POINT (-54.32614092 -34.4744563)
643;2.16.858.0.0.2.1.1.5981442104003015010;CENTRO AUXILIAR DE CASTILLOS;HOSPITAL DE CASTILLOS;NO;ESTE;ROCHA;CASTILLOS;URBANA;14;421;4;3;15;1442104003015010;14010;789905.3;6211482.61;-34.19737941,-53.85401464;19 DE ABRIL;1561;NUNEZ;44759001;4;ESTE;REGION ESTE;44;RAP ROCHA;SEGUNDO NIVEL;HOSPITAL;22232009;ASSE;NO;SI;SI;SI;NO;SI;SI;SI;SI;SI;SI;SI;LUNES A JUEVES;SI;NO;SI;SI;NO;NO;NO;NO;NO;NO;NO;SI;N-C;NO;SI;NO;NO;SI;SI;SI;S-D;SI;SI;SI;SI;SI;NO;NO;NO;NO;SI;-34.19737941;-53.85401464;POINT (-53.85401464 -34.19737941)
644;2.16.858.0.0.2.1.1.5981442104214018011;POLICLINICA BARRIO LA FLORINDA;POL. BARRIO LA FLORINDA;NO;ESTE;ROCHA;CASTILLOS;URBANA;14;421;4;214;18;1442104214018011;14011;789166.3;6210508.55;-34.20635618,-53.86169810;VILLASUSO;S-D;INDIA MUERTA;99430472;4;ESTE;REGION ESTE;44;RAP ROCHA;PRIMER NIVEL;POLICLINICA;35971002;S-D;SI;SI;SI;SI;NO;SI;NO;SI;NO;NO;NO;NO;NC;NO;NO;NO;NO;NO;NO;NO;NO;NO;NO;NO;NO;NO;N-C;N-C;NO;NO;NO;NO;NO;S-D;NO;NO;NO;NO;NO;NO;NO;NO;NO;NO;-34.20635618;-53.8616981;POINT (-53.8616981 -34.20635618)
645;2.16.858.0.0.2.1.1.5981442203004001012;CENTRO AUXILIAR LASCANO;C. S. LASCANO;NO;ESTE;ROCHA;LASCANO;URBANA;14;422;3;4;1;1442203004001012;14012;759138.65;6270068.81;-33.67773102,-54.20482806;EUDOXIO VIVAS;S-D;ANSINA;44568656 - 9613;4;ESTE;REGION ESTE;44;RAP ROCHA;PRIMER NIVEL;CENTRO DE SALUD;264361005;ASSE;SI;SI;SI;SI;NO;SI;NO;SI;SI;SI;SI;NO;NC;SI;NO;SI;SI;NO;NO;NO;NO;NO;NO;NO;SI;N-C;NO;SI;NO;NO;SI;SI;SI;S-D;SI;SI;SI;SI;SI;NO;NO;NO;SI;SI;-33.67773102;-54.20482806;POINT (-54.20482806 -33.67773102)
646;2.16.858.0.0.2.1.1.5981452105015015013;CENTRO AUXILIAR CHUY;HOSPITAL CHUY;NO;ESTE;ROCHA;CHUY;URBANA;14;521;5;15;15;1452105015015013;14013;827896.82;6265666.99;-33.69837190,-53.46265554;STA. TERESA;S-D;RIO CEBOLLATI;44745792;4;ESTE;REGION ESTE;73;CENTRO AUXILIAR CHUY;SEGUNDO NIVEL;HOSPITAL;22232009;ASSE;NO;SI;SI;SI;NO;SI;NO;SI;SI;SI;SI;NO;NC;NO;SI;NO;SI;SI;NO;NO;NO;NO;NO;NO;SI;NO;NO;SI;NO;NO;SI;SI;SI;S-D;SI;SI;SI;SI;SI;NO;NO;NO;SI;SI;-33.6983719;-53.46265554;POINT (-53.46265554 -33.6983719)
647;2.16.858.0.0.2.1.1.5981452105202034014;POLICLINICA SAMUEL PRILLIAC;POL. SAMUEL PRILLIAC;NO;ESTE;ROCHA;CHUY;URBANA;14;521;5;202;34;1452105202034014;14014;827410.198;6266090.312;-33.69471,-53.46805;RIO BRANCO;S-D;IPIRANGA;099 168 742 - 099 091 076;4;ESTE;REGION ESTE;44;RAP ROCHA;PRIMER NIVEL;POLICLINICA;35971002;IMR;SI;SI;SI;SI;NO;NO;NO;SI;NO;NO;NO;NO;NC;NO;NO;NO;NO;NO;NO;NO;NO;NO;NO;NO;NO;NO;N-C;N-C;NO;NO;NO;NO;NO;S-D;NO;NO;NO;NO;NO;NO;NO;NO;NO;NO;-33.69471;-53.46805;POINT (-53.46805 -33.69471)
648;2.16.858.0.0.2.1.1.5981462106002005015;POLICLINICA CEBOLLATI;POL. CEBOLLATI;NO;ESTE;ROCHA;CEBOLLATI;RURAL;14;621;6;2;5;1462106002005015;14015;798523.91;6314206.4;-33.26991768,-53.79522893;SAN MIGUEL;S-D;LASCANO;44599034;4;ESTE;REGION ESTE;44;RAP ROCHA;PRIMER NIVEL;POLICLINICA;35971002;S-D;SI;SI;SI;SI;NO;NO;NO;SI;SI;SI;SI;NO;NC;SI;NO;NO;NO;NO;NO;NO;NO;NO;NO;NO;NO;NO;N-C;N-C;NO;NO;NO;SI;SI;S-D;SI;NO;NO;NO;SI;NO;NO;NO;NO;NO;-33.26991768;-53.79522893;POINT (-53.79522893 -33.26991768)
649;2.16.858.0.0.2.1.1.5981462209002020016;POLICLINICA VELAZQUEZ;POL. VELAZQUEZ;NO;ESTE;ROCHA;VELAZQUEZ;RURAL;14;622;9;2;20;1462209002020016;14016;751112.659;6230403.746;-34.037,-54.280;CALLE 14;S-D;RUTA 15;44759001 - 44757290;4;ESTE;REGION ESTE;44;RAP ROCHA;PRIMER NIVEL;POLICLINICA;35971002;S-D;SI;SI;SI;SI;NO;NO;NO;SI;NO;SI;SI;NO;NC;SI;NO;NO;NO;NO;NO;NO;NO;NO;NO;NO;NO;NO;N-C;N-C;NO;NO;NO;SI;SI;S-D;SI;NO;NO;SI;SI;NO;NO;NO;SI;NO;-34.037;-54.28;POINT (-54.28 -34.037)
650;2.16.858.0.0.2.1.1.5981472105006006017;POLICLINICA 18 DE JULIO;POL. 18 DE JULIO;NO;ESTE;ROCHA;18 DE JULIO;RURAL;14;721;5;6;6;1472105006006017;14017;819289.673;6267443.587;-33.685,-53.556;DR. LUCIAN CANZANI;S-D;ARTESANOS DE LA PIEDRA;44746573;4;ESTE;REGION ESTE;44;RAP ROCHA;PRIMER NIVEL;POLICLINICA;35971002;ASSE;SI;SI;SI;SI;NO;NO;SI;NO;NO;SI;NO;NO;NC;SI;NO;NO;NO;NO;NO;NO;NO;NO;NO;NO;NO;NO;N-C;N-C;NO;NO;NO;SI;SI;S-D;SI;NO;NO;NO;NO;NO;NO;NO;NO;NO;-33.685;-53.556;POINT (-53.556 -33.685)
651;2.16.858.0.0.2.1.1.5981472210207811018;POLICLINICA BARRIO PARQUE;POL. BARRIO PARQUE;NO;ESTE;ROCHA;LA PALOMA;RURAL;14;722;10;207;811;1472210207811018;14018;759225.471;6163351.204;-34.639,-54.172;DE AMARAL;S-D;DE LA CANILLA;98910236;4;ESTE;REGION ESTE;44;RAP ROCHA;PRIMER NIVEL;POLICLINICA;35971002;IMR;SI;SI;SI;SI;NO;NO;SI;SI;SI;NO;NO;NO;NC;NO;NO;NO;NO;NO;NO;NO;NO;NO;NO;NO;NO;NO;N-C;N-C;NO;NO;NO;NO;NO;S-D;NO;NO;NO;NO;NO;NO;NO;NO;NO;NO;-34.639;-54.172;POINT (-54.172 -34.639)
652;2.16.858.0.0.2.1.1.5981472210107502019;POLICLINICA LA PALOMA;POL. LA PALOMA;NO;ESTE;ROCHA;LA PALOMA;RURAL;14;722;10;107;502;1472210107502019;14019;760415.56;6161159.01;-34.65844307,-54.15835646;PALOMA;S-D;ARIES;44796060;4;ESTE;REGION ESTE;44;RAP ROCHA;PRIMER NIVEL;POLICLINICA;35971002;ASSE;SI;SI;SI;SI;NO;SI;SI;SI;SI;SI;SI;SI;MIERCOLES;SI;NO;SI;SI;NO;NO;NO;NO;NO;NO;NO;NO;N-C;NO;NO;NO;NO;SI;SI;SI;S-D;SI;NO;NO;NO;SI;NO;NO;NO;NO;NO;-34.65844307;-54.15835646;POINT (-54.15835646 -34.65844307)
653;2.16.858.0.0.2.1.1.5981472305007012020;POLICLINICA SAN LUIS;POL. SAN LUIS;NO;ESTE;ROCHA;SAN LUIS AL MEDIO;RURAL;14;723;5;7;12;1472305007012020;14020;804458.896;6276680.317;-33.6061808358956, -53.718896507256524;CAMINO PASO DE LA BALSA;S-D;CALLE PRINCIPAL;44704015;4;ESTE;REGION ESTE;44;RAP ROCHA;PRIMER NIVEL;POLICLINICA;35971002;ASSE;SI;SI;SI;SI;NO;NO;NO;SI;NO;SI;NO;NO;NC;SI;NO;NO;NO;NO;NO;NO;NO;NO;NO;NO;NO;NO;N-C;N-C;NO;NO;NO;SI;SI;S-D;SI;NO;NO;NO;SI;NO;NO;NO;NO;NO;-33.6061808358956;-53.7188965072565;POINT (-53.718896507256524 -33.6061808358956)
654;2.16.858.0.0.2.1.1.5981482110011700021;POLICLINICA COSTA AZUL;POL. COSTA AZUL;NO;ESTE;ROCHA;LA AGUADA Y COSTA AZUL;RURAL;14;821;10;11;700;1482110011700021;14021;760321.685;6163910.643;-34.63368,-54.16023;DE LA ESCUELA;S-D;DE MORA;44798500;4;ESTE;REGION ESTE;44;RAP ROCHA;PRIMER NIVEL;POLICLINICA;35971002;S-D;SI;SI;SI;SI;NO;NO;SI;SI;SI;NO;NO;NO;NC;NO;NO;NO;NO;NO;NO;NO;NO;NO;NO;NO;NO;NO;N-C;N-C;NO;NO;NO;NO;NO;S-D;NO;NO;NO;NO;NO;NO;NO;NO;NO;NO;-34.63368;-54.16023;POINT (-54.16023 -34.63368)
655;2.16.858.0.0.2.1.1.5981482208201014022;POLICLINICA 19 DE ABRIL;POL. 19 DE ABRIL;NO;ESTE;ROCHA;19 DE ABRIL;RURAL;14;822;8;201;14;1482208201014022;14022;769557.731;6193700.487;-34.363,-54.069;CORONILLA;S-D;TABARE;44702053 - 2029;4;ESTE;REGION ESTE;44;RAP ROCHA;PRIMER NIVEL;POLICLINICA;35971002;S-D;SI;SI;SI;SI;NO;NO;SI;NO;NO;NO;NO;NO;NC;NO;NO;NO;NO;NO;NO;NO;NO;NO;NO;NO;NO;NO;N-C;N-C;NO;NO;NO;SI;NO;S-D;NO;NO;NO;NO;NO;NO;NO;NO;NO;NO;-34.363;-54.069;POINT (-54.069 -34.363)
656;2.16.858.0.0.2.1.1.5981482305208800023;POLICLINICA  LA CORONILLA;POL.  LA CORONILLA;NO;ESTE;ROCHA;LA CORONILLA;RURAL;14;823;5;208;800;1482305208800023;14023;821656.5;6243962.56;-33.89567642,-53.52196321;LEOPOLDO FERNANDEZ;S-D;LAS PALMERAS;44762889;4;ESTE;REGION ESTE;44;RAP ROCHA;PRIMER NIVEL;POLICLINICA;35971002;S-D;SI;SI;SI;SI;NO;SI;SI;SI;NO;NO;SI;NO;NC;NO;NO;NO;NO;NO;NO;NO;NO;NO;NO;NO;NO;NO;N-C;N-C;NO;NO;NO;SI;SI;S-D;NO;NO;NO;NO;SI;NO;NO;NO;NO;NO;-33.89567642;-53.52196321;POINT (-53.52196321 -33.89567642)
657;2.16.858.0.0.2.1.1.5981492104417403024;POLICLINICA AGUAS DULCES;POL. AGUAS DULCES;NO;ESTE;ROCHA;AGUAS DULCES;RURAL;14;921;4;417;403;1492104417403024;14024;796241.866;6202658.133;-34.27506,-53.78232;JOSE RONDONI;S-D;LOS PALAFITOS;44752171;4;ESTE;REGION ESTE;44;RAP ROCHA;PRIMER NIVEL;POLICLINICA;35971002;S-D;SI;SI;SI;SI;NO;NO;NO;SI;NO;NO;NO;NO;NC;NO;NO;NO;NO;NO;NO;NO;NO;NO;NO;NO;NO;NO;N-C;N-C;NO;NO;NO;SI;NO;S-D;NO;NO;NO;NO;SI;NO;NO;NO;NO;NO;-34.27506;-53.78232;POINT (-53.78232 -34.27506)
658;2.16.858.0.0.2.1.1.5981492305104015025;POLICLINICA BERNARDO VENTURA;POL. BERNARDO VENTURA;NO;ESTE;ROCHA;BARRA DEL CHUY;RURAL;14;923;5;104;15;1492305104015025;14025;834604.305;6259254.622;-33.754,-53.388;SIEMPRE VIVA;S-D;CALLE 6;44749278;4;ESTE;REGION ESTE;44;RAP ROCHA;PRIMER NIVEL;POLICLINICA;35971002;S-D;SI;SI;SI;SI;NO;NC;NC;NC;NC;NC;NO;NO;NC;NO;NO;NO;NO;NO;NO;NO;NO;NO;NO;NO;NO;NO;N-C;N-C;NO;NO;NO;S-D;NO;S-D;NO;NO;NO;NO;NO;NO;NO;NO;NO;NO;-33.754;-53.388;POINT (-53.388 -33.754)
659;2.16.858.0.0.2.1.1.5981492810309610026;POLICLINICA CABO POLONIO;POL. CABO POLONIO;NO;ESTE;ROCHA;CABO POLONIO;RURAL;14;928;10;309;610;1492810309610026;14026;796226.29;6188501.45;-34.40252914,-53.77761373;CNO. POSADAS;S-D;PREDIO DINARA;99174459;4;ESTE;REGION ESTE;44;RAP ROCHA;PRIMER NIVEL;POLICLINICA;35971002;S-D;SI;SI;SI;NO;NO;NO;NO;SI;NO;NO;NO;NO;NC;NO;NO;NO;NO;NO;NO;NO;NO;NO;NO;NO;NO;NO;N-C;N-C;NO;NO;NO;NO;NO;S-D;NO;NO;NO;NO;NO;NO;NO;NO;NO;NO;-34.40252914;-53.77761373;POINT (-53.77761373 -34.40252914)
660;2.16.858.0.0.2.1.1.5981494004016707027;POLICLINICA BARRA DE VALIZAS;POL. BARRA DE VALIZAS;NO;ESTE;ROCHA;BARRA DE VALIZAS;RURAL;14;940;4;16;707;1494004016707027;14027;794861.39;6196077.54;-34.33470242,-53.79504228;ALADINO VEIGA;S-D;GASTAMBIDE;44754026;4;ESTE;REGION ESTE;44;RAP ROCHA;PRIMER NIVEL;POLICLINICA;35971002;S-D;SI;SI;SI;SI;NO;SI;NO;SI;NO;NO;NO;NO;NC;NO;NO;NO;NO;NO;NO;NO;NO;NO;NO;NO;NO;NO;N-C;N-C;NO;NO;NO;NO;NO;S-D;NO;NO;NO;NO;SI;NO;NO;NO;NO;NO;-34.33470242;-53.79504228;POINT (-53.79504228 -34.33470242)
661;2.16.858.0.0.2.1.1.5981494105211605028;POLICLINICA LA ESMERALDA;POL. LA ESMERALDA;NO;ESTE;ROCHA;LA ESMERALDA;RURAL;14;941;5;211;605;1494105211605028;14028;804713.49;6215609.322;-34.156,-53.695;S-D;S-D;S-D;S-D;4;ESTE;REGION ESTE;44;RAP ROCHA;PRIMER NIVEL;POLICLINICA;35971002;S-D;SI;SI;SI;SI;NO;NO;NO;SI;NO;NO;NO;NO;NC;NO;NO;NO;NO;NO;NO;NO;NO;NO;NO;NO;NO;NO;N-C;N-C;NO;NO;NO;NO;NO;S-D;NO;NO;NO;NO;NO;NO;NO;NO;NO;NO;-34.156;-53.695;POINT (-53.695 -34.156)
662;2.16.858.0.0.2.1.1.5981495705118033029;POLICLINICA PUIMAYEN;POL. PUIMAYEN;NO;ESTE;ROCHA;PUIMAYEN;RURAL;14;957;5;118;33;1495705118033029;14029;833293.27;6258208.86;-33.76382640,-53.40173352;PARADA 15;S-D;S-D;44749221 - 44748482;4;ESTE;REGION ESTE;44;RAP ROCHA;PRIMER NIVEL;POLICLINICA;35971002;S-D;SI;SI;SI;SI;NO;SI;NO;SI;NO;NO;SI;NO;NC;NO;NO;NO;NO;NO;NO;NO;NO;NO;NO;NO;NO;NO;N-C;N-C;NO;NO;NO;SI;SI;S-D;NO;NO;NO;NO;SI;NO;NO;NO;NO;NO;-33.7638264;-53.40173352;POINT (-53.40173352 -33.7638264)
663;2.16.858.0.0.2.1.1.5981496205019013030;POLICLINICA PUNTA DEL DIABLO;POL. PUNTA DEL DIABLO;NO;ESTE;ROCHA;PUNTA DEL DIABLO;RURAL;14;962;5;19;13;1496205019013030;14030;818593.08;6228599.7;-34.03491239,-53.54944763;JOSE G. PERCHA;S-D;BORRIQUETA;44772241;4;ESTE;REGION ESTE;44;RAP ROCHA;PRIMER NIVEL;POLICLINICA;35971002;S-D;SI;SI;SI;SI;NO;SI;NO;SI;NO;NO;NO;NO;NC;NO;NO;NO;NO;NO;NO;NO;NO;NO;NO;NO;NO;NO;N-C;N-C;NO;NO;NO;SI;SI;S-D;NO;NO;NO;NO;SI;NO;NO;NO;NO;NO;-34.03491239;-53.54944763;POINT (-53.54944763 -34.03491239)
664;2.16.858.0.0.2.1.1.5981494210103103031;POLICLINICA LA PEDRERA;POL. LA PEDRERA;NO;ESTE;ROCHA;LA PEDRERA;RURAL;14;942;10;103;103;1494210103103031;14031;763028.21;6168499.93;-34.59165828,-54.13215634;PIRINCHO;S-D;PARQUE DE TODOS;44792574 - 44792030;4;ESTE;REGION ESTE;44;RAP ROCHA;PRIMER NIVEL;POLICLINICA;35971002;S-D;SI;SI;SI;SI;NO;NO;SI;SI;SI;NO;NO;NO;NC;NO;NO;NO;NO;NO;NO;NO;NO;NO;NO;NO;NO;NO;N-C;N-C;NO;NO;NO;NO;NO;S-D;NO;NO;NO;NO;NO;NO;NO;NO;NO;NO;-34.59165828;-54.13215634;POINT (-54.13215634 -34.59165828)
666;2.16.858.0.0.2.1.1.5981590005001002002;POLICLINICA PUNTAS DE CANA;POL. PUNTAS DE CANA;NO;NORTE;SALTO;RURAL;RURAL;15;900;5;1;2;1590005001002002;15002;515537.243;6490366.143;-31.722,-56.836;S-D;S-D;S-D;S-D;1;NORTE;REGION NORTE;84;RAP SALTO;PRIMER NIVEL;POLICLINICA;35971002;S-D;SI;NO;NO;NO;NO;NC;NC;NC;NC;NC;NO;NO;NC;NO;NO;NO;NO;NO;NO;NO;NO;NO;NO;NO;NO;NO;N-C;N-C;NO;NO;NO;NO;NO;S-D;NO;NO;NO;NO;NO;NO;NO;NO;NO;NO;-31.722;-56.836;POINT (-56.836 -31.722)
668;2.16.858.0.0.2.1.1.5981512001013003004;CENTRO DEPARTAMENTAL SALTO;HOSPITAL DE SALTO;NO;NORTE;SALTO;SALTO;URBANA;15;120;1;13;3;1512001013003004;15004;408573.72;6526477.88;-31.39268341,-57.96162593;CERVANTES;S-D;18 DE JULIO;47332944 - 47321024;1;NORTE;REGION NORTE;28;CENTRO DEPARTAMENTAL SALTO;TERCER NIVEL;HOSPITAL;22232009;ASSE;NO;SI;SI;SI;SI;NO;NO;SI;SI;SI;SI;NO;NC;SI;SI;NO;SI;NO;SI;SI;SI;SI;SI;SI;SI;NO;NO;SI;SI;SI;SI;SI;SI;S-D;SI;SI;SI;SI;SI;SI;SI;NO;SI;SI;-31.39268341;-57.96162593;POINT (-57.96162593 -31.39268341)
674;2.16.858.0.0.2.1.1.5981512003023410010;POLICLINICA HIPODROMO;POL. HIPODROMO;NO;NORTE;SALTO;SALTO;URBANA;15;120;3;23;410;1512003023410010;15010;413761.38;6529877.6;-31.36241022,-57.90677321;GARIBALDI;S-D;DEFENSA;47378737;1;NORTE;REGION NORTE;84;RAP SALTO;PRIMER NIVEL;POLICLINICA;35971002;S-D;SI;SI;SI;SI;NO;SI;SI;SI;SI;NO;NO;NO;NC;NO;NO;NO;NO;NO;NO;NO;NO;NO;NO;NO;NO;NO;N-C;N-C;NO;NO;NO;NO;NO;S-D;NO;NO;NO;NO;NO;NO;NO;NO;NO;NO;-31.36241022;-57.90677321;POINT (-57.90677321 -31.36241022)
675;2.16.858.0.0.2.1.1.5981512001017001011;POLICLINICA HORACIO SUAREZ SEDRASCHI;POL. HORACIO SUAREZ SEDRASCHI;NO;NORTE;SALTO;SALTO;URBANA;15;120;1;17;1;1512001017001011;15011;407020.1;6526136.09;-31.39564324,-57.97799696;SAN MARTIN (BARRIO CIEN MANZANAS);S-D;CORRIENTES;47336612;1;NORTE;REGION NORTE;84;RAP SALTO;PRIMER NIVEL;POLICLINICA;35971002;S-D;SI;SI;SI;SI;NO;SI;SI;SI;SI;SI;NO;NO;NC;NO;NO;NO;NO;NO;NO;NO;NO;NO;NO;NO;NO;NO;N-C;N-C;NO;NO;NO;NO;NO;S-D;NO;NO;NO;NO;NO;NO;NO;NO;NO;NO;-31.39564324;-57.97799696;POINT (-57.97799696 -31.39564324)
676;2.16.858.0.0.2.1.1.5981512002240024012;POLICLINICA LA TABLADA;POL. LA TABLADA;NO;NORTE;SALTO;SALTO;URBANA;15;120;2;240;24;1512002240024012;15012;410579.73;6526996.78;-31.38815872,-57.94048239;19 DE ABRIL;S-D;BELLA UNION;47336511;1;NORTE;REGION NORTE;84;RAP SALTO;PRIMER NIVEL;POLICLINICA;35971002;S-D;SI;SI;SI;SI;NO;SI;NO;SI;SI;SI;SI;NO;NC;NO;NO;NO;NO;NO;NO;NO;NO;NO;NO;NO;NO;NO;N-C;N-C;NO;NO;NO;SI;SI;S-D;SI;NO;NO;NO;NO;NO;NO;NO;NO;NO;-31.38815872;-57.94048239;POINT (-57.94048239 -31.38815872)
677;2.16.858.0.0.2.1.1.5981512001139610013;POLICLINICA UBA 1;POL. UBA 1;NO;NORTE;SALTO;SALTO;URBANA;15;120;1;139;610;1512001139610013;15013;407604.97;6524937.24;-31.40650531,-57.97195728;LAVALLEJA;1902;MANUEL PATULE;47332929;1;NORTE;REGION NORTE;84;RAP SALTO;PRIMER NIVEL;POLICLINICA;35971002;S-D;SI;SI;SI;SI;NO;SI;SI;SI;SI;SI;SI;SI;S-D;SI;NO;NO;NO;NO;NO;NO;NO;NO;NO;NO;NO;NO;N-C;N-C;NO;NO;NO;SI;SI;S-D;SI;NO;NO;NO;SI;NO;NO;NO;NO;NO;-31.40650531;-57.97195728;POINT (-57.97195728 -31.40650531)
678;2.16.858.0.0.2.1.1.5981512001339064014;POLICLINICA UBA 2;POL. UBA 2;NO;NORTE;SALTO;SALTO;URBANA;15;120;1;339;64;1512001339064014;15014;409321.56;6524470.16;-31.41085465,-57.95394424;PASAJE J;S-D;PASAJE D;47322845;1;NORTE;REGION NORTE;84;RAP SALTO;PRIMER NIVEL;POLICLINICA;35971002;S-D;SI;SI;SI;SI;NO;SI;SI;SI;SI;SI;SI;NO;NC;NO;NO;NO;NO;NO;NO;NO;NO;NO;NO;NO;NO;NO;N-C;N-C;NO;NO;NO;NO;NO;S-D;SI;NO;NO;NO;NO;NO;NO;NO;NO;NO;-31.41085465;-57.95394424;POINT (-57.95394424 -31.41085465)
679;2.16.858.0.0.2.1.1.5981512003505102015;POLICLINICA UBA 3;POL. UBA 3;NO;NORTE;SALTO;SALTO;URBANA;15;120;3;505;102;1512003505102015;15015;414445.16;6527541.1;-31.38353973,-57.89978511;LORENZO LATORRE;S-D;MONTERO;47378842;1;NORTE;REGION NORTE;84;RAP SALTO;PRIMER NIVEL;POLICLINICA;35971002;S-D;SI;SI;SI;SI;NO;SI;SI;SI;SI;SI;NO;NO;NC;SI;NO;NO;NO;NO;NO;NO;NO;NO;NO;NO;NO;NO;N-C;N-C;NO;NO;NO;SI;SI;S-D;SI;NO;NO;NO;NO;NO;NO;NO;NO;NO;-31.38353973;-57.89978511;POINT (-57.89978511 -31.38353973)
680;2.16.858.0.0.2.1.1.5981512002132019016;POLICLINICA UBA 5;POL. UBA 5;NO;NORTE;SALTO;SALTO;URBANA;15;120;2;132;19;1512002132019016;15016;408518.111;6528770.097;-31.372,-57.962;ASENCIO;S-D;CHILE;47340873;1;NORTE;REGION NORTE;84;RAP SALTO;PRIMER NIVEL;POLICLINICA;35971002;S-D;SI;SI;SI;SI;NO;SI;SI;SI;SI;SI;SI;NO;NC;SI;NO;NO;NO;NO;NO;NO;NO;NO;NO;NO;NO;NO;N-C;N-C;NO;NO;NO;SI;SI;S-D;SI;NO;NO;NO;NO;NO;NO;NO;NO;NO;-31.372;-57.962;POINT (-57.962 -31.372)
681;2.16.858.0.0.2.1.1.5981512003107809017;POLICLINICA UBA 6;POL. UBA 6;NO;NORTE;SALTO;SALTO;URBANA;15;120;3;107;809;1512003107809017;15017;411510.366;6528418.978;-31.375399733028793, -57.930569024794735;ETELVINA MIGLIARO;S-D;CALLE 3;47378462;1;NORTE;REGION NORTE;84;RAP SALTO;PRIMER NIVEL;POLICLINICA;35971002;S-D;SI;SI;SI;SI;NO;SI;SI;SI;SI;SI;NO;NO;NC;SI;NO;NO;NO;NO;NO;NO;NO;NO;NO;NO;NO;NO;N-C;N-C;NO;NO;NO;NO;NO;S-D;SI;NO;NO;NO;NO;NO;NO;NO;NO;NO;-31.3753997330288;-57.9305690247947;POINT (-57.930569024794735 -31.375399733028793)
682;2.16.858.0.0.2.1.1.5981512002024404018;POLICLINICA UBA 7;POL. UBA 7;NO;NORTE;SALTO;SALTO;URBANA;15;120;2;24;404;1512002024404018;15018;407801.82;6527862.77;-31.38012862,-57.96961547;JULIO DELGADO;S-D;DIEGO LAMAS;47323721;1;NORTE;REGION NORTE;84;RAP SALTO;PRIMER NIVEL;POLICLINICA;35971002;S-D;SI;SI;SI;SI;NO;SI;SI;SI;SI;SI;NO;SI;S-D;SI;NO;NO;NO;NO;NO;NO;NO;NO;NO;NO;NO;NO;N-C;N-C;NO;NO;NO;SI;SI;S-D;SI;NO;NO;NO;NO;NO;NO;NO;NO;NO;-31.38012862;-57.96961547;POINT (-57.96961547 -31.38012862)
683;2.16.858.0.0.2.1.1.5981512001110017019;POLICLINICA UBA 8;POL. UBA 8;NO;NORTE;SALTO;SALTO;URBANA;15;120;1;110;17;1512001110017019;15019;410613.684;6526372.242;-31.393795542982872, -57.940181507729726;VARELA;2704;L. PIRIZ;47329346;1;NORTE;REGION NORTE;84;RAP SALTO;PRIMER NIVEL;POLICLINICA;35971002;S-D;SI;SI;SI;SI;NO;SI;SI;SI;SI;SI;NO;NO;NC;SI;NO;NO;NO;NO;NO;NO;NO;NO;NO;NO;NO;NO;N-C;N-C;NO;NO;NO;SI;SI;S-D;SI;NO;NO;NO;NO;NO;NO;NO;NO;NO;-31.3937955429829;-57.9401815077297;POINT (-57.940181507729726 -31.393795542982872)
684;2.16.858.0.0.2.1.1.5981512003105002020;POLICLINICA WILLIAMS;POL. WILLIAMS;NO;NORTE;SALTO;SALTO;URBANA;15;120;3;105;2;1512003105002020;15020;413306.13;6527602.65;-31.38289986,-57.91175771;PERU (BARRIO WILLIAMS);S-D;CONCORDIA;47378545;1;NORTE;REGION NORTE;84;RAP SALTO;PRIMER NIVEL;POLICLINICA;35971002;S-D;SI;SI;SI;SI;NO;SI;NO;SI;SI;SI;NO;NO;NC;NO;NO;NO;NO;NO;NO;NO;NO;NO;NO;NO;NO;NO;N-C;N-C;NO;NO;NO;NO;NO;S-D;NO;NO;NO;NO;NO;NO;NO;NO;NO;NO;-31.38289986;-57.91175771;POINT (-57.91175771 -31.38289986)
685;2.16.858.0.0.2.1.1.5981552208202029022;POLICLINICA BELEN;POL. BELEN;NO;NORTE;SALTO;BELEN;RURAL;15;522;8;202;29;1552208202029022;15022;425701.47;6593321.99;-30.79082302,-57.77657028;NICOLAS BALBELA;S-D;GALILEO;47662030;1;NORTE;REGION NORTE;84;RAP SALTO;PRIMER NIVEL;POLICLINICA;35971002;S-D;SI;SI;SI;SI;NO;SI;NO;SI;SI;SI;NO;NO;NC;NO;NO;NO;NO;NO;NO;NO;NO;NO;NO;NO;NO;NO;N-C;N-C;NO;NO;NO;SI;SI;S-D;SI;NO;NO;NO;SI;NO;NO;NO;NO;NO;-30.79082302;-57.77657028;POINT (-57.77657028 -30.79082302)
686;2.16.858.0.0.2.1.1.5981552311202012023;POLICLINICA VILLA CONSTITUCION;POL. VILLA CONSTITUCION;NO;NORTE;SALTO;CONSTITUCION;RURAL;15;523;11;202;12;1552311202012023;15023;418334.249;6562990.429;-31.064,-57.856;G. OXANDABARAT;S-D;TREINTA Y TRES;47642036;1;NORTE;REGION NORTE;84;RAP SALTO;PRIMER NIVEL;POLICLINICA;35971002;S-D;SI;SI;SI;SI;NO;SI;NO;SI;SI;SI;NO;NO;NC;SI;NO;SI;SI;NO;NO;NO;NO;NO;NO;NO;NO;NO;N-C;N-C;NO;NO;NO;SI;SI;S-D;SI;SI;NO;NO;SI;NO;NO;NO;NO;SI;-31.064;-57.856;POINT (-57.856 -31.064)
687;2.16.858.0.0.2.1.1.5981572106001606024;POLICLINICA PUEBLO FERNANDEZ;POL. PUEBLO FERNANDEZ;NO;NORTE;SALTO;FERNANDEZ;RURAL;15;721;6;1;606;1572106001606024;15024;560318.051;6550498.424;-31.178,-56.367;CNO. DE P. QUINTANA POR LAS MARUJAS;S-D;;47704162;1;NORTE;REGION NORTE;84;RAP SALTO;PRIMER NIVEL;POLICLINICA;35971002;S-D;SI;SI;SI;SI;NO;SI;NO;SI;NO;NO;NO;NO;NC;NO;NO;NO;NO;NO;NO;NO;NO;NO;NO;NO;NO;NO;N-C;N-C;NO;NO;NO;SI;NO;S-D;NO;NO;NO;NO;NO;NO;NO;NO;NO;NO;-31.178;-56.367;POINT (-56.367 -31.178)
688;2.16.858.0.0.2.1.1.5981572203002009025;POLICLINICA SAN ANTONIO;POL. SAN ANTONIO;NO;NORTE;SALTO;SAN ANTONIO;RURAL;15;722;3;2;9;1572203002009025;15025;426603.88;6530090.4;-31.36137367,-57.77173386;CNO. DEPARTAMENTAL A RIVERA;S-D;CALLE 20;47330020;1;NORTE;REGION NORTE;84;RAP SALTO;PRIMER NIVEL;POLICLINICA;35971002;S-D;SI;SI;SI;SI;NO;SI;SI;SI;SI;SI;NO;NO;NC;SI;NO;NO;NO;NO;NO;NO;NO;NO;NO;NO;NO;NO;N-C;N-C;NO;NO;NO;NO;NO;S-D;NO;NO;NO;NO;NO;NO;NO;NO;NO;NO;-31.36137367;-57.77173386;POINT (-57.77173386 -31.36137367)
689;2.16.858.0.0.2.1.1.5981582103010001026;POLICLINICA ALBISU;POL. ALBISU;NO;NORTE;SALTO;ALBISU;RURAL;15;821;3;10;1;1582103010001026;15026;422591.55;6527630.74;-31.38330354,-57.81410979;CALLE 1;S-D;CALLE 2;47325771;1;NORTE;REGION NORTE;84;RAP SALTO;PRIMER NIVEL;POLICLINICA;35971002;S-D;SI;SI;SI;SI;NO;SI;SI;SI;SI;NO;NO;NO;NC;NO;NO;NO;NO;NO;NO;NO;NO;NO;NO;NO;NO;NO;N-C;N-C;NO;NO;NO;NO;NO;S-D;NO;NO;NO;NO;NO;NO;NO;NO;NO;NO;-31.38330354;-57.81410979;POINT (-57.81410979 -31.38330354)
690;2.16.858.0.0.2.1.1.5981582406205802027;POLICLINICA CAYETANO;POL. PUEBLO CAYETANO;NO;NORTE;SALTO;CAYETANO;RURAL;15;824;6;205;802;1582406205802027;15027;521616.358;6543777.335;-31.240,-56.773;RUTA 31 KM;107;COM 18 KM POR CON VECINAL;47304544;1;NORTE;REGION NORTE;84;RAP SALTO;PRIMER NIVEL;POLICLINICA;35971002;S-D;SI;SI;SI;SI;NO;NO;NO;SI;SI;NO;NO;NO;NC;NO;NO;NO;NO;NO;NO;NO;NO;NO;NO;NO;NO;NO;N-C;N-C;NO;NO;NO;NO;NO;S-D;NO;NO;NO;NO;NO;NO;NO;NO;NO;NO;-31.24;-56.773;POINT (-56.773 -31.24)
691;2.16.858.0.0.2.1.1.5981582507103001028;POLICLINICA CUCHILLA DE GUAVIYU;POL. CUCHILLA DE GUAVIYU;NO;NORTE;SALTO;CUCHILLA DE GUAVIYU;RURAL;15;825;7;103;1;1582507103001028;15028;534872.94;6566365.14;-31.03587255,-56.63457277;CUCHILLA GUAVIYU;S-D;S-D;47704161;1;NORTE;REGION NORTE;84;RAP SALTO;PRIMER NIVEL;POLICLINICA;35971002;S-D;SI;SI;SI;SI;NO;SI;NO;SI;SI;NO;NO;NO;NC;NO;NO;NO;NO;NO;NO;NO;NO;NO;NO;NO;NO;NO;N-C;N-C;NO;NO;NO;SI;NO;S-D;NO;NO;NO;NO;NO;NO;NO;NO;NO;NO;-31.03587255;-56.63457277;POINT (-56.63457277 -31.03587255)
692;2.16.858.0.0.2.1.1.5981582811106600029;POLICLINICA PALOMAS;POL. PALOMAS;NO;NORTE;SALTO;PALOMAS;RURAL;15;828;11;106;600;1582811106600029;15029;441815.076;6561150.441;-31.082,-57.610;CALLE 1;S-D;CALLE 2;94872723;1;NORTE;REGION NORTE;84;RAP SALTO;PRIMER NIVEL;POLICLINICA;35971002;S-D;SI;SI;SI;SI;NO;SI;NO;SI;SI;NO;NO;NO;NC;NO;NO;NO;NO;NO;NO;NO;NO;NO;NO;NO;NO;NO;N-C;N-C;NO;NO;NO;NO;NO;S-D;NO;NO;NO;NO;NO;NO;NO;NO;NO;NO;-31.082;-57.61;POINT (-57.61 -31.082)
693;2.16.858.0.0.2.1.1.5981583109001005030;POLICLINICA SARANDI DE ARAPEY;POL. SARANDI DE ARAPEY;NO;NORTE;SALTO;SARANDI DEL ARAPEY;RURAL;15;831;9;1;5;1583109001005030;15030;574759.606;6571354.119;-30.989,-56.217;IGLESIAS DE COMERCIO;S-D;DE LA ESCUELA;47704137;1;NORTE;REGION NORTE;84;RAP SALTO;PRIMER NIVEL;POLICLINICA;35971002;S-D;SI;SI;SI;NO;NO;SI;NO;SI;SI;NO;NO;NO;NC;NO;NO;NO;NO;NO;NO;NO;NO;NO;NO;NO;NO;NO;N-C;N-C;NO;NO;NO;NO;NO;S-D;NO;NO;NO;NO;NO;NO;NO;NO;NO;NO;-30.989;-56.217;POINT (-56.217 -30.989)
694;2.16.858.0.0.2.1.1.5981583211009012031;POLICLINICA SAUCEDO;POL. SAUCEDO;NO;NORTE;SALTO;SAUCEDO;RURAL;15;832;11;9;12;1583211009012031;15031;449554.594;6558419.366;-31.107,-57.529;MEVIR;S-D;CALLE 2;47604030;1;NORTE;REGION NORTE;84;RAP SALTO;PRIMER NIVEL;POLICLINICA;35971002;S-D;SI;SI;SI;SI;NO;SI;NO;SI;SI;NO;NO;NO;NC;NO;NO;NO;NO;NO;NO;NO;NO;NO;NO;NO;NO;NO;N-C;N-C;NO;NO;NO;NO;NO;S-D;NO;NO;NO;NO;NO;NO;NO;NO;NO;NO;-31.107;-57.529;POINT (-57.529 -31.107)
695;2.16.858.0.0.2.1.1.5981590010402601032;POLICLINICA CAMPO DE TODOS;POL. CAMPO DE TODOS;NO;NORTE;SALTO;RURAL;RURAL;15;900;10;402;601;1590010402601032;15032;441634.383;6508058.507;-31.561,-57.615;CAMPO DE TODOS;S-D;CAMINO VECINAL;47302691;1;NORTE;REGION NORTE;84;RAP SALTO;PRIMER NIVEL;POLICLINICA;35971002;S-D;SI;SI;SI;NO;NO;SI;SI;NO;SI;NO;NO;NO;NC;NO;NO;NO;NO;NO;NO;NO;NO;NO;NO;NO;NO;NO;N-C;N-C;NO;NO;NO;NO;NO;S-D;NO;NO;NO;NO;NO;NO;NO;NO;NO;NO;-31.561;-57.615;POINT (-57.615 -31.561)
696;2.16.858.0.0.2.1.1.5981590005104002033;POLICLINICA CARUMBE;POL. CARUMBE;NO;NORTE;SALTO;RURAL;RURAL;15;900;5;104;2;1590005104002033;15033;537476.29;6511970.89;-31.52657089,-56.60525423;RUTA 31 KM;146;ALMACEN FLIA CAPURRO;47304302;1;NORTE;REGION NORTE;84;RAP SALTO;PRIMER NIVEL;POLICLINICA;35971002;S-D;SI;NO;SI;NO;NO;NO;NO;NO;NO;NO;NO;NO;NC;NO;NO;NO;NO;NO;NO;NO;NO;NO;NO;NO;NO;NO;N-C;N-C;NO;NO;NO;NO;NO;S-D;NO;NO;NO;NO;NO;NO;NO;NO;NO;NO;-31.52657089;-56.60525423;POINT (-56.60525423 -31.52657089)
698;2.16.858.0.0.2.1.1.5981590003001002035;POLICLINICA COLONIA HARRIAGUE;POL. COLONIA HARRIAGUE;NO;NORTE;SALTO;RURAL;RURAL;15;900;3;1;2;1590003001002035;15035;423720.6;6534546.55;-31.32098500,-57.80170702;RUTA 3 KM;498;4 KM AL ESTE (CASA ENFERMERA);47302055;1;NORTE;REGION NORTE;84;RAP SALTO;PRIMER NIVEL;POLICLINICA;35971002;S-D;SI;SI;SI;SI;NO;SI;SI;SI;SI;NO;SI;NO;NC;NO;NO;NO;NO;NO;NO;NO;NO;NO;NO;NO;NO;NO;N-C;N-C;NO;NO;NO;NO;NO;S-D;NO;NO;NO;NO;NO;NO;NO;NO;NO;NO;-31.320985;-57.80170702;POINT (-57.80170702 -31.320985)
699;2.16.858.0.0.2.1.1.5981590005205605036;POLICLINICA PASO DE LAS PIEDRAS;POL. PASO DE LAS PIEDRAS DE ARERUNGUA;NO;NORTE;SALTO;RURAL;RURAL;15;900;5;205;605;1590005205605036;15036;536309.378;6497186.034;-31.660,-56.617;RUTA31 KM;159;A 17 KM POR CNO. VECINAL;47304307;1;NORTE;REGION NORTE;84;RAP SALTO;PRIMER NIVEL;POLICLINICA;35971002;S-D;SI;SI;SI;NO;NO;NO;SI;NO;SI;NO;NO;NO;NC;NO;NO;NO;NO;NO;NO;NO;NO;NO;NO;NO;NO;NO;N-C;N-C;NO;NO;NO;NO;NO;S-D;NO;NO;NO;NO;NO;NO;NO;NO;NO;NO;-31.66;-56.617;POINT (-56.617 -31.66)
700;2.16.858.0.0.2.1.1.5981590010103600037;POLICLINICA PASO DEL PARQUE;POL. PASO DEL PARQUE DAYMAN;NO;NORTE;SALTO;RURAL;RURAL;15;900;10;103;600;1590010103600037;15037;496362.73;6483860.61;-31.78079371,-57.03841667;RUTA DE JONES;S-D;RUTA 4;47402142;1;NORTE;REGION NORTE;84;RAP SALTO;PRIMER NIVEL;POLICLINICA;35971002;S-D;SI;SI;SI;NO;NO;SI;SI;NO;NO;NO;NO;NO;NC;NO;NO;NO;NO;NO;NO;NO;NO;NO;NO;NO;NO;NO;N-C;N-C;NO;NO;NO;NO;NO;S-D;NO;NO;NO;NO;NO;NO;NO;NO;NO;NO;-31.78079371;-57.03841667;POINT (-57.03841667 -31.78079371)
701;2.16.858.0.0.2.1.1.5981590005003003038;POLICLINICA PASO DEL POTRERO;POL. PASO DEL POTRERO;NO;NORTE;SALTO;RURAL;RURAL;15;900;5;3;3;1590005003003038;15038;515298.37;6521178.804;-31.444,-56.839;RUTA 31 KM;122;8 KM POR CNO. VECINAL;S-D;1;NORTE;REGION NORTE;84;RAP SALTO;PRIMER NIVEL;POLICLINICA;35971002;S-D;SI;NO;SI;NO;NO;SI;SI;NO;SI;NO;NO;NO;NC;NO;NO;NO;NO;NO;NO;NO;NO;NO;NO;NO;NO;NO;N-C;N-C;NO;NO;NO;NO;NO;S-D;NO;NO;NO;NO;NO;NO;NO;NO;NO;NO;-31.444;-56.839;POINT (-56.839 -31.444)
702;2.16.858.0.0.2.1.1.5981590006004600039;POLICLINICA PEPE NUNEZ;POL. PEPE NUNEZ;NO;NORTE;SALTO;RURAL;RURAL;15;900;6;4;600;1590006004600039;15039;558111.78;6519940.6;-31.45381267,-56.38837298;A 28 KM AL NORESTE DE RUTA 31;S-D;CAMINO VECINAL;47304128;1;NORTE;REGION NORTE;84;RAP SALTO;PRIMER NIVEL;POLICLINICA;35971002;S-D;SI;SI;SI;NO;NO;SI;SI;SI;SI;NO;NO;NO;NC;NO;NO;NO;NO;NO;NO;NO;NO;NO;NO;NO;NO;NO;N-C;N-C;NO;NO;NO;NO;NO;S-D;NO;NO;NO;NO;NO;NO;NO;NO;NO;NO;-31.45381267;-56.38837298;POINT (-56.38837298 -31.45381267)
703;2.16.858.0.0.2.1.1.5981590004103800040;POLICLINICA PUEBLO BIASSINI;POL. VALENTIN;NO;NORTE;SALTO;RURAL;RURAL;15;900;4;103;800;1590004103800040;15040;486421.99;6540194.25;-31.27245094,-57.14263576;KM 80  RUTA 31 Y RUTA 4;S-D;A 2 KM DE BIASSINI;47304932;1;NORTE;REGION NORTE;84;RAP SALTO;PRIMER NIVEL;POLICLINICA;35971002;S-D;SI;SI;SI;SI;NO;NO;SI;NO;SI;NO;SI;NO;NC;NO;NO;NO;NO;NO;NO;NO;NO;NO;NO;NO;NO;NO;N-C;N-C;NO;NO;NO;SI;SI;S-D;SI;NO;NO;NO;SI;NO;NO;NO;NO;SI;-31.27245094;-57.14263576;POINT (-57.14263576 -31.27245094)
704;2.16.858.0.0.2.1.1.5981590007103600041;POLICLINICA PUEBLO OLIVERA;POL. PUEBLO OLIVERA;NO;NORTE;SALTO;RURAL;RURAL;15;900;7;103;600;1590007103600041;15041;511779.02;6556684.86;-31.12367697,-56.87645595;RUTA 4 KM;114;5 KM CAMINO VECINAL;47304438;1;NORTE;REGION NORTE;84;RAP SALTO;PRIMER NIVEL;POLICLINICA;35971002;S-D;SI;SI;SI;NO;NO;SI;NO;SI;SI;NO;NO;NO;NC;NO;NO;NO;NO;NO;NO;NO;NO;NO;NO;NO;NO;NO;N-C;N-C;NO;NO;NO;NO;NO;S-D;NO;NO;NO;NO;NO;NO;NO;NO;NO;NO;-31.12367697;-56.87645595;POINT (-56.87645595 -31.12367697)
705;2.16.858.0.0.2.1.1.5981590006202605042;POLICLINICA PUEBLO QUINTANA;POL. PUEBLO QUINTANA;NO;NORTE;SALTO;PUEBLO QUINTANA;RURAL;15;900;6;202;605;1590006202605042;15042;557641.163;6531560.463;-31.349,-56.394;GRUPO MEVIR;S-D;;47704093;1;NORTE;REGION NORTE;84;RAP SALTO;PRIMER NIVEL;POLICLINICA;35971002;S-D;SI;SI;SI;NO;NO;SI;SI;SI;SI;NO;NO;NO;NC;NO;NO;NO;NO;NO;NO;NO;NO;NO;NO;NO;NO;NO;N-C;N-C;NO;NO;NO;NO;NO;S-D;NO;NO;NO;NO;NO;NO;NO;NO;NO;NO;-31.349;-56.394;POINT (-56.394 -31.349)
706;2.16.858.0.0.2.1.1.5981593505006601043;POLICLINICA CERROS DE VERA;POL. CERROS DE VERA;NO;NORTE;SALTO;CERROS DE VERA;RURAL;15;935;5;6;601;1593505006601043;15043;517739.604;6503995.56;-31.599,-56.813;CNO. VECINAL;S-D;MEVIR;47304270;1;NORTE;REGION NORTE;84;RAP SALTO;PRIMER NIVEL;POLICLINICA;35971002;S-D;SI;SI;SI;SI;NO;SI;NO;SI;SI;NO;NO;NO;NC;NO;NO;NO;NO;NO;NO;NO;NO;NO;NO;NO;NO;NO;N-C;N-C;NO;NO;NO;SI;NO;S-D;NO;NO;NO;NO;NO;NO;NO;NO;NO;NO;-31.599;-56.813;POINT (-56.813 -31.599)
707;2.16.858.0.0.2.1.1.5981593903012801044;POLICLINICA GARIBALDI;POL. COLONIA GARIBALDI;NO;NORTE;SALTO;GARIBALDI;RURAL;15;939;3;12;801;1593903012801044;15044;421187;6532585.45;-31.33850863,-57.82848811;AVDA ESPANA RUTA 31 KM;10;;47302578;1;NORTE;REGION NORTE;84;RAP SALTO;PRIMER NIVEL;POLICLINICA;35971002;S-D;SI;SI;SI;NO;NO;SI;NO;SI;SI;NO;NO;NO;NC;NO;NO;NO;NO;NO;NO;NO;NO;NO;NO;NO;NO;NO;N-C;N-C;NO;NO;NO;NO;NO;S-D;NO;NO;NO;NO;NO;NO;NO;NO;NO;NO;-31.33850863;-57.82848811;POINT (-57.82848811 -31.33850863)
708;2.16.858.0.0.2.1.1.5981594510102007045;POLICLINICA LAURELES;POL. LAURELES;NO;NORTE;SALTO;LAURELES;RURAL;15;945;10;102;7;1594510102007045;15045;450149.94;6514917.31;-31.49951937,-57.52492855;RUTA JONES;S-D;CNO. VECINAL;47302998;1;NORTE;REGION NORTE;84;RAP SALTO;PRIMER NIVEL;POLICLINICA;35971002;S-D;SI;SI;SI;SI;NO;SI;SI;SI;SI;NO;NO;NO;NC;NO;NO;NO;NO;NO;NO;NO;NO;NO;NO;NO;NO;NO;N-C;N-C;NO;NO;NO;NO;NO;S-D;NO;NO;NO;NO;NO;NO;NO;NO;NO;NO;-31.49951937;-57.52492855;POINT (-57.52492855 -31.49951937)
709;2.16.858.0.0.2.1.1.5981594907206009046;POLICLINICA COLONIA LAVALLEJA;POL. COLONIA LAVALLEJA;NO;NORTE;SALTO;MIGLIARO;RURAL;15;949;7;206;9;1594907206009046;15046;497711.4;6559728.08;-31.09627476,-57.02399705;CALLE 7;S-D;CALLE 1;47304185;1;NORTE;REGION NORTE;84;RAP SALTO;PRIMER NIVEL;POLICLINICA;35971002;S-D;SI;SI;SI;SI;NO;SI;SI;SI;SI;NO;SI;NO;NC;SI;NO;NO;NO;NO;NO;NO;NO;NO;NO;NO;NO;NO;N-C;N-C;NO;NO;NO;SI;SI;S-D;SI;NO;NO;NO;SI;NO;NO;NO;NO;NO;-31.09627476;-57.02399705;POINT (-57.02399705 -31.09627476)
710;2.16.858.0.0.2.1.1.5981595904102004048;POLICLINICA PUNTAS DE VALENTIN;POL. PUNTAS DE VALENTIN;NO;NORTE;SALTO;PUNTAS DE VALENTIN;RURAL;15;959;4;102;4;1595904102004048;15048;487369.74;6514975.695;-31.500,-57.133;CNO. DEPARTAMENTAL DE LA CUCHILLA DE SALTO;S-D;MEVIR;47304362;1;NORTE;REGION NORTE;84;RAP SALTO;PRIMER NIVEL;POLICLINICA;35971002;S-D;SI;SI;SI;SI;NO;SI;NO;SI;SI;NO;NO;NO;NC;NO;NO;NO;NO;NO;NO;NO;NO;NO;NO;NO;NO;NO;N-C;N-C;NO;NO;NO;SI;NO;S-D;NO;NO;NO;NO;NO;NO;NO;NO;NO;NO;-31.5;-57.133;POINT (-57.133 -31.5)
711;2.16.858.0.0.2.1.1.5981596504301003049;POLICLINICA RINCON DE VALENTIN;POL. RINCON DE VALENTIN;NO;NORTE;SALTO;RINCON DE VALENTIN;RURAL;15;965;4;301;3;1596504301003049;15049;481058.572;6539016.789;-31.283,-57.199;RUTA 31 KM;75;MEVIR;47304211;1;NORTE;REGION NORTE;84;RAP SALTO;PRIMER NIVEL;POLICLINICA;35971002;S-D;SI;SI;SI;SI;NO;SI;NO;SI;SI;NO;NO;NO;NC;NO;NO;NO;NO;NO;NO;NO;NO;NO;NO;NO;NO;NO;N-C;N-C;NO;NO;NO;NO;NO;S-D;NO;NO;NO;NO;NO;NO;NO;NO;NO;NO;-31.283;-57.199;POINT (-57.199 -31.283)
712;2.16.858.0.0.2.1.1.5981596603013015050;POLICLINICA COLONIA 18 DE JULIO;POL. COLONIA 18 DE JULIO;NO;NORTE;SALTO;COLONIA 18 DE JULIO;RURAL;15;966;3;13;15;1596603013015050;15050;416821.11;6530526.3;-31.35678118,-57.87455019;CALLE 2;S-D;CALLE 5;47302768;1;NORTE;REGION NORTE;84;RAP SALTO;PRIMER NIVEL;POLICLINICA;35971002;S-D;SI;SI;SI;SI;NO;SI;SI;NO;SI;NO;NO;NO;NC;SI;NO;NO;NO;NO;NO;NO;NO;NO;NO;NO;NO;NO;N-C;N-C;NO;NO;NO;NO;NO;S-D;NO;NO;NO;NO;NO;NO;NO;NO;NO;NO;-31.35678118;-57.87455019;POINT (-57.87455019 -31.35678118)
713;2.16.858.0.0.2.1.1.5981597004009003051;POLICLINICA ITAPEBI;POL. COLONIA ITAPEBI;NO;NORTE;SALTO;COLONIA ITAPEBI;RURAL;15;970;4;9;3;1597004009003051;15051;461473.142;6532867.375;-31.338,-57.405;RUTA 31 KM;55;CNO. VECINAL;47302807;1;NORTE;REGION NORTE;84;RAP SALTO;PRIMER NIVEL;POLICLINICA;35971002;S-D;SI;SI;SI;SI;NO;NO;SI;SI;SI;NO;NO;NO;NC;NO;NO;NO;NO;NO;NO;NO;NO;NO;NO;NO;NO;NO;N-C;N-C;NO;NO;NO;NO;NO;S-D;NO;NO;NO;NO;NO;NO;NO;NO;NO;NO;-31.338;-57.405;POINT (-57.405 -31.338)
714;2.16.858.0.0.2.1.1.5981597107203401052;POLICLINICA GUAVIYU DE ARAPEY;POL. GUAVIYU DE ARAPEY;NO;NORTE;SALTO;GUAVIYU DE ARAPEY;RURAL;15;971;7;203;401;1597107203401052;15052;529736.14;6560652.15;-31.08756204,-56.68823159;RUTA 4 KM;114;28 KMS POR CAMINO VECINAL;47704050;1;NORTE;REGION NORTE;84;RAP SALTO;PRIMER NIVEL;POLICLINICA;35971002;S-D;SI;SI;SI;NO;NO;SI;SI;NO;SI;NO;NO;NO;NC;NO;NO;NO;NO;NO;NO;NO;NO;NO;NO;NO;NO;NO;N-C;N-C;NO;NO;NO;NO;NO;S-D;NO;NO;NO;NO;NO;NO;NO;NO;NO;NO;-31.08756204;-56.68823159;POINT (-56.68823159 -31.08756204)
715;2.16.858.0.0.2.1.1.5981597305204602053;POLICLINICA PASO CEMENTERIO;POL. PASO CEMENTERIO;NO;NORTE;SALTO;PASO CEMENTERIO;RURAL;15;973;5;204;602;1597305204602053;15053;524526.092;6525705.373;-31.403,-56.742;RUTA 31 KM;127;MEVIR;47304159;1;NORTE;REGION NORTE;84;RAP SALTO;PRIMER NIVEL;POLICLINICA;35971002;S-D;SI;SI;SI;NO;NO;NO;SI;SI;SI;NO;NO;NO;NC;NO;NO;NO;NO;NO;NO;NO;NO;NO;NO;NO;NO;NO;N-C;N-C;NO;NO;NO;NO;NO;S-D;NO;NO;NO;NO;NO;NO;NO;NO;NO;NO;-31.403;-56.742;POINT (-56.742 -31.403)
717;2.16.858.0.0.2.1.1.5981622001016013002;CENTRO DE SALUD SAN JOSÉ;C. S. SAN JOSÉ;NO;OESTE;SAN JOSÉ;SAN JOSÉ DE MAYO;URBANA;16;220;1;16;13;1622001016013002;16002;527164.09;6199957.19;-34.34133263,-56.70466418;EUSEVIO VIDAL;867;CARLOS LARRIERA;43423755;3;OESTE;REGION OESTE;45;RAP SAN JOSÉ;PRIMER NIVEL;CENTRO DE SALUD;264361005;ASSE;SI;SI;SI;SI;NO;SI;SI;SI;SI;SI;SI;SI;S-D;SI;NO;NO;NO;NO;NO;NO;NO;NO;NO;NO;NO;NO;N-C;N-C;NO;NO;NO;NO;NO;S-D;NO;NO;NO;NO;SI;NO;NO;NO;NO;SI;-34.34133263;-56.70466418;POINT (-56.70466418 -34.34133263)
718;2.16.858.0.0.2.1.1.5981622001017014003;CENTRO DEPARTAMENTAL SAN JOSÉ;HOSPITAL DE SAN JOSÉ;NO;OESTE;SAN JOSÉ;SAN JOSÉ DE MAYO;URBANA;16;220;1;17;14;1622001017014003;16003;527071.438;6200005.39;-34.340900374569415, -56.70567307061642;DAMASO ANTONIO LARRANAGA;S-D;RICARDO DI MARTINO;43423621 - 43423810;3;OESTE;REGION OESTE;29;CENTRO DEPARTAMENTAL SAN JOSÉ;SEGUNDO NIVEL;HOSPITAL;22232009;ASSE;NO;SI;SI;SI;SI;NO;NO;SI;NO;NO;SI;NO;NC;NO;SI;NO;SI;SI;NO;NO;NO;NO;NO;NO;SI;NO;SI;NO;SI;SI;SI;SI;SI;S-D;SI;SI;SI;SI;SI;SI;NO;NO;SI;SI;-34.3409003745694;-56.7056730706164;POINT (-56.70567307061642 -34.340900374569415)
719;2.16.858.0.0.2.1.1.5981622001022006004;POLICLINICA ASOCIACION DE JUBILADOS;POL. ASOCIACION DE JUBILADOS;NO;OESTE;SAN JOSÉ;SAN JOSÉ DE MAYO;URBANA;16;220;1;22;6;1622001022006004;16004;526634.89;6199546.08;-34.34505385,-56.71040499;SARANDI;245;FCO. CANARO;43426537;3;OESTE;REGION OESTE;45;RAP SAN JOSÉ;PRIMER NIVEL;POLICLINICA;35971002;ONAJPU;SI;SI;SI;SI;NO;NO;NO;SI;SI;NO;NO;NO;NC;NO;NO;NO;NO;NO;NO;NO;NO;NO;NO;NO;NO;NO;N-C;N-C;NO;NO;NO;NO;NO;S-D;NO;NO;NO;NO;NO;NO;NO;NO;NO;NO;-34.34505385;-56.71040499;POINT (-56.71040499 -34.34505385)
721;2.16.858.0.0.2.1.1.5981622001026003006;POLICLINICA INVE II;POL. INVE II;NO;OESTE;SAN JOSÉ;SAN JOSÉ DE MAYO;URBANA;16;220;1;26;3;1622001026003006;16006;525105.53;6199890.27;-34.34198803,-56.72704332;WILSON FERREIRA ALDUNATE;S-D;ROCHA;99237232;3;OESTE;REGION OESTE;45;RAP SAN JOSÉ;PRIMER NIVEL;POLICLINICA;35971002;COMISION VECINAL;SI;SI;SI;SI;NO;SI;SI;NO;SI;SI;NO;NO;NC;NO;NO;NO;NO;NO;NO;NO;NO;NO;NO;NO;NO;NO;N-C;N-C;NO;NO;NO;NO;NO;S-D;NO;NO;NO;NO;NO;NO;NO;NO;NO;NO;-34.34198803;-56.72704332;POINT (-56.72704332 -34.34198803)
722;2.16.858.0.0.2.1.1.5981622001003006007;POLICLINICA LA INDUSTRIAL;POL. LA INDUSTRIAL;NO;OESTE;SAN JOSÉ;SAN JOSÉ DE MAYO;URBANA;16;220;1;3;6;1622001003006007;16007;526524.52;6201595.98;-34.32657010,-56.71166826;GUAYABOS;707;YARO;94803713;3;OESTE;REGION OESTE;45;RAP SAN JOSÉ;PRIMER NIVEL;POLICLINICA;35971002;COMISION VECINAL;SI;SI;SI;SI;NO;SI;NO;SI;SI;NO;NO;NO;NC;NO;NO;NO;NO;NO;NO;NO;NO;NO;NO;NO;NO;NO;N-C;N-C;NO;NO;NO;NO;NO;S-D;NO;NO;NO;NO;NO;NO;NO;NO;NO;NO;-34.3265701;-56.71166826;POINT (-56.71166826 -34.3265701)
730;2.16.858.0.0.2.1.1.5981622001007402015;POLICLINICA TRES BARRIOS;POL. TRES BARRIOS;NO;OESTE;SAN JOSÉ;SAN JOSÉ DE MAYO;URBANA;16;220;1;7;402;1622001007402015;16015;527557.15;6201251.39;-34.32965073,-56.70043232;GRAL. FLORES;S-D;SUIZA;43427509;3;OESTE;REGION OESTE;45;RAP SAN JOSÉ;PRIMER NIVEL;POLICLINICA;35971002;COMISION VECINAL;SI;SI;SI;SI;NO;SI;NO;SI;SI;SI;NO;NO;NC;NO;NO;NO;NO;NO;NO;NO;NO;NO;NO;NO;NO;NO;N-C;N-C;NO;NO;NO;NO;NO;S-D;NO;NO;NO;NO;NO;NO;NO;NO;NO;NO;-34.32965073;-56.70043232;POINT (-56.70043232 -34.32965073)
731;2.16.858.0.0.2.1.1.5981642106001008016;CENTRO DE SALUD PRIMER NIVEL DE ATENCION LIBERTAD;CENTRO AUXILIAR LIBERTAD;NO;OESTE;SAN JOSÉ;LIBERTAD;URBANA;16;421;6;1;8;1642106001008016;16016;535298.39;6168090.6;-34.62846038,-56.61490895;ARTIGAS;626;18 DE JULIO;43454074;3;OESTE;REGION OESTE;45;RAP SAN JOSÉ;PRIMER NIVEL;CENTRO DE SALUD;264361005;ASSE;SI;SI;SI;SI;NO;SI;NO;SI;SI;NO;SI;NO;NC;SI;NO;SI;SI;NO;NO;NO;NO;NO;NO;NO;NO;N-C;NO;NO;NO;NO;SI;SI;SI;S-D;SI;SI;SI;SI;NO;NO;NO;NO;NO;SI;-34.62846038;-56.61490895;POINT (-56.61490895 -34.62846038)
732;2.16.858.0.0.2.1.1.5981642106103407017;POLICLINICA MARIA JULIA;POL. MARIA JULIA;NO;OESTE;SAN JOSÉ;LIBERTAD;URBANA;16;421;6;103;407;1642106103407017;16017;534821.51;6166790.32;-34.64020229,-56.62005787;TOMAS A. EDISON;1220;GUILLERMO MARCONI;43453594;3;OESTE;REGION OESTE;45;RAP SAN JOSÉ;PRIMER NIVEL;POLICLINICA;35971002;IGLESIA;SI;SI;SI;SI;NO;SI;SI;SI;SI;NO;NO;NO;NC;NO;NO;NO;NO;NO;NO;NO;NO;NO;NO;NO;NO;NO;N-C;N-C;NO;NO;NO;NO;NO;S-D;NO;NO;NO;NO;NO;NO;NO;NO;NO;NO;-34.64020229;-56.62005787;POINT (-56.62005787 -34.64020229)
734;2.16.858.0.0.2.1.1.5981652106113019020;CENTRO DE SALUD CIUDAD DEL PLATA;C. S. CIUDAD DEL PLATA;NO;OESTE;SAN JOSÉ;DELTA DEL TIGRE Y VILLAS;URBANA;16;521;6;113;19;1652106113019020;16020;556011.7;6152670.67;-34.76658495, -56.38792137;RIVERA (M 67);S/N;SALTO;23475178 - 23475179;2;SUR;REGION SUR;2;RAP METROPOLITANA;PRIMER NIVEL;CENTRO DE SALUD;264361005;ASSE;SI;SI;SI;SI;NO;SI;SI;SI;SI;NO;SI;SI;MIERCOLES;SI;NO;SI;SI;NO;NO;NO;NO;NO;NO;NO;NO;N-C;N-C;N-C;NO;NO;SI;SI;NO;SI;SI;SI;NO;SI;SI;NO;NO;NO;NO;NO;-34.76658495;-56.38792137;POINT (-56.38792137 -34.76658495)
736;2.16.858.0.0.2.1.1.5981652106113024022;POLICLINICA COMUNITARIA 21 DE SETIEMBRE ESPACIO ADOLESCENTE;POL. COMUNITARIA 21 DE SETIEMBRE;NO;OESTE;SAN JOSÉ;DELTA DEL TIGRE Y VILLAS;URBANA;16;521;6;113;24;1652106113024022;16022;555684.05;6152611.46;-34.76713680,-56.39149783;FLORIDA (M 78  S 7;S/N;RUTA 1 VIEJA;S-D;2;SUR;REGION SUR;2;RAP METROPOLITANA;PRIMER NIVEL;POLICLINICA;35971002;NO PERTENECE A ASSE;SI;NO;NO;NO;NO;NO;SI;NO;NO;NO;NO;NO;NC;NO;NO;NO;NO;NO;NO;NO;NO;NO;NO;NO;NO;NO;N-C;N-C;NO;NO;NO;NO;NO;NO;NO;NO;NO;NO;NO;NO;NO;NO;NO;NO;-34.7671368;-56.39149783;POINT (-56.39149783 -34.7671368)
737;2.16.858.0.0.2.1.1.5981652106315060023;POLICLINICA COMUNITARIA PENINO;POL. PLAYA PENINO;NO;OESTE;SAN JOSÉ;DELTA DEL TIGRE Y VILLAS;URBANA;16;521;6;315;60;1652106315060023;16023;553110.08;6154276.18;-34.75226283,-56.41972922;HENRY FORD;S-D;AVDA. SEIS;23474560;2;SUR;REGION SUR;2;RAP METROPOLITANA;PRIMER NIVEL;POLICLINICA;35971002;NO PERTENECE A ASSE;SI;SI;SI;SI;NO;SI;SI;SI;SI;NO;NO;NO;NC;NO;NO;NO;NO;NO;NO;NO;NO;NO;NO;NO;NO;NO;N-C;N-C;NO;NO;NO;NO;NO;NO;NO;NO;NO;NO;NO;NO;NO;NO;NO;NO;-34.75226283;-56.41972922;POINT (-56.41972922 -34.75226283)
738;2.16.858.0.0.2.1.1.5981652106212018024;POLICLINICA DELTA DEL TIGRE;POL. DELTA DEL TIGRE;NO;OESTE;SAN JOSÉ;DELTA DEL TIGRE Y VILLAS;URBANA;16;521;6;212;18;1652106212018024;16024;558402.473;6152615.663;-34.76695,-56.36179;AVDA. DEL MALECON;S/N;MALLORCA;23472086;2;SUR;REGION SUR;2;RAP METROPOLITANA;PRIMER NIVEL;POLICLINICA;35971002;ASSE;SI;SI;SI;SI;NO;SI;SI;SI;SI;SI;NO;NO;NC;NO;NO;NO;NO;NO;NO;NO;NO;NO;NO;NO;NO;NO;N-C;N-C;NO;NO;NO;NO;NO;NO;SI;SI;NO;NO;NO;NO;NO;NO;NO;NO;-34.76695;-56.36179;POINT (-56.36179 -34.76695)
739;2.16.858.0.0.2.1.1.5981662102002013025;POLICLINICA VILLA RODRIGUEZ;POL. VILLA RODRIGUEZ;NO;OESTE;SAN JOSÉ;RODRIGUEZ;RURAL;16;621;2;2;13;1662102002013025;16025;542519.2;6195340.06;-34.38245387, -56.53749431;LEON JUDE;1070;JOSE ARTIGAS;43482453;3;OESTE;REGION OESTE;45;RAP SAN JOSÉ;PRIMER NIVEL;POLICLINICA;35971002;ASSE;SI;SI;SI;SI;NO;NO;SI;SI;NO;SI;NO;NO;NC;SI;NO;NO;NO;NO;NO;NO;NO;NO;NO;NO;NO;NO;N-C;N-C;NO;NO;NO;SI;SI;S-D;SI;SI;NO;NO;NO;NO;NO;NO;NO;SI;-34.38245387;-56.53749431;POINT (-56.53749431 -34.38245387)
740;2.16.858.0.0.2.1.1.5981672102101041026;POLICLINICA ITUZAINGO;POL. ITUZAINGO;NO;OESTE;SAN JOSÉ;ITUZAINGO;RURAL;16;721;2;101;41;1672102101041026;16026;552882.84;6191083.83;-34.42035809,-56.42450485;ALEJANDRO BEISSO;S-D;JULIAN RODRIGUEZ;43382174 - 43382171;3;OESTE;REGION OESTE;45;RAP SAN JOSÉ;PRIMER NIVEL;POLICLINICA;35971002;INTENDENCIA;SI;SI;SI;SI;NO;SI;SI;SI;SI;SI;NO;NO;NC;NO;NO;NO;NO;NO;NO;NO;NO;NO;NO;NO;NO;NO;N-C;N-C;NO;NO;NO;NO;NO;S-D;NO;SI;NO;NO;NO;NO;NO;NO;NO;NO;-34.42035809;-56.42450485;POINT (-56.42450485 -34.42035809)
741;2.16.858.0.0.2.1.1.5981672206221601027;POLICLINICA JUANA MARTINEZ;POL. JUANA MARTINEZ;NO;OESTE;SAN JOSÉ;SANTA MONICA;URBANA;16;722;6;221;601;1672206221601027;16027;551238.42;6155772.93;-34.73886176,-56.44026880;RUTA 1 VIEJA (M C   S 2);KM 31800;CALLE R;23479251 - 23477705;2;SUR;REGION SUR;2;RAP METROPOLITANA;PRIMER NIVEL;POLICLINICA;35971002;ASSE;SI;SI;SI;SI;NO;SI;SI;SI;SI;SI;SI;SI;MARTES;SI;NO;NO;NO;NO;NO;NO;NO;NO;NO;NO;NO;NO;N-C;N-C;NO;NO;SI;SI;NO;SI;SI;SI;NO;NO;NO;NO;NO;NO;NO;NO;-34.73886176;-56.4402688;POINT (-56.4402688 -34.73886176)
742;2.16.858.0.0.2.1.1.5981682106004008028;POLICLINICA PUNTAS DE VALDEZ;POL. PUNTAS DE VALDEZ;NO;OESTE;SAN JOSÉ;PUNTAS DE VALDEZ;RURAL;16;821;6;4;8;1682106004008028;16028;527603.03;6172707.45;-34.58706227,-56.69901126;RUTA 1 VIEJA  KM;61;PASCUAL DIAZ;43459281;3;OESTE;REGION OESTE;45;RAP SAN JOSÉ;PRIMER NIVEL;POLICLINICA;35971002;INTENDENCIA;SI;SI;SI;SI;NO;SI;NO;SI;SI;NO;NO;NO;NC;NO;NO;NO;NO;NO;NO;NO;NO;NO;NO;NO;NO;NO;N-C;N-C;NO;NO;NO;SI;SI;S-D;SI;SI;NO;NO;NO;NO;NO;NO;NO;NO;-34.58706227;-56.69901126;POINT (-56.69901126 -34.58706227)
743;2.16.858.0.0.2.1.1.5981682207001007029;POLICLINICA ESTACION GONZALEZ;POL. ESTACION GONZALEZ;NO;OESTE;SAN JOSÉ;GONZALEZ;RURAL;16;822;7;1;7;1682207001007029;16029;511604.376;6212334.423;-34.230,-56.874;RUTA 23  KM;11500;CASA PARROQUIAL;43402055;3;OESTE;REGION OESTE;45;RAP SAN JOSÉ;PRIMER NIVEL;POLICLINICA;35971002;IGLESIA;SI;SI;SI;NO;NO;NO;NO;SI;SI;SI;NO;NO;NC;NO;NO;NO;NO;NO;NO;NO;NO;NO;NO;NO;NO;NO;N-C;N-C;NO;NO;NO;NO;NO;S-D;NO;NO;NO;NO;NO;NO;NO;NO;NO;NO;-34.23;-56.874;POINT (-56.874 -34.23)
744;2.16.858.0.0.2.1.1.5981682304002003030;POLICLINICA MAL ABRIGO;POL. MAL ABRIGO;NO;OESTE;SAN JOSÉ;MAL ABRIGO;RURAL;16;823;4;2;3;1682304002003030;16030;504384.65;6221659.82;-34.14595305,-56.95243880;RUTA 23 KM;124;CALLE C;43402360;3;OESTE;REGION OESTE;45;RAP SAN JOSÉ;PRIMER NIVEL;POLICLINICA;35971002;ASSE;SI;SI;SI;SI;NO;SI;NO;SI;SI;SI;NO;NO;NC;NO;NO;NO;NO;NO;NO;NO;NO;NO;NO;NO;NO;NO;N-C;N-C;NO;NO;NO;SI;SI;S-D;SI;SI;NO;NO;NO;NO;NO;NO;NO;NO;-34.14595305;-56.9524388;POINT (-56.9524388 -34.14595305)
745;2.16.858.0.0.2.1.1.5981682606005400031;POLICLINICA RAFAEL PERAZZA RINCON DEL PINO;POL. RAFAEL PERAZZA RINCON DEL PINO;NO;OESTE;SAN JOSÉ;RAFAEL PERAZA;RURAL;16;826;6;5;400;1682606005400031;16031;518376.33;6179666.31;-34.52451353, -56.79977072;RUTA 1;S-D;CALLE 1810;43462099;3;OESTE;REGION OESTE;45;RAP SAN JOSÉ;PRIMER NIVEL;POLICLINICA;35971002;ASSE;SI;SI;SI;SI;NO;SI;NO;SI;SI;SI;NO;NO;NC;SI;NO;NO;NO;NO;NO;NO;NO;NO;NO;NO;NO;NO;N-C;N-C;NO;NO;NO;SI;SI;S-D;SI;SI;NO;NO;NO;NO;NO;NO;NO;NO;-34.52451353;-56.79977072;POINT (-56.79977072 -34.52451353)
746;2.16.858.0.0.2.1.1.5981682702005029032;POLICLINICA RAIGON;POL. RAIGON;NO;OESTE;SAN JOSÉ;RAIGON;RURAL;16;827;2;5;29;1682702005029032;16032;530628.83;6200094.242;-34.340,-56.667;CNO. NACIONAL;S-D;C. CARR. A TRANQUERAS COLORADAS;43420831;3;OESTE;REGION OESTE;45;RAP SAN JOSÉ;PRIMER NIVEL;POLICLINICA;35971002;MEVIR;SI;SI;SI;NO;NO;NO;NO;SI;NO;NO;NO;NO;NC;NO;NO;NO;NO;NO;NO;NO;NO;NO;NO;NO;NO;NO;N-C;N-C;NO;NO;NO;NO;NO;S-D;NO;NO;NO;NO;NO;NO;NO;NO;NO;NO;-34.34;-56.667;POINT (-56.667 -34.34)
749;2.16.858.0.0.2.1.1.5981690006108804035;POLICLINICA COLONIA ITALIA;POL. COLONIA ITALIA;NO;OESTE;SAN JOSÉ;RURAL;RURAL;16;900;6;108;804;1690006108804035;16035;535579.54;6173020.95;-34.58398959,-56.61204861;RUTA 45  KM;59500;SOCIEDAD FOMENTO RURAL;43452210;3;OESTE;REGION OESTE;45;RAP SAN JOSÉ;PRIMER NIVEL;POLICLINICA;35971002;COMISION VECINAL;SI;NO;SI;NO;NO;NO;NO;SI;NO;SI;NO;NO;NC;NO;NO;NO;NO;NO;NO;NO;NO;NO;NO;NO;NO;NO;N-C;N-C;NO;NO;NO;NO;NO;S-D;NO;NO;NO;NO;NO;NO;NO;NO;NO;NO;-34.58398959;-56.61204861;POINT (-56.61204861 -34.58398959)
750;2.16.858.0.0.2.1.1.5981690004006002036;POLICLINICA FAGINA;POL. FAGINA;NO;OESTE;SAN JOSÉ;RURAL;RURAL;16;900;4;6;2;1690004006002036;16036;516742.07;6216198.18;-34.19508444,-56.81829012;CAMINO GUAYCURU RUTA SECUNDARIA;S-D;ESCUELA 7;43402646;3;OESTE;REGION OESTE;45;RAP SAN JOSÉ;PRIMER NIVEL;POLICLINICA;35971002;COMISION VECINAL;SI;SI;SI;NO;NO;NO;NO;SI;NO;SI;NO;NO;NC;NO;NO;NO;NO;NO;NO;NO;NO;NO;NO;NO;NO;NO;N-C;N-C;NO;NO;NO;NO;NO;S-D;NO;NO;NO;NO;NO;NO;NO;NO;NO;NO;-34.19508444;-56.81829012;POINT (-56.81829012 -34.19508444)
751;2.16.858.0.0.2.1.1.5981690006209600037;SAI PPL UI 3: LIBERTAD;SAI PPL UI 3: LIBERTAD (EX ARTURO DUBRA);NO;OESTE;SAN JOSÉ;LIBERTAD;RURAL;16;900;6;209;600;1690006209600037;16037;532537.601;6167375.541;-34.635,-56.645;RUTA 1 KM;53.2;RUTA 89 CNO. AL PENAL;23454162;3;OESTE;SAI-PPL;86;SAI-PPL (U. Ejecutora);PRIMER NIVEL;POLICLINICA;35971002;S-D;NO;SI;SI;SI;NO;NO;NO;SI;NO;NO;SI;NO;NC;NO;SI;NO;SI;NO;NO;NO;NO;NO;NO;NO;NO;NO;N-C;N-C;NO;NO;SI;SI;NO;S-D;NO;NO;NO;NO;NO;NO;NO;NO;NO;SI;-34.635;-56.645;POINT (-56.645 -34.635)
753;2.16.858.0.0.2.1.1.5981692502010804039;POLICLINICA CAPURRO;POL. CAPURRO;NO;OESTE;SAN JOSÉ;CAPURRO;RURAL;16;925;2;10;804;1692502010804039;16039;549245.24;6189289.85;-34.43671582,-56.46398595;GABRIEL ANTONIO PEREIRA;77;ANDRES MARTINEZ TRUEBA;43389601;3;OESTE;REGION OESTE;45;RAP SAN JOSÉ;PRIMER NIVEL;POLICLINICA;35971002;MEVIR;SI;SI;SI;SI;NO;NO;NO;SI;SI;SI;NO;NO;NC;SI;NO;NO;NO;NO;NO;NO;NO;NO;NO;NO;NO;NO;N-C;N-C;NO;NO;NO;SI;NO;S-D;SI;SI;NO;NO;NO;NO;NO;NO;NO;NO;-34.43671582;-56.46398595;POINT (-56.46398595 -34.43671582)
754;2.16.858.0.0.2.1.1.5981692606024803040;POLICLINICA VILLA MARIA;POL. VILLA MARIA;NO;OESTE;SAN JOSÉ;VILLA MARIA;RURAL;16;926;6;24;803;1692606024803040;16040;521923.29;6180920.43;-34.51313430,-56.76115544;PLAZA VILLA MARIA;S-D;SALON COMUNAL;43462924;3;OESTE;REGION OESTE;45;RAP SAN JOSÉ;PRIMER NIVEL;POLICLINICA;35971002;COMISION VECINAL;SI;SI;SI;SI;NO;NO;SI;SI;SI;SI;NO;NO;NC;NO;NO;NO;NO;NO;NO;NO;NO;NO;NO;NO;NO;NO;N-C;N-C;NO;NO;NO;NO;NO;S-D;NO;NO;NO;NO;NO;NO;NO;NO;NO;NO;-34.5131343;-56.76115544;POINT (-56.76115544 -34.5131343)
755;2.16.858.0.0.2.1.1.5981692905401051041;POLICLINICA ECILDA PAULLIER;POL. ECILDA PAULLIER;NO;OESTE;SAN JOSÉ;ECILDA PAULLIER;RURAL;16;929;5;401;51;1692905401051041;16041;495609.18;6198315.62;-34.35648383, -57.04774696;FEDERICO PAULLIER;S-D;RAPETTI CABRERA;43492090;3;OESTE;REGION OESTE;45;RAP SAN JOSÉ;PRIMER NIVEL;POLICLINICA;35971002;ASSE;SI;SI;SI;SI;NO;NO;SI;SI;SI;SI;SI;NO;NC;NO;NO;NO;NO;NO;NO;NO;NO;NO;NO;NO;NO;NO;N-C;N-C;NO;NO;NO;SI;SI;S-D;SI;SI;NO;NO;NO;NO;NO;NO;NO;SI;-34.35648383;-57.04774696;POINT (-57.04774696 -34.35648383)
756;2.16.858.0.0.2.1.1.5981693206323049042;POLICLINICA KIYU;POL. KIYU;NO;OESTE;SAN JOSÉ;KIYU-ORDEIG;RURAL;16;932;6;323;49;1693206323049042;16042;525981.12;6159888.39;-34.70270499,-56.71630318;MBIGUA;S-D;LOS HIBISCOS;99193259;3;OESTE;REGION OESTE;45;RAP SAN JOSÉ;PRIMER NIVEL;POLICLINICA;35971002;COMISION VECINAL;SI;SI;SI;SI;NO;SI;NO;SI;SI;NO;NO;NO;NC;NO;NO;NO;NO;NO;NO;NO;NO;NO;NO;NO;NO;NO;N-C;N-C;NO;NO;NO;SI;SI;S-D;SI;SI;NO;NO;NO;NO;NO;NO;NO;NO;-34.70270499;-56.71630318;POINT (-56.71630318 -34.70270499)
757;2.16.858.0.0.2.1.1.5981696403201801043;POLICLINICA CARRETA QUEMADA;POL. CARRETA QUEMADA;NO;OESTE;SAN JOSÉ;CARRETA QUEMADA;RURAL;16;964;3;201;801;1696403201801043;16043;541012.41;6218794.162;-34.171,-56.555;RUTA 45  KM;107500;ANCAP BRANDO - MEVIR;43408155;3;OESTE;REGION OESTE;45;RAP SAN JOSÉ;PRIMER NIVEL;POLICLINICA;35971002;COMISION VECINAL;SI;SI;SI;NO;NO;SI;NO;SI;SI;SI;NO;NO;NC;NO;NO;NO;NO;NO;NO;NO;NO;NO;NO;NO;NO;NO;N-C;N-C;NO;NO;NO;NO;NO;S-D;NO;NO;NO;NO;NO;NO;NO;NO;NO;NO;-34.171;-56.555;POINT (-56.555 -34.171)
758;2.16.858.0.0.2.1.1.5981722001013008001;CENTRO DEPARTAMENTAL DE SORIANO;HOSPITAL DE SORIANO;NO;OESTE;SORIANO;MERCEDES;URBANA;17;220;1;13;8;1722001013008001;17001;403072.84;6320155.97;-33.25323690,-58.04054796;FLORENCIO SANCHEZ;204;CERRITO;45322177;3;OESTE;REGION OESTE;30;CENTRO DEPARTAMENTAL SORIANO;SEGUNDO NIVEL;HOSPITAL;22232009;ASSE;NO;SI;SI;SI;SI;SI;SI;SI;SI;SI;SI;NO;NC;SI;SI;NO;SI;SI;NO;SI;NO;NO;NO;NO;SI;SI;SI;SI;NO;NO;SI;SI;SI;S-D;NO;SI;SI;SI;SI;SI;SI;NO;SI;SI;-33.2532369;-58.04054796;POINT (-58.04054796 -33.2532369)
759;2.16.858.0.0.2.1.1.5981722001037014002;POLICLINICA BARRIO TREINTA Y TRES (MERCEDES);POL. BARRIO TREINTA Y TRES (MERCEDES);NO;OESTE;SORIANO;MERCEDES;URBANA;17;220;1;37;14;1722001037014002;17002;406010.333;6320321.929;-33.252,-58.009;CARMELO COLMAN;526;BASILIO ARAUJO;45327414;3;OESTE;REGION OESTE;83;RAP SORIANO;PRIMER NIVEL;POLICLINICA;35971002;S-D;SI;SI;SI;SI;NO;SI;SI;SI;SI;NO;SI;S-D;S-D;NO;NO;NO;NO;NO;NO;NO;NO;NO;NO;NO;NO;NO;N-C;N-C;NO;NO;NO;NO;NO;S-D;NO;SI;NO;NO;NO;NO;NO;NO;NO;NO;-33.252;-58.009;POINT (-58.009 -33.252)
760;2.16.858.0.0.2.1.1.5981722001026010003;POLICLINICA EL TUNEL;POL. EL TUNEL;NO;OESTE;SORIANO;MERCEDES;URBANA;17;220;1;26;10;1722001026010003;17003;404901.138;6319424.095;-33.260,-58.021;MANUEL HERRERO Y ESPINOSA;911;VENANCIO FLORES;45323045;3;OESTE;REGION OESTE;83;RAP SORIANO;PRIMER NIVEL;POLICLINICA;35971002;S-D;SI;SI;SI;SI;NO;SI;SI;SI;SI;NO;SI;S-D;S-D;NO;NO;NO;NO;NO;NO;NO;NO;NO;NO;NO;NO;NO;N-C;N-C;NO;NO;NO;NO;NO;S-D;NO;SI;NO;NO;NO;NO;NO;NO;NO;NO;-33.26;-58.021;POINT (-58.021 -33.26)
761;2.16.858.0.0.2.1.1.5981722001017007004;POLICLINICA GOTA DE LECHE;POL. GOTA DE LECHE;NO;OESTE;SORIANO;MERCEDES;URBANA;17;220;1;17;7;1722001017007004;17004;404906.004;6320450.494;-33.25074378006603, -58.020840100580465;MANUEL FERREIRA;1137;JUAN A. LAVALLEJA;45327474;3;OESTE;REGION OESTE;83;RAP SORIANO;PRIMER NIVEL;POLICLINICA;35971002;S-D;SI;SI;SI;SI;NO;SI;SI;SI;SI;SI;SI;S-D;S-D;NO;NO;NO;NO;NO;NO;NO;NO;NO;NO;NO;NO;NO;N-C;N-C;NO;NO;NO;NO;NO;S-D;NO;SI;NO;NO;NO;NO;NO;NO;NO;NO;-33.250743780066;-58.0208401005805;POINT (-58.020840100580465 -33.25074378006603)
762;2.16.858.0.0.2.1.1.5981722001031001005;POLICLINICA GRITO DE ASENCIO;POL. GRITO DE ASENCIO;NO;OESTE;SORIANO;MERCEDES;URBANA;17;220;1;31;1;1722001031001005;17005;403930.68;6319016.79;-33.26358732,-58.03146071;JUSTO CORREA;1121;CONSTITUYENTE;S-D;3;OESTE;REGION OESTE;83;RAP SORIANO;PRIMER NIVEL;POLICLINICA;35971002;S-D;SI;SI;SI;SI;NO;SI;SI;SI;SI;SI;SI;S-D;S-D;NO;NO;NO;NO;NO;NO;NO;NO;NO;NO;NO;NO;NO;N-C;N-C;NO;NO;NO;NO;NO;S-D;NO;SI;NO;NO;NO;NO;NO;NO;NO;NO;-33.26358732;-58.03146071;POINT (-58.03146071 -33.26358732)
763;2.16.858.0.0.2.1.1.5981722001236041006;POLICLINICA PAUL HARRIS;POL. PAUL HARRIS;NO;OESTE;SORIANO;MERCEDES;URBANA;17;220;1;236;41;1722001236041006;17006;402725.01;6319802.11;-33.25639682,-58.04431943;ANSINA;S-D;CARLOS A. MAGNONE;S-D;3;OESTE;REGION OESTE;83;RAP SORIANO;PRIMER NIVEL;POLICLINICA;35971002;S-D;SI;SI;SI;SI;NO;SI;SI;SI;SI;SI;NO;S-D;S-D;NO;NO;NO;NO;NO;NO;NO;NO;NO;NO;NO;NO;NO;N-C;N-C;NO;NO;NO;NO;NO;S-D;NO;SI;NO;NO;NO;NO;NO;NO;NO;NO;-33.25639682;-58.04431943;POINT (-58.04431943 -33.25639682)
764;2.16.858.0.0.2.1.1.5981732103008016008;HOSPITAL DE DOLORES;CENTRO AUXILIAR DOLORES;NO;OESTE;SORIANO;DOLORES;URBANA;17;321;3;8;16;1732103008016008;17008;387343.99;6288833.39;-33.53416981,-58.21329107;ANDRES CHEVESTE;S-D;CARLOS PUIG;45342191;3;OESTE;REGION OESTE;39;HOSPITAL DE DOLORES;SEGUNDO NIVEL;HOSPITAL;22232009;ASSE;NO;SI;SI;SI;NO;SI;NO;SI;SI;SI;SI;NO;NC;SI;SI;NO;SI;SI;NO;NO;NO;NO;NO;NO;SI;NO;SI;NO;NO;NO;SI;SI;SI;S-D;NO;SI;SI;SI;SI;SI;NO;NO;SI;SI;-33.53416981;-58.21329107;POINT (-58.21329107 -33.53416981)
765;2.16.858.0.0.2.1.1.5981732103201046009;POLICLINICA SAN SALVADOR;POL. SAN SALVADOR;NO;OESTE;SORIANO;DOLORES;URBANA;17;321;3;201;46;1732103201046009;17009;385756.3;6289721.29;-33.52599448,-58.23027352;22 DE AGOSTO;S-D;E. AKLE;45344057;3;OESTE;REGION OESTE;83;RAP SORIANO;PRIMER NIVEL;POLICLINICA;35971002;S-D;SI;SI;SI;SI;NO;NO;NO;SI;SI;SI;NO;S-D;S-D;NO;NO;NO;NO;NO;NO;NO;NO;NO;NO;NO;NO;NO;N-C;N-C;NO;NO;NO;NO;NO;S-D;NO;SI;NO;NO;NO;NO;NO;NO;NO;NO;-33.52599448;-58.23027352;POINT (-58.23027352 -33.52599448)
766;2.16.858.0.0.2.1.1.5981752113101001010;CENTRO AUXILIAR CARDONA;CENTRO AUXILIAR CARDONA;NO;OESTE;SORIANO;CARDONA;RURAL;17;521;13;101;1;1752113101001010;17010;465618.31;6252341.26;-33.86868858,-57.37173445;ROGELIO SOSA;S-D;M. PACHECO Y OBES;45369221;3;OESTE;REGION OESTE;35;CENTRO AUXILIAR CARDONA;SEGUNDO NIVEL;HOSPITAL;22232009;ASSE;NO;SI;SI;SI;NO;SI;NO;SI;SI;SI;SI;NO;NC;SI;SI;NO;SI;SI;NO;NO;NO;NO;NO;NO;SI;NO;SI;NO;NO;NO;SI;SI;SI;S-D;NO;SI;NO;SI;SI;NO;NO;NO;SI;SI;-33.86868858;-57.37173445;POINT (-57.37173445 -33.86868858)
767;2.16.858.0.0.2.1.1.5981752113203031011;POLICLINICA SANTA TERESITA;POL. SANTA TERESITA;NO;OESTE;SORIANO;CARDONA;RURAL;17;521;13;203;31;1752113203031011;17011;466856.22;6252105.96;-33.87085034,-57.35835919;LAVALLEJA;S-D;CHEVESTE;S-D;3;OESTE;REGION OESTE;83;RAP SORIANO;PRIMER NIVEL;POLICLINICA;35971002;S-D;SI;SI;SI;SI;NO;SI;NO;SI;SI;SI;NO;S-D;S-D;SI;NO;NO;NO;NO;NO;NO;NO;NO;NO;NO;NO;NO;N-C;N-C;NO;NO;NO;NO;NO;S-D;NO;SI;NO;NO;NO;NO;NO;NO;NO;NO;-33.87085034;-57.35835919;POINT (-57.35835919 -33.87085034)
768;2.16.858.0.0.2.1.1.5981762106101403012;POLICLINICA LUIS H. PERRONE;POL. JOSE ENRIQUE RODO;NO;OESTE;SORIANO;JOSE ENRIQUE RODO;RURAL;17;621;6;101;403;1762106101403012;17012;451303.639;6270828.109;-33.70139439743964, -57.52548019874615;GRITO DE ASENCIO (RUTA 2);S-D;CALLE 26;45382105;3;OESTE;REGION OESTE;83;RAP SORIANO;PRIMER NIVEL;POLICLINICA;35971002;S-D;SI;SI;SI;SI;NO;SI;NO;SI;SI;SI;SI;S-D;S-D;SI;NO;NO;NO;NO;NO;NO;NO;NO;NO;NO;NO;NO;N-C;N-C;NO;NO;NO;NO;NO;S-D;NO;SI;NO;NO;NO;NO;NO;NO;NO;SI;-33.7013943974396;-57.5254801987462;POINT (-57.52548019874615 -33.70139439743964)
769;2.16.858.0.0.2.1.1.5981762207001006013;POLICLINICA PALMITAS;POL. PALMITAS;NO;OESTE;SORIANO;PALMITAS;RURAL;17;622;7;1;6;1762207001006013;17013;425103.05;6291929.15;-33.50956655,-57.80641564;VICENTE ORCOYEN;S-D;LAURENA JAUREGUI;45379871;3;OESTE;REGION OESTE;83;RAP SORIANO;PRIMER NIVEL;POLICLINICA;35971002;S-D;SI;SI;SI;SI;NO;SI;NO;SI;SI;NO;NO;S-D;S-D;NO;NO;NO;NO;NO;NO;NO;NO;NO;NO;NO;NO;NO;N-C;N-C;NO;NO;NO;NO;NO;S-D;NO;SI;NO;NO;NO;NO;NO;NO;NO;NO;-33.50956655;-57.80641564;POINT (-57.80641564 -33.50956655)
770;2.16.858.0.0.2.1.1.5981762302101027014;POLICLINICA VILLA SORIANO;POL. VILLA SORIANO;NO;OESTE;SORIANO;VILLA SORIANO;RURAL;17;623;2;101;27;1762302101027014;17014;377202.25;6304203.25;-33.39445707,-58.32038871;CABILDO;S-D;FLORIDA;45304139;3;OESTE;REGION OESTE;83;RAP SORIANO;PRIMER NIVEL;POLICLINICA;35971002;S-D;SI;SI;SI;SI;NO;SI;NO;SI;SI;NO;SI;S-D;S-D;SI;NO;NO;NO;NO;NO;NO;NO;NO;NO;NO;NO;NO;N-C;N-C;NO;NO;NO;NO;NO;S-D;NO;SI;NO;NO;NO;NO;NO;NO;NO;NO;-33.39445707;-58.32038871;POINT (-58.32038871 -33.39445707)
771;2.16.858.0.0.2.1.1.5981762411003030015;POLICLINICA PALMAR;POL. PALMAR;NO;OESTE;SORIANO;PALMAR;RURAL;17;624;11;3;30;1762411003030015;17015;457340.97;6342036.7;-33.05938591,-57.45696177;AVDA. BRASIL;S-D;MEXICO;45302593 - 45302363;3;OESTE;REGION OESTE;83;RAP SORIANO;PRIMER NIVEL;POLICLINICA;35971002;S-D;SI;SI;SI;SI;NO;SI;NO;SI;SI;NO;NO;S-D;S-D;NO;NO;NO;NO;NO;NO;NO;NO;NO;NO;NO;NO;NO;N-C;N-C;NO;NO;NO;NO;NO;S-D;NO;SI;NO;NO;NO;NO;NO;NO;NO;NO;-33.05938591;-57.45696177;POINT (-57.45696177 -33.05938591)
772;2.16.858.0.0.2.1.1.5981772108102003016;POLICLINICA EGANA;POL. EGANA;NO;OESTE;SORIANO;EGANA;RURAL;17;721;8;102;3;1772108102003016;17016;441549.128;6282015.951;-33.600,-57.630;TABARE;S-D;COQUIMBO;45308018;3;OESTE;REGION OESTE;83;RAP SORIANO;PRIMER NIVEL;POLICLINICA;35971002;S-D;SI;SI;SI;SI;NO;SI;NO;SI;SI;NO;NO;S-D;S-D;SI;NO;NO;NO;NO;NO;NO;NO;NO;NO;NO;NO;NO;N-C;N-C;NO;NO;NO;NO;NO;S-D;NO;SI;NO;NO;NO;NO;NO;NO;NO;NO;-33.6;-57.63;POINT (-57.63 -33.6)
773;2.16.858.0.0.2.1.1.5981772205101401017;POLICLINICA SANTA CATALINA;POL. SANTA CATALINA;NO;OESTE;SORIANO;SANTA CATALINA;RURAL;17;722;5;101;401;1772205101401017;17017;454430.45;6261389.53;-33.78665951,-57.49222612;RUFINO LORENZO VAZQUEZ;S-D;GENARO DE LEON;45388346;3;OESTE;REGION OESTE;83;RAP SORIANO;PRIMER NIVEL;POLICLINICA;35971002;S-D;SI;SI;SI;SI;NO;SI;NO;SI;SI;SI;NO;S-D;S-D;SI;NO;NO;NO;NO;NO;NO;NO;NO;NO;NO;NO;NO;N-C;N-C;NO;NO;NO;NO;NO;S-D;NO;SI;NO;NO;NO;NO;NO;NO;NO;NO;-33.78665951;-57.49222612;POINT (-57.49222612 -33.78665951)
774;2.16.858.0.0.2.1.1.5981779804001012018;POLICLINICA AGRACIADA;POL. LA AGRACIADA;NO;OESTE;SORIANO;AGRACIADA;RURAL;17;798;4;1;12;1779804001012018;17018;382875.8;6258492.6;-33.80727819,-58.26540384;GRAL. ARTIGAS;S-D;FRUCTUOSO RIVERA;45404009;3;OESTE;REGION OESTE;83;RAP SORIANO;PRIMER NIVEL;POLICLINICA;35971002;S-D;SI;SI;SI;SI;NO;SI;SI;SI;SI;NO;NO;S-D;S-D;SI;NO;NO;NO;NO;NO;NO;NO;NO;NO;NO;NO;NO;N-C;N-C;NO;NO;NO;NO;NO;S-D;NO;SI;NO;NO;NO;NO;NO;NO;NO;NO;-33.80727819;-58.26540384;POINT (-58.26540384 -33.80727819)
775;2.16.858.0.0.2.1.1.5981782205403812019;POLICLINICA CASTILLOS;POL. CASTILLOS;NO;OESTE;SORIANO;CASTILLOS;RURAL;17;822;5;403;812;1782205403812019;17019;430988.524;6254003.497;-33.852,-57.746;RUTA 55  KM;38;SALON MEVIR;S-D;3;OESTE;REGION OESTE;83;RAP SORIANO;PRIMER NIVEL;POLICLINICA;35971002;S-D;SI;SI;SI;SI;NO;SI;NO;SI;SI;NO;NO;S-D;S-D;NO;NO;NO;NO;NO;NO;NO;NO;NO;NO;NO;NO;NO;N-C;N-C;NO;NO;NO;SI;NO;S-D;NO;SI;NO;NO;NO;NO;NO;NO;NO;NO;-33.852;-57.746;POINT (-57.746 -33.852)
776;2.16.858.0.0.2.1.1.5981782312002012020;POLICLINICA RISSO;POL. RISSO;NO;OESTE;SORIANO;RISSO;RURAL;17;823;12;2;12;1782312002012020;17020;447046.48;6279586.03;-33.62220306,-57.57089517;CALLE 3;S-D;CALLE 8;45308114;3;OESTE;REGION OESTE;83;RAP SORIANO;PRIMER NIVEL;POLICLINICA;35971002;S-D;SI;SI;SI;SI;NO;SI;SI;SI;SI;NO;NO;S-D;S-D;SI;NO;NO;NO;NO;NO;NO;NO;NO;NO;NO;NO;NO;N-C;N-C;NO;NO;NO;NO;NO;S-D;NO;SI;NO;NO;NO;NO;NO;NO;NO;NO;-33.62220306;-57.57089517;POINT (-57.57089517 -33.62220306)
777;2.16.858.0.0.2.1.1.5981782410001603021;POLICLINICA SACACHISPAS;POL. VILLA DARWIN;NO;OESTE;SORIANO;SACACHISPAS;RURAL;17;824;10;1;603;1782410001603021;17021;440261.83;6335064.49;-33.12146864,-57.64036008;CNO. ROQUE GIL;S-D;CALLE 4;S-D;3;OESTE;REGION OESTE;83;RAP SORIANO;PRIMER NIVEL;POLICLINICA;35971002;S-D;SI;SI;SI;SI;NO;SI;SI;SI;NO;NO;NO;S-D;S-D;SI;NO;NO;NO;NO;NO;NO;NO;NO;NO;NO;NO;NO;N-C;N-C;NO;NO;NO;SI;NO;S-D;NO;SI;NO;NO;NO;NO;NO;NO;NO;NO;-33.12146864;-57.64036008;POINT (-57.64036008 -33.12146864)
778;2.16.858.0.0.2.1.1.5981782503011023022;POLICLINICA CANADA NIETO;POL. CANADA NIETO;NO;OESTE;SORIANO;CANADA NIETO;RURAL;17;825;3;11;23;1782503011023022;17022;397469.2;6270604.57;-33.69957394,-58.10636119;MANUEL SOUTO (RUTA 96);S-D;E. VALDENSES;45304054;3;OESTE;REGION OESTE;83;RAP SORIANO;PRIMER NIVEL;POLICLINICA;35971002;S-D;SI;SI;SI;SI;NO;SI;SI;SI;SI;NO;NO;S-D;S-D;SI;NO;NO;NO;NO;NO;NO;NO;NO;NO;NO;NO;NO;N-C;N-C;NO;NO;NO;NO;NO;S-D;NO;SI;NO;NO;NO;NO;NO;NO;NO;NO;-33.69957394;-58.10636119;POINT (-58.10636119 -33.69957394)
779;2.16.858.0.0.2.1.1.5981790001140802023;POLICLINICA PENSE;POL. PENSE;NO;OESTE;SORIANO;RURAL;RURAL;17;900;1;140;802;1790001140802023;17023;409345.72;6318544.39;-33.26831639,-57.97337621;CAMINO PENSE;S-D;ESCUELA 25;45328745;3;OESTE;REGION OESTE;83;RAP SORIANO;PRIMER NIVEL;POLICLINICA;35971002;S-D;SI;SI;SI;SI;NO;SI;SI;NO;NO;NO;NO;S-D;S-D;NO;NO;NO;NO;NO;NO;NO;NO;NO;NO;NO;NO;NO;N-C;N-C;NO;NO;NO;NO;NO;S-D;NO;SI;NO;NO;NO;NO;NO;NO;NO;NO;-33.26831639;-57.97337621;POINT (-57.97337621 -33.26831639)
780;2.16.858.0.0.2.1.1.5981792811302803024;POLICLINICA EL TALA;POL. EL TALA;NO;OESTE;SORIANO;EL TALA;RURAL;17;928;11;302;803;1792811302803024;17024;461414.955;6326020.886;-33.204,-57.414;CNO. VECINAL S-N RUTA 14  KM;65;MEVIR;S-D;3;OESTE;REGION OESTE;83;RAP SORIANO;PRIMER NIVEL;POLICLINICA;35971002;S-D;SI;SI;SI;SI;NO;SI;NO;SI;NO;NO;NO;S-D;S-D;NO;NO;NO;NO;NO;NO;NO;NO;NO;NO;NO;NO;NO;N-C;N-C;NO;NO;NO;SI;NO;S-D;NO;SI;NO;NO;NO;NO;NO;NO;NO;NO;-33.204;-57.414;POINT (-57.414 -33.204)
781;2.16.858.0.0.2.1.1.5981793004004012025;POLICLINICA LA CONCORDIA;POL. LA CONCORDIA;NO;OESTE;SORIANO;LA CONCORDIA;RURAL;17;930;4;4;12;1793004004012025;17025;367639.18;6285163.476;-33.565,-58.426;AVDA. 1;S-D;PREDIO EN PARQUE MUNICIPAL;45304240;3;OESTE;REGION OESTE;83;RAP SORIANO;PRIMER NIVEL;POLICLINICA;35971002;S-D;SI;SI;SI;SI;NO;SI;NO;SI;NO;NO;NO;S-D;S-D;NO;NO;NO;NO;NO;NO;NO;NO;NO;NO;NO;NO;NO;N-C;N-C;NO;NO;NO;SI;NO;S-D;NO;SI;NO;NO;NO;NO;NO;NO;NO;NO;-33.565;-58.426;POINT (-58.426 -33.565)
782;2.16.858.0.0.2.1.1.5981793903014001026;POLICLINICA PALO SOLO;POL. PALO SOLO;NO;OESTE;SORIANO;PALO SOLO;RURAL;17;939;3;14;1;1793903014001026;17026;405244.821;6256332.476;-33.829,-58.024;RUTA 96;S-D;RUTA 12;45304001;3;OESTE;REGION OESTE;83;RAP SORIANO;PRIMER NIVEL;POLICLINICA;35971002;S-D;SI;SI;SI;SI;NO;NO;SI;SI;SI;NO;NO;S-D;S-D;NO;NO;NO;NO;NO;NO;NO;NO;NO;NO;NO;NO;NO;N-C;N-C;NO;NO;NO;SI;NO;S-D;NO;SI;NO;NO;NO;NO;NO;NO;NO;NO;-33.829;-58.024;POINT (-58.024 -33.829)
783;2.16.858.0.0.2.1.1.5981795003115059027;POLICLINICA TOMAS GOMEZ;POL. TOMAS GOMEZ;NO;OESTE;SORIANO;CHACRAS DE DOLORES;RURAL;17;950;3;115;59;1795003115059027;17027;388255.59;6287054.54;-33.55030660,-58.20369761;RUTA 96 KM 25 (FRENTE A ESCUELA 15);25;JUAN SPIKERMAN;45344958;3;OESTE;REGION OESTE;83;RAP SORIANO;PRIMER NIVEL;POLICLINICA;35971002;S-D;SI;SI;SI;SI;NO;NO;NO;SI;NO;SI;NO;S-D;S-D;NO;NO;NO;NO;NO;NO;NO;NO;NO;NO;NO;NO;NO;N-C;N-C;NO;NO;NO;NO;NO;S-D;NO;SI;NO;NO;NO;NO;NO;NO;NO;NO;-33.5503066;-58.20369761;POINT (-58.20369761 -33.5503066)
784;2.16.858.0.0.2.1.1.5981795205203800028;POLICLINICA PERSEVERANO;POL. PERSEVERANO;NO;OESTE;SORIANO;PERSEVERANO;RURAL;17;952;5;203;800;1795205203800028;17028;426951.39;6256435.93;-33.82979183,-57.78943532;CNO. PERSEVERANO;S-D;MEVIR;S-D;3;OESTE;REGION OESTE;83;RAP SORIANO;PRIMER NIVEL;POLICLINICA;35971002;S-D;SI;SI;SI;SI;NO;SI;SI;S-D;S-D;S-D;NO;S-D;S-D;NO;NO;NO;NO;NO;NO;NO;NO;NO;NO;NO;NO;NO;N-C;N-C;NO;NO;NO;SI;NO;S-D;NO;SI;NO;NO;NO;NO;NO;NO;NO;NO;-33.82979183;-57.78943532;POINT (-57.78943532 -33.82979183)
786;2.16.858.0.0.2.1.1.5981822001006014002;CENTRO DE SALUD TACUAREMBÓ;C. S. TACUAREMBÓ;NO;NORTE;TACUAREMBÓ;TACUAREMBÓ;URBANA;18;220;1;6;14;1822001006014002;18002;596101.53;6490053.86;-31.72088733,-55.98565651;LORENZO CARNELLI;S-D;TREINTA Y TRES;46322558;1;NORTE;REGION NORTE;55;RAP TACUAREMBÓ;PRIMER NIVEL;CENTRO DE SALUD;264361005;ASSE;SI;SI;SI;SI;NO;SI;SI;SI;SI;SI;NO;NO;NC;NO;NO;NO;NO;NO;NO;NO;NO;NO;NO;NO;NO;NO;N-C;N-C;NO;NO;NO;NO;NO;S-D;NO;NO;NO;NO;SI;NO;NO;NO;NO;NO;-31.72088733;-55.98565651;POINT (-55.98565651 -31.72088733)
787;2.16.858.0.0.2.1.1.5981822001006014003;CENTRO DEPARTAMENTAL TACUAREMBÓ;HOSPITAL DE TACUAREMBÓ;NO;NORTE;TACUAREMBÓ;TACUAREMBÓ;URBANA;18;220;1;6;14;1822001006014003;18003;596179.96;6490134.98;-31.72014901,-55.98483672;TREINTA Y TRES;444;JAIME ROOS;46322295 - 46323812;1;NORTE;REGION NORTE;31;CENTRO DEPARTAMENTAL TACUAREMBÓ;TERCER NIVEL;HOSPITAL;22232009;ASSE;NO;SI;SI;SI;SI;NO;NO;SI;SI;NO;SI;SI;JUEVES;NO;SI;NO;SI;NO;SI;SI;SI;SI;SI;NO;SI;NO;NO;NO;SI;SI;SI;SI;NO;S-D;NO;SI;SI;SI;SI;SI;SI;SI;SI;NO;-31.72014901;-55.98483672;POINT (-55.98483672 -31.72014901)
788;2.16.858.0.0.2.1.1.5981822014203601004;POLICLINICA B. LOS MOLLES;POL. B. LOS MOLLES;NO;NORTE;TACUAREMBÓ;TACUAREMBÓ;URBANA;18;220;14;203;601;1822014203601004;18004;599660.64;6493883.08;-31.68604067,-55.94848550;FRANCISCO MIRANDA;S-D;DANIEL FERNANDEZ CRESPO;S-D;1;NORTE;REGION NORTE;55;RAP TACUAREMBÓ;PRIMER NIVEL;POLICLINICA;35971002;S-D;SI;SI;SI;SI;NO;NO;NO;SI;SI;NO;SI;NO;NC;NO;NO;NO;NO;NO;NO;NO;NO;NO;NO;NO;NO;NO;N-C;N-C;NO;NO;NO;S-D;NO;S-D;NO;S-D;NO;NO;NO;NO;NO;NO;NO;NO;-31.68604067;-55.9484855;POINT (-55.9484855 -31.68604067)
789;2.16.858.0.0.2.1.1.5981822001122014005;POLICLINICA B. SANTA ISABEL;POL. B. SANTA ISABEL;NO;NORTE;TACUAREMBÓ;TACUAREMBÓ;URBANA;18;220;1;122;14;1822001122014005;18005;597730.04;6490649.49;-31.71537640,-55.96852960;MARTIN LUTHER KING;159;PEREIRA;46329969;1;NORTE;REGION NORTE;55;RAP TACUAREMBÓ;PRIMER NIVEL;POLICLINICA;35971002;S-D;SI;SI;SI;SI;NO;SI;SI;SI;SI;SI;NO;NO;NC;NO;NO;NO;NO;NO;NO;NO;NO;NO;NO;NO;NO;NO;N-C;N-C;NO;NO;NO;S-D;NO;S-D;NO;S-D;NO;NO;NO;NO;NO;NO;NO;NO;-31.7153764;-55.9685296;POINT (-55.9685296 -31.7153764)
790;2.16.858.0.0.2.1.1.5981822001215036006;POLICLINICA BARRIO ARTIGAS;POL. BARRIO ARTIGAS;NO;NORTE;TACUAREMBÓ;TACUAREMBÓ;URBANA;18;220;1;215;36;1822001215036006;18006;595364.68;6489543.15;-31.72555597,-55.99338301;18 DE JULIO;S-D;PROF. JULIO CASTRO;46324692;1;NORTE;REGION NORTE;55;RAP TACUAREMBÓ;PRIMER NIVEL;POLICLINICA;35971002;S-D;SI;SI;SI;SI;NO;NO;SI;SI;SI;SI;NO;NO;NC;SI;NO;NO;NO;NO;NO;NO;NO;NO;NO;NO;NO;NO;N-C;N-C;NO;NO;NO;S-D;NO;S-D;NO;S-D;NO;NO;NO;NO;NO;NO;NO;NO;-31.72555597;-55.99338301;POINT (-55.99338301 -31.72555597)
791;2.16.858.0.0.2.1.1.5981822001427801007;POLICLINICA BARRIO GODOY;POL. BARRIO GODOY;NO;NORTE;TACUAREMBÓ;TACUAREMBÓ;URBANA;18;220;1;427;801;1822001427801007;18007;593246.31;6486727.33;-31.75113168,-56.01547190;CHIQUITO SARAVIA;S-D;ESCUELA 94;46302090;1;NORTE;REGION NORTE;55;RAP TACUAREMBÓ;PRIMER NIVEL;POLICLINICA;35971002;S-D;SI;SI;SI;SI;NO;SI;SI;SI;SI;SI;SI;NO;NC;NO;NO;NO;NO;NO;NO;NO;NO;NO;NO;NO;NO;NO;N-C;N-C;NO;NO;NO;S-D;NO;S-D;NO;S-D;NO;NO;NO;NO;NO;NO;NO;NO;-31.75113168;-56.0154719;POINT (-56.0154719 -31.75113168)
792;2.16.858.0.0.2.1.1.5981822001122030008;POLICLINICA BUEN SAMARITANO;POL. BUEN SAMARITANO;NO;NORTE;TACUAREMBÓ;TACUAREMBÓ;URBANA;18;220;1;122;30;1822001122030008;18008;598052.237;6489357.894;-31.727,-55.965;ATANASIO VIERA;S-D;DOMINGO ARENA;46324379;1;NORTE;REGION NORTE;55;RAP TACUAREMBÓ;PRIMER NIVEL;POLICLINICA;35971002;S-D;SI;SI;SI;SI;NO;SI;SI;SI;SI;SI;NO;NO;NC;NO;NO;NO;NO;NO;NO;NO;NO;NO;NO;NO;NO;NO;N-C;N-C;NO;NO;NO;S-D;NO;S-D;NO;S-D;NO;NO;NO;NO;NO;NO;NO;NO;-31.727;-55.965;POINT (-55.965 -31.727)
793;2.16.858.0.0.2.1.1.5981822001020003009;POLICLINICA CENTRO DE BARRIO N? 1 FERROCARRIL;POL. CENTRO DE BARRIO N? 1 FERROCARRIL;NO;NORTE;TACUAREMBÓ;TACUAREMBÓ;URBANA;18;220;1;20;3;1822001020003009;18009;597279.7;6489600.43;-31.72487808,-55.97317755;PABLO RIOS;S-D;ANTONIO CHIESA;46322699;1;NORTE;REGION NORTE;55;RAP TACUAREMBÓ;PRIMER NIVEL;POLICLINICA;35971002;INTENDENCIA;SI;SI;SI;SI;NO;SI;SI;S-D;SI;S-D;NO;NO;NC;NO;NO;NO;NO;NO;NO;NO;NO;NO;NO;NO;NO;NO;N-C;N-C;NO;NO;NO;S-D;NO;S-D;NO;S-D;NO;NO;NO;NO;NO;NO;NO;NO;-31.72487808;-55.97317755;POINT (-55.97317755 -31.72487808)
794;2.16.858.0.0.2.1.1.5981822014201022010;POLICLINICA CENTRO DE BARRIO N? 2 LOPEZ;POL. CENTRO DE BARRIO N? 2 LOPEZ;NO;NORTE;TACUAREMBÓ;TACUAREMBÓ;URBANA;18;220;14;201;22;1822014201022010;18010;597824.77;6492451.31;-31.69911454,-55.96770997;MANUEL FREIRE;277;FRANCISCO ROMERO;46324280;1;NORTE;REGION NORTE;55;RAP TACUAREMBÓ;PRIMER NIVEL;POLICLINICA;35971002;INTENDENCIA;SI;SI;SI;SI;NO;SI;NO;SI;SI;SI;NO;NO;NC;NO;NO;NO;NO;NO;NO;NO;NO;NO;NO;NO;NO;NO;N-C;N-C;NO;NO;NO;S-D;NO;S-D;NO;S-D;NO;NO;NO;NO;NO;NO;NO;NO;-31.69911454;-55.96770997;POINT (-55.96770997 -31.69911454)
795;2.16.858.0.0.2.1.1.5981822001023401011;POLICLINICA CENTRO DE BARRIO N? 3 EL HONGO;POL. CENTRO DE BARRIO N? 3 EL HONGO;NO;NORTE;TACUAREMBÓ;TACUAREMBÓ;URBANA;18;220;1;23;401;1822001023401011;18011;595169.87;6490295.49;-31.71878553,-55.99551233;M. RODRIGUEZ CORREA;S-D;ZELMAR MICHELINI;46329019;1;NORTE;REGION NORTE;55;RAP TACUAREMBÓ;PRIMER NIVEL;POLICLINICA;35971002;INTENDENCIA;SI;SI;SI;SI;NO;NO;NO;SI;SI;SI;NO;NO;NC;NO;NO;NO;NO;NO;NO;NO;NO;NO;NO;NO;NO;NO;N-C;N-C;NO;NO;NO;S-D;NO;S-D;NO;S-D;NO;NO;NO;NO;NO;NO;NO;NO;-31.71878553;-55.99551233;POINT (-55.99551233 -31.71878553)
796;2.16.858.0.0.2.1.1.5981822001226017012;POLICLINICA CENTRO DE BARRIO N? 4 TORRES;POL. CENTRO DE BARRIO N? 4 TORRES;NO;NORTE;TACUAREMBÓ;TACUAREMBÓ;URBANA;18;220;1;226;17;1822001226017012;18012;596241.82;6488266.382;-31.737,-55.984;AVDA. SAN MARTIN;S-D;R. RODRIGUEZ;46329071;1;NORTE;REGION NORTE;55;RAP TACUAREMBÓ;PRIMER NIVEL;POLICLINICA;35971002;INTENDENCIA;SI;SI;SI;NO;NO;SI;S-D;S-D;SI;S-D;NO;NO;NC;NO;NO;NO;NO;NO;NO;NO;NO;NO;NO;NO;NO;NO;N-C;N-C;NO;NO;NO;S-D;NO;S-D;NO;S-D;NO;NO;NO;NO;NO;NO;NO;NO;-31.737;-55.984;POINT (-55.984 -31.737)
797;2.16.858.0.0.2.1.1.5981822006001614013;POLICLINICA CENTRO DE BARRIO N? 5 EL MOLINO;POL. CENTRO DE BARRIO N? 5 EL MOLINO;NO;NORTE;TACUAREMBÓ;TACUAREMBÓ;URBANA;18;220;6;1;614;1822006001614013;18013;594937.3;6491433.18;-31.70854193,-55.99807707;INTENDENTE OLIVER;2800;MARIA REGGI;46323547;1;NORTE;REGION NORTE;55;RAP TACUAREMBÓ;PRIMER NIVEL;POLICLINICA;35971002;INTENDENCIA;SI;SI;SI;SI;NO;SI;NO;SI;SI;SI;NO;NO;NC;NO;NO;NO;NO;NO;NO;NO;NO;NO;NO;NO;NO;NO;N-C;N-C;NO;NO;NO;S-D;NO;S-D;NO;S-D;NO;NO;NO;NO;NO;NO;NO;NO;-31.70854193;-55.99807707;POINT (-55.99807707 -31.70854193)
798;2.16.858.0.0.2.1.1.5981822001024600014;POLICLINICA CENTRO DE BARRIO N? 6 MONTEVIDEO;POL. CENTRO DE BARRIO N? 6 MONTEVIDEO;NO;NORTE;TACUAREMBÓ;TACUAREMBÓ;URBANA;18;220;1;24;600;1822001024600014;18014;595607.447;6491376.217;-31.709,-55.991;ERNESTO MIQUELSON;313;W. BELTRAN;46328075;1;NORTE;REGION NORTE;55;RAP TACUAREMBÓ;PRIMER NIVEL;POLICLINICA;35971002;INTENDENCIA;SI;SI;SI;NO;NO;NO;NO;SI;SI;SI;NO;NO;NC;NO;NO;NO;NO;NO;NO;NO;NO;NO;NO;NO;NO;NO;N-C;N-C;NO;NO;NO;S-D;NO;S-D;NO;S-D;NO;NO;NO;NO;NO;NO;NO;NO;-31.709;-55.991;POINT (-55.991 -31.709)
799;2.16.858.0.0.2.1.1.5981822001001008015;POLICLINICA CIRCULO POLICIAL;POL. CIRCULO POLICIAL;NO;NORTE;TACUAREMBÓ;TACUAREMBÓ;URBANA;18;220;1;1;8;1822001001008015;18015;596277.3;6491377.62;-31.70893125,-55.98393171;GRAL. ARTIGAS;84;W. FERREIRA ALDUNATE;46326960;1;NORTE;REGION NORTE;55;RAP TACUAREMBÓ;PRIMER NIVEL;POLICLINICA;35971002;POLICLINICA COMUNITARIA;SI;NO;SI;NO;NO;NO;NO;SI;NO;NO;NO;NO;NC;NO;NO;NO;NO;NO;NO;NO;NO;NO;NO;NO;NO;NO;N-C;N-C;NO;NO;NO;S-D;NO;S-D;NO;S-D;NO;NO;NO;NO;NO;NO;NO;NO;-31.70893125;-55.98393171;POINT (-55.98393171 -31.70893125)
800;2.16.858.0.0.2.1.1.5981822001017014016;POLICLINICA JUAN RAVEGLIA;POL. JUAN RAVEGLIA;NO;NORTE;TACUAREMBÓ;TACUAREMBÓ;URBANA;18;220;1;17;14;1822001017014016;18016;596825.803;6489923.75;-31.722,-55.978;TIIMOTEO PENA;S-D;DR. ALBERTO BARRAGUE;46332719;1;NORTE;REGION NORTE;55;RAP TACUAREMBÓ;PRIMER NIVEL;POLICLINICA;35971002;POLICLINICA COMUNITARIA;SI;SI;SI;NO;NO;S-D;S-D;S-D;S-D;S-D;NO;NO;NC;NO;NO;NO;NO;NO;NO;NO;NO;NO;NO;NO;NO;NO;N-C;N-C;NO;NO;NO;S-D;NO;S-D;NO;S-D;NO;NO;NO;NO;NO;NO;NO;NO;-31.722;-55.978;POINT (-55.978 -31.722)
801;2.16.858.0.0.2.1.1.5981822001016804017;POLICLINICA JUBILADOS 19 DE JUNIO;POL. JUBILADOS 19 DE JUNIO;NO;NORTE;TACUAREMBÓ;TACUAREMBÓ;URBANA;18;220;1;16;804;1822001016804017;18017;597115.254;6490475.307;-31.717,-55.975;ITUZAINGO;388;D. VIANA;46325452;1;NORTE;REGION NORTE;55;RAP TACUAREMBÓ;PRIMER NIVEL;POLICLINICA;35971002;POLICLINICA COMUNITARIA;SI;NO;SI;NO;NO;NO;SI;SI;SI;NO;NO;NO;NC;NO;NO;NO;NO;NO;NO;NO;NO;NO;NO;NO;NO;NO;N-C;N-C;NO;NO;NO;S-D;NO;S-D;NO;S-D;NO;NO;NO;NO;NO;NO;NO;NO;-31.717;-55.975;POINT (-55.975 -31.717)
802;2.16.858.0.0.2.1.1.5981822001018009018;POLICLINICA RETIRADOS MILITARES;POL. RETIRADOS MILITARES;NO;NORTE;TACUAREMBÓ;TACUAREMBÓ;URBANA;18;220;1;18;9;1822001018009018;18018;597205.831;6490031.034;-31.721,-55.974;FRANCISCO MACIEL;57;GILBERT GENARO;46324184;1;NORTE;REGION NORTE;55;RAP TACUAREMBÓ;PRIMER NIVEL;POLICLINICA;35971002;POLICLINICA COMUNITARIA;SI;SI;SI;SI;NO;S-D;S-D;S-D;S-D;S-D;NO;NO;NC;NO;NO;NO;NO;NO;NO;NO;NO;NO;NO;NO;NO;NO;N-C;N-C;NO;NO;NO;S-D;NO;S-D;NO;S-D;NO;NO;NO;NO;NO;NO;NO;NO;-31.721;-55.974;POINT (-55.974 -31.721)
803;2.16.858.0.0.2.1.1.5981822001011005019;POLICLINICA TAPE;POL. TAPE;NO;NORTE;TACUAREMBÓ;TACUAREMBÓ;URBANA;18;220;1;11;5;1822001011005019;18019;596836.198;6491032.204;-31.712,-55.978;GRAL. FLORES;S-D;JOAQUIN SUAREZ;S-D;1;NORTE;REGION NORTE;55;RAP TACUAREMBÓ;PRIMER NIVEL;POLICLINICA;35971002;S-D;SI;SI;SI;NO;NO;S-D;S-D;S-D;S-D;S-D;NO;NO;NC;NO;NO;NO;NO;NO;NO;NO;NO;NO;NO;NO;NO;NO;N-C;N-C;NO;NO;NO;S-D;NO;S-D;NO;S-D;NO;NO;NO;NO;NO;NO;NO;NO;-31.712;-55.978;POINT (-55.978 -31.712)
804;2.16.858.0.0.2.1.1.5981832110006006020;HOSPITAL DE PASO DE LOS TOROS;CENTRO AUXILIAR DE PASO DE LOS TOROS;NO;NORTE;TACUAREMBÓ;PASO DE LOS TOROS;URBANA;18;321;10;6;6;1832110006006020;18020;546726.55;6369168.87;-32.81448305,-56.50084519;VICTOR ALVAREZ MENENDEZ;155;EMILIA GRASSI;46644948;1;NORTE;REGION NORTE;51;HOSPITAL DE PASO DE LOS TOROS;SEGUNDO NIVEL;HOSPITAL;22232009;ASSE;NO;SI;SI;SI;NO;NO;NO;SI;NO;NO;NO;NO;NC;NO;SI;NO;SI;SI;NO;NO;NO;NO;NO;NO;SI;NO;SI;NO;SI;SI;SI;SI;SI;S-D;SI;SI;SI;SI;SI;NO;NO;NO;SI;NO;-32.81448305;-56.50084519;POINT (-56.50084519 -32.81448305)
805;2.16.858.0.0.2.1.1.5981832110101800021;POLICLINICA CHARRUA 1 Y 2;POL. CHARRUA 1 Y 2;NO;NORTE;TACUAREMBÓ;PASO DE LOS TOROS;URBANA;18;321;10;101;800;1832110101800021;18021;544456.86;6370815.26;-32.79972639,-56.52516926;EUFRACIO BALSAMO;S-D;SANTIN C. ROSSI;46643501;1;NORTE;REGION NORTE;55;RAP TACUAREMBÓ;PRIMER NIVEL;POLICLINICA;35971002;S-D;SI;SI;SI;SI;NO;SI;SI;SI;SI;SI;NO;NO;NC;NO;NO;NO;NO;NO;NO;NO;NO;NO;NO;NO;NO;NO;N-C;N-C;NO;NO;NO;S-D;NO;S-D;NO;S-D;NO;NO;NO;NO;NO;NO;NO;NO;-32.79972639;-56.52516926;POINT (-56.52516926 -32.79972639)
806;2.16.858.0.0.2.1.1.5981832110008008022;POLICLINICA JUBILADOS;POL. JUBILADOS;NO;NORTE;TACUAREMBÓ;PASO DE LOS TOROS;URBANA;18;321;10;8;8;1832110008008022;18022;545027.783;6369341.16;-32.813,-56.519;GRAL. RIVERA;S-D;VENANCIO BALSAMO;46646015;1;NORTE;REGION NORTE;55;RAP TACUAREMBÓ;PRIMER NIVEL;POLICLINICA;35971002;POLICLINICA COMUNITARIA;SI;SI;SI;SI;NO;SI;SI;SI;SI;SI;NO;NO;NC;NO;NO;NO;NO;NO;NO;NO;NO;NO;NO;NO;NO;NO;N-C;N-C;NO;NO;NO;S-D;NO;S-D;NO;S-D;NO;NO;NO;NO;NO;NO;NO;NO;-32.813;-56.519;POINT (-56.519 -32.813)
807;2.16.858.0.0.2.1.1.5981832110213018023;POLICLINICA LOS ARENALES;POL. LOS ARENALES;NO;NORTE;TACUAREMBÓ;PASO DE LOS TOROS;URBANA;18;321;10;213;18;1832110213018023;18023;544280.857;6369787.972;-32.809,-56.527;LUIS EDUARDO PEREZ;S-D;FLORENCIO SANCHEZ;46642497;1;NORTE;REGION NORTE;55;RAP TACUAREMBÓ;PRIMER NIVEL;POLICLINICA;35971002;S-D;SI;SI;SI;SI;NO;SI;SI;SI;SI;SI;SI;NO;NC;NO;NO;NO;NO;NO;NO;NO;NO;NO;NO;NO;NO;NO;N-C;N-C;NO;NO;NO;S-D;NO;S-D;SI;S-D;NO;NO;NO;NO;NO;NO;NO;NO;-32.809;-56.527;POINT (-56.527 -32.809)
809;2.16.858.0.0.2.1.1.5981852109202030025;CENTRO DE SALUD SAN GREGORIO DE POLANCO;C.S. SAN GREGORIO DE POLANCO;NO;NORTE;TACUAREMBÓ;SAN GREGORIO DE POLANCO;RURAL;18;521;9;202;30;1852109202030025;18025;609094.069;6390249.267;-32.619932545693686, -55.83716110258484;25 DE MAYO;S-D;YAMANDU GAMBA;43694003;1;NORTE;REGION NORTE;55;RAP TACUAREMBÓ;PRIMER NIVEL;CENTRO DE SALUD;264361005;ASSE;SI;SI;SI;SI;NO;SI;NO;SI;SI;SI;NO;NO;NC;NO;NO;NO;NO;NO;NO;NO;NO;NO;NO;NO;NO;NO;N-C;N-C;NO;NO;NO;S-D;NO;S-D;NO;S-D;NO;NO;NO;NO;NO;NO;NO;NO;-32.6199325456937;-55.8371611025848;POINT (-55.83716110258484 -32.619932545693686)
810;2.16.858.0.0.2.1.1.5981852109202005026;CENTRO AUXILIAR SAN GREGORIO DE POLANCO;C.S. SAN GREGORIO DE POLANCO;NO;NORTE;TACUAREMBÓ;SAN GREGORIO DE POLANCO;RURAL;18;521;9;202;5;1852109202005026;18026;609156.47;6390275.87;-32.61968640,-55.83649914;YAMANDU GAMBA;46;INDEPENDENCIA;43694003 - 43694339;1;NORTE;REGION NORTE;55;RAP TACUAREMBÓ;PRIMER NIVEL;CENTRO DE SALUD;264361005;ASSE;SI;SI;SI;SI;NO;SI;NO;SI;SI;SI;NO;NO;NC;SI;NO;SI;SI;NO;NO;NO;NO;NO;NO;NO;SI;N-C;SI;NO;NO;NO;NO;SI;SI;S-D;SI;SI;SI;SI;SI;NO;NO;NO;NO;SI;-32.6196864;-55.83649914;POINT (-55.83649914 -32.6196864)
811;2.16.858.0.0.2.1.1.5981869502005401028;POLICLINICA TAMBORES;POL. TAMBORES;NO;NORTE;TACUAREMBÓ;TAMBORES;RURAL;18;695;2;5;401;1869502005401028;18028;571339.78;6473493;-31.87209977,-56.24577965;AVDA. ARTIGAS;S-D;CNO. DE LAS TROPAS;46308099;1;NORTE;REGION NORTE;55;RAP TACUAREMBÓ;PRIMER NIVEL;POLICLINICA;35971002;S-D;SI;SI;SI;SI;NO;NO;SI;SI;SI;NO;SI;NO;NC;NO;NO;SI;SI;NO;NO;NO;NO;NO;NO;NO;NO;NO;N-C;N-C;NO;NO;NO;S-D;NO;S-D;NO;S-D;NO;NO;NO;NO;NO;NO;NO;SI;-31.87209977;-56.24577965;POINT (-56.24577965 -31.87209977)
812;2.16.858.0.0.2.1.1.5981872111001019029;POLICLINICA ACHAR;POL. ACHAR;NO;NORTE;TACUAREMBÓ;ACHAR;RURAL;18;721;11;1;19;1872111001019029;18029;576924.886;6414488.246;-32.404,-56.182;CALLE 7;S-D;CALLE 2;46604214;1;NORTE;REGION NORTE;55;RAP TACUAREMBÓ;PRIMER NIVEL;POLICLINICA;35971002;S-D;SI;SI;SI;SI;NO;SI;NO;SI;SI;SI;NO;NO;NC;NO;NO;SI;SI;NO;NO;NO;NO;NO;NO;NO;NO;NO;N-C;N-C;NO;NO;NO;S-D;NO;S-D;NO;S-D;NO;NO;NO;NO;NO;NO;NO;SI;-32.404;-56.182;POINT (-56.182 -32.404)
813;2.16.858.0.0.2.1.1.5981872207101702030;POLICLINICA VILLA ANSINA;POL. VILLA ANSINA;NO;NORTE;TACUAREMBÓ;ANSINA;RURAL;18;722;7;101;702;1872207101702030;18030;645005.24;6472165.27;-31.87707127,-55.46695107;RUTA 26 KM;289;BVAR. ARTIGAS;46309161;1;NORTE;REGION NORTE;55;RAP TACUAREMBÓ;PRIMER NIVEL;POLICLINICA;35971002;S-D;SI;SI;SI;SI;NO;SI;SI;SI;SI;SI;SI;NO;NC;NO;NO;NO;NO;NO;NO;NO;NO;NO;NO;NO;NO;NO;N-C;N-C;NO;NO;NO;S-D;NO;S-D;NO;S-D;NO;NO;NO;NO;NO;NO;NO;SI;-31.87707127;-55.46695107;POINT (-55.46695107 -31.87707127)
814;2.16.858.0.0.2.1.1.5981872302201026031;POLICLINICA CURTINA;POL. CURTINA;NO;NORTE;TACUAREMBÓ;CURTINA;RURAL;18;723;2;201;26;1872302201026031;18031;583268.532;6442485.432;-32.151,-56.117;H. GUTIERREZ RUIZ;S-D;LUIS BALCELL;46308129;1;NORTE;REGION NORTE;55;RAP TACUAREMBÓ;PRIMER NIVEL;POLICLINICA;35971002;S-D;SI;SI;SI;SI;NO;NO;SI;SI;NO;NO;SI;NO;NC;NO;NO;NO;NO;NO;NO;NO;NO;NO;NO;NO;NO;NO;N-C;N-C;NO;NO;NO;S-D;NO;S-D;NO;S-D;NO;NO;NO;NO;NO;NO;NO;SI;-32.151;-56.117;POINT (-56.117 -32.151)
815;2.16.858.0.0.2.1.1.5981872405001007032;POLICLINICA PASO DEL CERRO;POL. PASO DEL CERRO;NO;NORTE;TACUAREMBÓ;PASO DEL CERRO;RURAL;18;724;5;1;7;1872405001007032;18032;610851.637;6516721.306;-31.479,-55.833;CALLE 1;S-D;CALLE 4;46302242;1;NORTE;REGION NORTE;55;RAP TACUAREMBÓ;PRIMER NIVEL;POLICLINICA;35971002;S-D;SI;SI;SI;NO;NO;NO;NO;SI;NO;NO;SI;NO;NC;NO;NO;NO;NO;NO;NO;NO;NO;NO;NO;NO;NO;NO;N-C;N-C;NO;NO;NO;S-D;NO;S-D;NO;S-D;NO;NO;NO;NO;NO;NO;NO;NO;-31.479;-55.833;POINT (-55.833 -31.479)
816;2.16.858.0.0.2.1.1.5981882203202808033;POLICLINICA CLARA;POL. CLARA;NO;NORTE;TACUAREMBÓ;CLARA;RURAL;18;822;3;202;808;1882203202808033;18033;619416.98;6433994.17;-32.22433094,-55.73268026;RUTA 59;S-D;PEGADO A LA ESCUELA;S-D;1;NORTE;REGION NORTE;55;RAP TACUAREMBÓ;PRIMER NIVEL;POLICLINICA;35971002;S-D;SI;SI;SI;NO;NO;NO;NO;SI;NO;NO;NO;NO;NC;NO;NO;NO;NO;NO;NO;NO;NO;NO;NO;NO;NO;NO;N-C;N-C;NO;NO;NO;S-D;NO;S-D;NO;S-D;NO;NO;NO;NO;NO;NO;NO;NO;-32.22433094;-55.73268026;POINT (-55.73268026 -32.22433094)
817;2.16.858.0.0.2.1.1.5981882504101005034;POLICLINICA CUCHILLA DEL OMBU;POL. CUCHILLA DEL OMBU;NO;NORTE;TACUAREMBÓ;CUCHILLA DEL OMBU;RURAL;18;825;4;101;5;1882504101005034;18034;623645;6483455.77;-31.77775665,-55.69415960;CAMINO VECINAL;S-D;ESCUELA 20;S-D;1;NORTE;REGION NORTE;55;RAP TACUAREMBÓ;PRIMER NIVEL;POLICLINICA;35971002;S-D;SI;SI;SI;SI;NO;NO;NO;SI;NO;NO;NO;NO;NC;NO;NO;NO;NO;NO;NO;NO;NO;NO;NO;NO;NO;NO;N-C;N-C;NO;NO;NO;S-D;NO;S-D;NO;S-D;NO;NO;NO;NO;NO;NO;NO;NO;-31.77775665;-55.6941596;POINT (-55.6941596 -31.77775665)
818;2.16.858.0.0.2.1.1.5981882703203802035;POLICLINICA LA HILERA;POL. LA HILERA;NO;NORTE;TACUAREMBÓ;LA HILERA;RURAL;18;827;3;203;802;1882703203802035;18035;627031.513;6449904.295;-32.080,-55.654;CAMINO VECINAL;S-D;PUEBLO LA HILERA;S-D;1;NORTE;REGION NORTE;55;RAP TACUAREMBÓ;PRIMER NIVEL;POLICLINICA;35971002;S-D;SI;SI;SI;NO;NO;SI;SI;SI;SI;SI;NO;NO;NC;NO;NO;NO;NO;NO;NO;NO;NO;NO;NO;NO;NO;NO;N-C;N-C;NO;NO;NO;S-D;NO;S-D;NO;S-D;NO;NO;NO;NO;NO;NO;NO;NO;-32.08;-55.654;POINT (-55.654 -32.08)
819;2.16.858.0.0.2.1.1.5981882812005012036;POLICLINICA TOSCAS DE CARAGUATA;POL. TOSCAS DE CARAGUATA;NO;NORTE;TACUAREMBÓ;LAS TOSCAS;RURAL;18;828;12;5;12;1882812005012036;18036;687479.137;6437472.81;-32.18366446093014, -55.0113552602008;CALLE 1;S-D;CALLE 2;46309031;1;NORTE;REGION NORTE;55;RAP TACUAREMBÓ;PRIMER NIVEL;POLICLINICA;35971002;S-D;SI;SI;SI;SI;NO;NO;NO;SI;SI;NO;SI;NO;NC;NO;NO;NO;NO;NO;NO;NO;NO;NO;NO;NO;NO;NO;N-C;N-C;NO;NO;NO;S-D;NO;S-D;NO;S-D;NO;NO;NO;NO;NO;NO;NO;SI;-32.1836644609301;-55.0113552602008;POINT (-55.0113552602008 -32.18366446093014)
820;2.16.858.0.0.2.1.1.5981882902007306037;POLICLINICA BONILLA;POL. BONILLA;NO;NORTE;TACUAREMBÓ;PASO BONILLA;RURAL;18;829;2;7;306;1882902007306037;18037;596842.23;6480818.82;-31.80413149,-55.97692334;RUTA 5 KM;378;MEVIR 14516;46302213;1;NORTE;REGION NORTE;55;RAP TACUAREMBÓ;PRIMER NIVEL;POLICLINICA;35971002;S-D;SI;SI;SI;SI;NO;NO;NO;SI;NO;NO;SI;NO;NC;NO;NO;NO;NO;NO;NO;NO;NO;NO;NO;NO;NO;NO;N-C;N-C;NO;NO;NO;S-D;NO;S-D;NO;S-D;NO;NO;NO;NO;NO;NO;NO;NO;-31.80413149;-55.97692334;POINT (-55.97692334 -31.80413149)
821;2.16.858.0.0.2.1.1.5981883107203801038;POLICLINICA PUEBLO DEL BARRO;POL. PUEBLO DEL BARRO;NO;NORTE;TACUAREMBÓ;PUEBLO DEL BARRO;RURAL;18;831;7;203;801;1883107203801038;18038;650438.71;6462397.93;-31.96445181,-55.40800809;RUTA 26;S-D;PUEBLO DEL BARRO;S-D;1;NORTE;REGION NORTE;55;RAP TACUAREMBÓ;PRIMER NIVEL;POLICLINICA;35971002;S-D;SI;SI;SI;SI;NO;NO;NO;SI;NO;NO;NO;NO;NC;NO;NO;NO;NO;NO;NO;NO;NO;NO;NO;NO;NO;NO;N-C;N-C;NO;NO;NO;S-D;NO;S-D;NO;S-D;NO;NO;NO;NO;NO;NO;NO;NO;-31.96445181;-55.40800809;POINT (-55.40800809 -31.96445181)
822;2.16.858.0.0.2.1.1.5981889402009006039;POLICLINICA PIEDRA SOLA;POL. PIEDRA SOLA;NO;NORTE;TACUAREMBÓ;PIEDRA SOLA;RURAL;18;894;2;9;6;1889402009006039;18039;565214.023;6450709.693;-32.078,-56.309;FRANCISCO URRUTIA;S-D;INE 700;S-D;1;NORTE;REGION NORTE;55;RAP TACUAREMBÓ;PRIMER NIVEL;POLICLINICA;35971002;S-D;SI;SI;SI;NO;NO;NO;NO;SI;NO;NO;NO;NO;NC;NO;NO;NO;NO;NO;NO;NO;NO;NO;NO;NO;NO;NO;N-C;N-C;NO;NO;NO;S-D;NO;S-D;NO;S-D;NO;NO;NO;NO;NO;NO;NO;NO;-32.078;-56.309;POINT (-56.309 -32.078)
823;2.16.858.0.0.2.1.1.5981890009006006040;POLICLINICA CANADA DEL ESTADO;POL. CANADA DEL ESTADO;NO;NORTE;TACUAREMBÓ;RURAL;RURAL;18;900;9;6;6;1890009006006040;18040;606010.34;6399357.88;-32.53807991,-55.87105513;CAMINO VECINAL;S-D;ESCUELA 24;43609207;1;NORTE;REGION NORTE;55;RAP TACUAREMBÓ;PRIMER NIVEL;POLICLINICA;35971002;S-D;SI;NO;SI;NO;NO;NO;NO;SI;NO;NO;NO;NO;NC;NO;NO;NO;NO;NO;NO;NO;NO;NO;NO;NO;NO;NO;N-C;N-C;NO;NO;NO;S-D;NO;S-D;NO;S-D;NO;NO;NO;NO;NO;NO;NO;NO;-32.53807991;-55.87105513;POINT (-55.87105513 -32.53807991)
824;2.16.858.0.0.2.1.1.5981890005006002041;POLICLINICA CANAS;POL. CANAS;NO;NORTE;TACUAREMBÓ;RURAL;RURAL;18;900;5;6;2;1890005006002041;18041;593953.825;6518106.7;-31.468,-56.011;CAMINO VECINAL  RUTA 5 KM 400 ENTRANDO POR CAMINO A BANADO DE ROCHA;S-D;S-D;46302360;1;NORTE;REGION NORTE;55;RAP TACUAREMBÓ;PRIMER NIVEL;POLICLINICA;35971002;S-D;SI;SI;SI;NO;NO;NO;NO;SI;NO;NO;NO;NO;NC;NO;NO;NO;NO;NO;NO;NO;NO;NO;NO;NO;NO;NO;N-C;N-C;NO;NO;NO;S-D;NO;S-D;NO;S-D;NO;NO;NO;NO;NO;NO;NO;NO;-31.468;-56.011;POINT (-56.011 -31.468)
825;2.16.858.0.0.2.1.1.5981890013003004042;POLICLINICA CARAGUATA AL NORTE;RONDA RURAL CARAGUATA;NO;NORTE;TACUAREMBÓ;RURAL;RURAL;18;900;13;3;4;1890013003004042;18042;698097.419;6443334.248;-32.129,-54.900;S-D;S-D;S-D;S-D;1;NORTE;REGION NORTE;55;RAP TACUAREMBÓ;PRIMER NIVEL;POLICLINICA;35971002;S-D;SI;SI;SI;SI;NO;NO;NO;SI;NO;NO;NO;NO;NC;NO;NO;NO;NO;NO;NO;NO;NO;NO;NO;NO;NO;NO;N-C;N-C;NO;NO;NO;S-D;NO;S-D;NO;S-D;NO;NO;NO;NO;NO;NO;NO;NO;-32.129;-54.9;POINT (-54.9 -32.129)
826;2.16.858.0.0.2.1.1.5981890009006105043;POLICLINICA CARPINTERIA;POL. CARPINTERIA;NO;NORTE;TACUAREMBÓ;RURAL;RURAL;18;900;9;6;105;1890009006105043;18043;594550.627;6398594.686;-32.546,-55.993;CAMINO VECINAL;S-D;ESCUELA 34;43609195;1;NORTE;REGION NORTE;55;RAP TACUAREMBÓ;PRIMER NIVEL;POLICLINICA;35971002;S-D;SI;NO;SI;NO;NO;NO;NO;SI;NO;NO;NO;NO;NC;NO;NO;NO;NO;NO;NO;NO;NO;NO;NO;NO;NO;NO;N-C;N-C;NO;NO;NO;S-D;NO;S-D;NO;S-D;NO;NO;NO;NO;NO;NO;NO;NO;-32.546;-55.993;POINT (-55.993 -32.546)
827;2.16.858.0.0.2.1.1.5981890009007006044;POLICLINICA CERRO CHATO;POL. CERRO CHATO;NO;NORTE;TACUAREMBÓ;RURAL;RURAL;18;900;9;7;6;1890009007006044;18044;606252.68;6403590.44;-32.49988198,-55.86895314;RUTA 43 KM;S-D;ESCUELA 60;S-D;1;NORTE;REGION NORTE;55;RAP TACUAREMBÓ;PRIMER NIVEL;POLICLINICA;35971002;S-D;SI;NO;SI;NO;NO;NO;NO;SI;SI;NO;NO;NO;NC;NO;NO;NO;NO;NO;NO;NO;NO;NO;NO;NO;NO;NO;N-C;N-C;NO;NO;NO;S-D;NO;S-D;NO;S-D;NO;NO;NO;NO;NO;NO;NO;NO;-32.49988198;-55.86895314;POINT (-55.86895314 -32.49988198)
829;2.16.858.0.0.2.1.1.5981890003005001046;POLICLINICA CERRO DE CLARA;POL. CERRO DE CLARA;NO;NORTE;TACUAREMBÓ;RURAL;RURAL;18;900;3;5;1;1890003005001046;18046;610788.23;6446301.72;-32.11420581,-55.82566158;CAMINO VECINAL;S-D;ESCUELA 93;S-D;1;NORTE;REGION NORTE;55;RAP TACUAREMBÓ;PRIMER NIVEL;POLICLINICA;35971002;S-D;SI;SI;SI;NO;NO;NO;NO;SI;NO;NO;NO;NO;NC;NO;NO;NO;NO;NO;NO;NO;NO;NO;NO;NO;NO;NO;N-C;N-C;NO;NO;NO;S-D;NO;S-D;NO;S-D;NO;NO;NO;NO;NO;NO;NO;NO;-32.11420581;-55.82566158;POINT (-55.82566158 -32.11420581)
830;2.16.858.0.0.2.1.1.5981890006504007047;POLICLINICA CERRO DE LA ALDEA;POL. CERRO DE LA ALDEA;NO;NORTE;TACUAREMBÓ;RURAL;RURAL;18;900;6;504;7;1890006504007047;18047;589255.08;6491113.13;-31.71188613,-56.05800814;CAMINO VECINAL;S-D;PREDIO ESCUELA 18;S-D;1;NORTE;REGION NORTE;55;RAP TACUAREMBÓ;PRIMER NIVEL;POLICLINICA;35971002;S-D;SI;SI;SI;NO;NO;NO;NO;SI;NO;NO;NO;NO;NC;NO;NO;NO;NO;NO;NO;NO;NO;NO;NO;NO;NO;NO;N-C;N-C;NO;NO;NO;S-D;NO;S-D;NO;S-D;NO;NO;NO;NO;NO;NO;NO;NO;-31.71188613;-56.05800814;POINT (-56.05800814 -31.71188613)
831;2.16.858.0.0.2.1.1.5981890003005001048;POLICLINICA CERRO DEL ARBOLITO;POL. CERRO DEL ARBOLITO;NO;NORTE;TACUAREMBÓ;RURAL;RURAL;18;900;3;5;1;1890003005001048;18048;604861.64;6452497.01;-32.05889138,-55.88914835;CAMINO VECINAL;S-D;ESCUELA 92;S-D;1;NORTE;REGION NORTE;55;RAP TACUAREMBÓ;PRIMER NIVEL;POLICLINICA;35971002;S-D;SI;SI;SI;NO;NO;NO;NO;SI;NO;NO;NO;NO;NC;NO;NO;NO;NO;NO;NO;NO;NO;NO;NO;NO;NO;NO;N-C;N-C;NO;NO;NO;S-D;NO;S-D;NO;S-D;NO;NO;NO;NO;NO;NO;NO;NO;-32.05889138;-55.88914835;POINT (-55.88914835 -32.05889138)
833;2.16.858.0.0.2.1.1.5981890014006002050;POLICLINICA CERRO TRAVIESO (NODOS);POL. CERRO TRAVIESO (NODOS);NO;NORTE;TACUAREMBÓ;RURAL;RURAL;18;900;14;6;2;1890014006002050;18050;570925.87;6519688.63;-31.45537088,-56.25349549;CAMINO VECINAL;S-D;ESCUELA 76;S-D;1;NORTE;REGION NORTE;55;RAP TACUAREMBÓ;PRIMER NIVEL;POLICLINICA;35971002;S-D;SI;SI;SI;NO;NO;NO;NO;SI;NO;NO;NO;NO;NC;NO;NO;NO;NO;NO;NO;NO;NO;NO;NO;NO;NO;NO;N-C;N-C;NO;NO;NO;S-D;NO;S-D;NO;S-D;NO;NO;NO;NO;NO;NO;NO;NO;-31.45537088;-56.25349549;POINT (-56.25349549 -31.45537088)
834;2.16.858.0.0.2.1.1.5981890014006002051;POLICLINICA CUCHILLA CASA DE PIEDRA;POL. CUCHILLA CASA DE PIEDRA;NO;NORTE;TACUAREMBÓ;RURAL;RURAL;18;900;14;6;2;1890014006002051;18051;575768.126;6512712.501;-31.518,-56.202;S-D;S-D;S-D;S-D;1;NORTE;REGION NORTE;55;RAP TACUAREMBÓ;PRIMER NIVEL;POLICLINICA;35971002;S-D;SI;SI;SI;NO;NO;NO;NO;SI;NO;NO;NO;NO;NC;NO;NO;NO;NO;NO;NO;NO;NO;NO;NO;NO;NO;NO;N-C;N-C;NO;NO;NO;S-D;NO;S-D;NO;S-D;NO;NO;NO;NO;NO;NO;NO;NO;-31.518;-56.202;POINT (-56.202 -31.518)
835;2.16.858.0.0.2.1.1.5981890005007002052;POLICLINICA CUCHILLA DE LAURELES;POL. CUCHILLA DE LAURELES;NO;NORTE;TACUAREMBÓ;RURAL;RURAL;18;900;5;7;2;1890005007002052;18052;592956.568;6534188.619;-31.323,-56.023;CAMINO VECINAL;S-D;ESCUELA 42;S-D;1;NORTE;REGION NORTE;55;RAP TACUAREMBÓ;PRIMER NIVEL;POLICLINICA;35971002;S-D;SI;SI;SI;NO;NO;NO;NO;SI;NO;NO;NO;NO;NC;NO;NO;NO;NO;NO;NO;NO;NO;NO;NO;NO;NO;NO;N-C;N-C;NO;NO;NO;S-D;NO;S-D;NO;S-D;NO;NO;NO;NO;NO;NO;NO;NO;-31.323;-56.023;POINT (-56.023 -31.323)
836;2.16.858.0.0.2.1.1.5981890012001004053;POLICLINICA EL MINUANO;RONDA RURAL EL MINUANO;NO;NORTE;TACUAREMBÓ;RURAL;RURAL;18;900;12;1;4;1890012001004053;18053;684930.77;6409865.002;-32.433,-55.033;S-D;S-D;S-D;S-D;1;NORTE;REGION NORTE;55;RAP TACUAREMBÓ;PRIMER NIVEL;POLICLINICA;35971002;S-D;SI;SI;SI;SI;NO;NO;NO;SI;NO;NO;NO;NO;NC;NO;NO;NO;NO;NO;NO;NO;NO;NO;NO;NO;NO;NO;N-C;N-C;NO;NO;NO;S-D;NO;S-D;NO;S-D;NO;NO;NO;NO;NO;NO;NO;NO;-32.433;-55.033;POINT (-55.033 -32.433)
838;2.16.858.0.0.2.1.1.5981890005003002055;POLICLINICA LA CALZADA;POL. LA CALZADA;NO;NORTE;TACUAREMBÓ;RURAL;RURAL;18;900;5;3;2;1890005003002055;18055;611926.29;6503660.53;-31.59671177,-55.82020766;CAMINO VECINAL;S-D;RUTA 5  KM 407;S-D;1;NORTE;REGION NORTE;55;RAP TACUAREMBÓ;PRIMER NIVEL;POLICLINICA;35971002;S-D;SI;SI;SI;NO;NO;NO;NO;SI;SI;SI;NO;NO;NC;NO;NO;NO;NO;NO;NO;NO;NO;NO;NO;NO;NO;NO;N-C;N-C;NO;NO;NO;S-D;NO;S-D;NO;S-D;NO;NO;NO;NO;NO;NO;NO;NO;-31.59671177;-55.82020766;POINT (-55.82020766 -31.59671177)
839;2.16.858.0.0.2.1.1.5981890006704004056;POLICLINICA LA MATUTINA;POL. LA MATUTINA;NO;NORTE;TACUAREMBÓ;RURAL;RURAL;18;900;6;704;4;1890006704004056;18056;592973.01;6492276.25;-31.70109782,-56.01888472;RUTA 31;S-D;ESCUELA N? 84;46330019;1;NORTE;REGION NORTE;55;RAP TACUAREMBÓ;PRIMER NIVEL;POLICLINICA;35971002;S-D;SI;SI;SI;SI;NO;NO;NO;SI;SI;SI;SI;NO;NC;NO;NO;NO;NO;NO;NO;NO;NO;NO;NO;NO;NO;NO;N-C;N-C;NO;NO;NO;S-D;NO;S-D;NO;S-D;NO;NO;NO;NO;NO;NO;NO;NO;-31.70109782;-56.01888472;POINT (-56.01888472 -31.70109782)
840;2.16.858.0.0.2.1.1.5981890005005002057;POLICLINICA LAMBARE;POL. LAMBARE;NO;NORTE;TACUAREMBÓ;RURAL;RURAL;18;900;5;5;2;1890005005002057;18057;599493.35;6511182.463;-31.530,-55.952;CAMINO VECINAL;S-D;S-D;S-D;1;NORTE;REGION NORTE;55;RAP TACUAREMBÓ;PRIMER NIVEL;POLICLINICA;35971002;S-D;SI;SI;SI;NO;NO;NO;NO;SI;NO;NO;NO;NO;NC;NO;NO;NO;NO;NO;NO;NO;NO;NO;NO;NO;NO;NO;N-C;N-C;NO;NO;NO;S-D;NO;S-D;NO;S-D;NO;NO;NO;NO;NO;NO;NO;NO;-31.53;-55.952;POINT (-55.952 -31.53)
841;2.16.858.0.0.2.1.1.5981890008102003058;POLICLINICA LAS ARENAS;RONDA RURAL LAS ARENAS;NO;NORTE;TACUAREMBÓ;RURAL;RURAL;18;900;8;102;3;1890008102003058;18058;681957.885;6443303.436;-32.132,-55.071;CAMINO VECINAL;S-D;S-D;S-D;1;NORTE;REGION NORTE;55;RAP TACUAREMBÓ;PRIMER NIVEL;POLICLINICA;35971002;S-D;SI;SI;SI;SI;NO;NO;NO;SI;NO;NO;NO;NO;NC;NO;NO;NO;NO;NO;NO;NO;NO;NO;NO;NO;NO;NO;N-C;N-C;NO;NO;NO;S-D;NO;S-D;NO;S-D;NO;NO;NO;NO;NO;NO;NO;NO;-32.132;-55.071;POINT (-55.071 -32.132)
844;2.16.858.0.0.2.1.1.5981890009010004061;POLICLINICA LOS CUADRADOS;POL. LOS CUADRADOS;NO;NORTE;TACUAREMBÓ;RURAL;RURAL;18;900;9;10;4;1890009010004061;18061;599724.14;6440566.25;-32.16697342,-55.94232407;CAMINO VECINAL;S-D;PEGADO A ESCUELA 55;S-D;1;NORTE;REGION NORTE;55;RAP TACUAREMBÓ;PRIMER NIVEL;POLICLINICA;35971002;S-D;SI;SI;SI;NO;NO;NO;NO;SI;NO;NO;NO;NO;NC;NO;NO;NO;NO;NO;NO;NO;NO;NO;NO;NO;NO;NO;N-C;N-C;NO;NO;NO;S-D;NO;S-D;NO;S-D;NO;NO;NO;NO;NO;NO;NO;NO;-32.16697342;-55.94232407;POINT (-55.94232407 -32.16697342)
845;2.16.858.0.0.2.1.1.5981890009009009062;POLICLINICA LOS FURTADOS;POL. LOS FURTADOS;NO;NORTE;TACUAREMBÓ;RURAL;RURAL;18;900;9;9;9;1890009009009062;18062;608863;6427923.02;-32.28016361,-55.84397080;CAMINO VECINAL;S-D;ESCUELA 107;43609099;1;NORTE;REGION NORTE;55;RAP TACUAREMBÓ;PRIMER NIVEL;POLICLINICA;35971002;S-D;SI;NO;SI;NO;NO;NO;NO;SI;NO;NO;NO;NO;NC;NO;NO;NO;NO;NO;NO;NO;NO;NO;NO;NO;NO;NO;N-C;N-C;NO;NO;NO;S-D;NO;S-D;NO;S-D;NO;NO;NO;NO;NO;NO;NO;NO;-32.28016361;-55.8439708;POINT (-55.8439708 -32.28016361)
846;2.16.858.0.0.2.1.1.5981890003101600063;POLICLINICA MONTEVIDEO CHICO;POL. MONTEVIDEO CHICO;NO;NORTE;TACUAREMBÓ;RURAL;RURAL;18;900;3;101;600;1890003101600063;18063;634475.53;6434501.98;-32.21804800,-55.57298234;CAMINO VECINAL;S-D;26 KM AL ESTE DE RUTA 59;S-D;1;NORTE;REGION NORTE;55;RAP TACUAREMBÓ;PRIMER NIVEL;POLICLINICA;35971002;S-D;SI;SI;SI;NO;NO;NO;NO;SI;NO;NO;NO;NO;NC;NO;NO;NO;NO;NO;NO;NO;NO;NO;NO;NO;NO;NO;N-C;N-C;NO;NO;NO;S-D;NO;S-D;NO;S-D;NO;NO;NO;NO;NO;NO;NO;NO;-32.218048;-55.57298234;POINT (-55.57298234 -32.218048)
847;2.16.858.0.0.2.1.1.5981890003009009064;POLICLINICA ONCE CERROS;POL. ONCE CERROS;NO;NORTE;TACUAREMBÓ;RURAL;RURAL;18;900;3;9;9;1890003009009064;18064;607534.985;6436159.678;-32.206,-55.859;CAMINO VECINAL;S-D;ESCUELA 81;S-D;1;NORTE;REGION NORTE;55;RAP TACUAREMBÓ;PRIMER NIVEL;POLICLINICA;35971002;S-D;SI;NO;SI;NO;NO;NO;NO;SI;NO;NO;NO;NO;NC;NO;NO;NO;NO;NO;NO;NO;NO;NO;NO;NO;NO;NO;N-C;N-C;NO;NO;NO;S-D;NO;S-D;NO;S-D;NO;NO;NO;NO;NO;NO;NO;NO;-32.206;-55.859;POINT (-55.859 -32.206)
848;2.16.858.0.0.2.1.1.5981890014103004065;POLICLINICA PASO CEFERINO (NODOS);POL. PASO CEFERINO (NODOS);NO;NORTE;TACUAREMBÓ;RURAL;RURAL;18;900;14;103;4;1890014103004065;18065;587473.91;6512281.36;-31.52106114,-56.07868766;CAMINO VECINAL;S-D;S-D;S-D;1;NORTE;REGION NORTE;55;RAP TACUAREMBÓ;PRIMER NIVEL;POLICLINICA;35971002;S-D;SI;SI;SI;NO;NO;NO;NO;SI;NO;NO;NO;NO;NC;NO;NO;NO;NO;NO;NO;NO;NO;NO;NO;NO;NO;NO;N-C;N-C;NO;NO;NO;S-D;NO;S-D;NO;S-D;NO;NO;NO;NO;NO;NO;NO;NO;-31.52106114;-56.07868766;POINT (-56.07868766 -31.52106114)
849;2.16.858.0.0.2.1.1.5981890014103004066;POLICLINICA PASO DE LAS CARRETAS;POL. PASO DE LAS CARRETAS;NO;NORTE;TACUAREMBÓ;RURAL;RURAL;18;900;14;103;4;1890014103004066;18066;590913.01;6507276.76;-31.56594261,-56.04200872;CAMINO VECINAL;S-D;S-D;S-D;1;NORTE;REGION NORTE;55;RAP TACUAREMBÓ;PRIMER NIVEL;POLICLINICA;35971002;S-D;SI;SI;SI;NO;NO;NO;NO;SI;NO;NO;NO;NO;NC;NO;NO;NO;NO;NO;NO;NO;NO;NO;NO;NO;NO;NO;N-C;N-C;NO;NO;NO;S-D;NO;S-D;NO;S-D;NO;NO;NO;NO;NO;NO;NO;NO;-31.56594261;-56.04200872;POINT (-56.04200872 -31.56594261)
850;2.16.858.0.0.2.1.1.5981890003103004067;POLICLINICA PASO DE LOS NOVILLOS;POL. PASO DE LOS NOVILLOS;NO;NORTE;TACUAREMBÓ;RURAL;RURAL;18;900;3;103;4;1890003103004067;18067;625892.87;6461977.28;-31.97123741,-55.66763945;CAMINO VECINAL;S-D;ESCUELA 22;S-D;1;NORTE;REGION NORTE;55;RAP TACUAREMBÓ;PRIMER NIVEL;POLICLINICA;35971002;S-D;SI;SI;SI;NO;NO;NO;NO;SI;NO;NO;NO;NO;NC;NO;NO;NO;NO;NO;NO;NO;NO;NO;NO;NO;NO;NO;N-C;N-C;NO;NO;NO;S-D;NO;S-D;NO;S-D;NO;NO;NO;NO;NO;NO;NO;NO;-31.97123741;-55.66763945;POINT (-55.66763945 -31.97123741)
851;2.16.858.0.0.2.1.1.5981890014006001068;POLICLINICA PASO DEL MEDIO (NODOS);POL. PASO DEL MEDIO (NODOS);NO;NORTE;TACUAREMBÓ;RURAL;RURAL;18;900;14;6;1;1890014006001068;18068;588381.78;6519148.75;-31.45903882,-56.06974000;CAMINO VECINAL;S-D;ESCUELA 78;S-D;1;NORTE;REGION NORTE;55;RAP TACUAREMBÓ;PRIMER NIVEL;POLICLINICA;35971002;S-D;SI;SI;SI;NO;NO;NO;NO;SI;NO;NO;NO;NO;NC;NO;NO;NO;NO;NO;NO;NO;NO;NO;NO;NO;NO;NO;N-C;N-C;NO;NO;NO;S-D;NO;S-D;NO;S-D;NO;NO;NO;NO;NO;NO;NO;NO;-31.45903882;-56.06974;POINT (-56.06974 -31.45903882)
852;2.16.858.0.0.2.1.1.5981890009007006069;POLICLINICA PASO HONDO;POL. PASO HONDO;NO;NORTE;TACUAREMBÓ;RURAL;RURAL;18;900;9;7;6;1890009007006069;18069;604950.42;6420436.94;-32.34805893,-55.88468488;CAMINO VECINAL;S-D;ESCUELA 63;43609183;1;NORTE;REGION NORTE;55;RAP TACUAREMBÓ;PRIMER NIVEL;POLICLINICA;35971002;S-D;SI;NO;SI;NO;NO;NO;NO;SI;NO;NO;NO;NO;NC;NO;NO;NO;NO;NO;NO;NO;NO;NO;NO;NO;NO;NO;N-C;N-C;NO;NO;NO;S-D;NO;S-D;NO;S-D;NO;NO;NO;NO;NO;NO;NO;NO;-32.34805893;-55.88468488;POINT (-55.88468488 -32.34805893)
855;2.16.858.0.0.2.1.1.5981890004101800072;POLICLINICA PUEBLO HERIBERTO;POL. PUEBLO HERIBERTO;NO;NORTE;TACUAREMBÓ;PUEBLO HERIBERTO;RURAL;18;900;4;101;800;1890004101800072;18072;635933.16;6474295.93;-31.85897476,-55.56313609;CNO. VECINAL;S-D;ESCUELA 135;46309374;1;NORTE;REGION NORTE;55;RAP TACUAREMBÓ;PRIMER NIVEL;POLICLINICA;35971002;S-D;SI;SI;SI;SI;NO;NO;NO;SI;NO;NO;NO;NO;NC;NO;NO;NO;NO;NO;NO;NO;NO;NO;NO;NO;NO;NO;N-C;N-C;NO;NO;NO;S-D;NO;S-D;NO;S-D;NO;NO;NO;NO;NO;NO;NO;NO;-31.85897476;-55.56313609;POINT (-55.56313609 -31.85897476)
856;2.16.858.0.0.2.1.1.5981890004101006073;POLICLINICA PUEBLO SEMPER;POL. PUEBLO SEMPER;NO;NORTE;TACUAREMBÓ;RURAL;RURAL;18;900;4;101;6;1890004101006073;18073;632064.368;6466804.219;-31.927,-55.603;CAMINO VECINAL;S-D;ESCUELA 135;S-D;1;NORTE;REGION NORTE;55;RAP TACUAREMBÓ;PRIMER NIVEL;POLICLINICA;35971002;S-D;SI;SI;SI;SI;NO;NO;NO;SI;NO;NO;NO;NO;NC;NO;NO;NO;NO;NO;NO;NO;NO;NO;NO;NO;NO;NO;N-C;N-C;NO;NO;NO;S-D;NO;S-D;NO;S-D;NO;NO;NO;NO;NO;NO;NO;NO;-31.927;-55.603;POINT (-55.603 -31.927)
857;2.16.858.0.0.2.1.1.5981890005006002074;POLICLINICA PUEBLO TREINTA Y TRES;POL. POBLADO TREINTA Y TRES;NO;NORTE;TACUAREMBÓ;RURAL;RURAL;18;900;5;6;2;1890005006002074;18074;590267.4;6525246.9;-31.40387945,-56.05045000;CAMINO VECINAL;S-D;ESCUELA 17;S-D;1;NORTE;REGION NORTE;55;RAP TACUAREMBÓ;PRIMER NIVEL;POLICLINICA;35971002;S-D;SI;SI;SI;SI;NO;NO;NO;SI;NO;NO;NO;NO;NC;NO;NO;NO;NO;NO;NO;NO;NO;NO;NO;NO;NO;NO;N-C;N-C;NO;NO;NO;S-D;NO;S-D;NO;S-D;NO;NO;NO;NO;NO;NO;NO;NO;-31.40387945;-56.05045;POINT (-56.05045 -31.40387945)
858;2.16.858.0.0.2.1.1.5981890008001003075;POLICLINICA PUNTA DE CINCO SAUCES;RONDA RURAL PUNTA DE CINCO SAUCES;NO;NORTE;TACUAREMBÓ;RURAL;RURAL;18;900;8;1;3;1890008001003075;18075;671225.338;6444820.827;-32.120,-55.185;CAMINO VECINAL;S-D;S-D;S-D;1;NORTE;REGION NORTE;55;RAP TACUAREMBÓ;PRIMER NIVEL;POLICLINICA;35971002;S-D;SI;SI;SI;SI;NO;NO;NO;SI;NO;NO;NO;NO;NC;NO;NO;NO;NO;NO;NO;NO;NO;NO;NO;NO;NO;NO;N-C;N-C;NO;NO;NO;S-D;NO;S-D;NO;S-D;NO;NO;NO;NO;NO;NO;NO;NO;-32.12;-55.185;POINT (-55.185 -32.12)
859;2.16.858.0.0.2.1.1.5981890006704004076;POLICLINICA QUIEBRA YUGOS;POL. QUIEBRA YUGOS;NO;NORTE;TACUAREMBÓ;RURAL;RURAL;18;900;6;704;4;1890006704004076;18076;583616.169;6496801.066;-31.661,-56.118;RUTA 31;S-D;CAMINO VECINAL;S-D;1;NORTE;REGION NORTE;55;RAP TACUAREMBÓ;PRIMER NIVEL;POLICLINICA;35971002;S-D;SI;SI;SI;NO;NO;NO;NO;SI;NO;NO;NO;NO;NC;NO;NO;NO;NO;NO;NO;NO;NO;NO;NO;NO;NO;NO;N-C;N-C;NO;NO;NO;S-D;NO;S-D;NO;S-D;NO;NO;NO;NO;NO;NO;NO;NO;-31.661;-56.118;POINT (-56.118 -31.661)
860;2.16.858.0.0.2.1.1.5981890006504007077;POLICLINICA RINCON DE LA ALDEA;POL. RINCON DE LA ALDEA;NO;NORTE;TACUAREMBÓ;RURAL;RURAL;18;900;6;504;7;1890006504007077;18077;586695.5;6489185.57;-31.72947146,-56.08484792;CAMINO VECINAL;S-D;ESCUELA 39;S-D;1;NORTE;REGION NORTE;55;RAP TACUAREMBÓ;PRIMER NIVEL;POLICLINICA;35971002;S-D;SI;SI;SI;NO;NO;NO;NO;SI;NO;NO;NO;NO;NC;NO;NO;NO;NO;NO;NO;NO;NO;NO;NO;NO;NO;NO;N-C;N-C;NO;NO;NO;S-D;NO;S-D;NO;S-D;NO;NO;NO;NO;NO;NO;NO;NO;-31.72947146;-56.08484792;POINT (-56.08484792 -31.72947146)
862;2.16.858.0.0.2.1.1.5981890001427600079;POLICLINICA RINCON DE TRANQUERAS;POL. RINCON DE TRANQUERAS;NO;NORTE;TACUAREMBÓ;RURAL;RURAL;18;900;1;427;600;1890001427600079;18079;599485.54;6487255.74;-31.74583912,-55.94965883;CALLE 153;S-D;J. BATLLE Y ORDONEZ;S-D;1;NORTE;REGION NORTE;55;RAP TACUAREMBÓ;PRIMER NIVEL;POLICLINICA;35971002;S-D;SI;SI;SI;SI;NO;NO;SI;SI;SI;NO;SI;NO;NC;NO;NO;NO;NO;NO;NO;NO;NO;NO;NO;NO;NO;NO;N-C;N-C;NO;NO;NO;S-D;NO;S-D;NO;S-D;NO;NO;NO;NO;NO;NO;NO;NO;-31.74583912;-55.94965883;POINT (-55.94965883 -31.74583912)
863;2.16.858.0.0.2.1.1.5981890006304001080;POLICLINICA SANTANGELO;POL. SANTANGELO;NO;NORTE;TACUAREMBÓ;RURAL;RURAL;18;900;6;304;1;1890006304001080;18080;592353.51;6488747.43;-31.73298115,-56.02508810;B. GADOLA;S-D;ESCUELA 162;46326748;1;NORTE;REGION NORTE;55;RAP TACUAREMBÓ;PRIMER NIVEL;POLICLINICA;35971002;S-D;SI;SI;SI;SI;NO;NO;NO;SI;NO;NO;NO;NO;NC;NO;NO;NO;NO;NO;NO;NO;NO;NO;NO;NO;NO;NO;N-C;N-C;NO;NO;NO;S-D;NO;S-D;NO;S-D;NO;NO;NO;NO;NO;NO;NO;NO;-31.73298115;-56.0250881;POINT (-56.0250881 -31.73298115)
864;2.16.858.0.0.2.1.1.5981890002007004081;POLICLINICA VALLE EDEN;POL. VALLE EDEN;NO;NORTE;TACUAREMBÓ;RURAL;RURAL;18;900;2;7;4;1890002007004081;18081;577884.1;6478827.98;-31.82354318,-56.17702488;CAMINO VECINAL;S-D;FRENTE A LA VIA;S-D;1;NORTE;REGION NORTE;55;RAP TACUAREMBÓ;PRIMER NIVEL;POLICLINICA;35971002;S-D;SI;SI;SI;SI;NO;NO;NO;SI;NO;NO;NO;NO;NC;NO;NO;NO;NO;NO;NO;NO;NO;NO;NO;NO;NO;NO;N-C;N-C;NO;NO;NO;S-D;NO;S-D;NO;S-D;NO;NO;NO;NO;NO;NO;NO;NO;-31.82354318;-56.17702488;POINT (-56.17702488 -31.82354318)
866;2.16.858.0.0.2.1.1.5981890013102600083;PUESTO DE SALUD POBLADO LAURA;RONDA RURAL POBLADO LAURA;NO;NORTE;TACUAREMBÓ;POBLADO LAURA;RURAL;18;900;13;102;600;1890013102600083;18083;695822.502;6437943.363;-32.178,-54.923;RUTA 6 KM;332;ESCUELA 115;S-D;1;NORTE;REGION NORTE;55;RAP TACUAREMBÓ;PRIMER NIVEL;POLICLINICA;35971002;S-D;SI;SI;SI;SI;NO;NO;NO;SI;NO;NO;NO;NO;NC;NO;NO;NO;NO;NO;NO;NO;NO;NO;NO;NO;NO;NO;N-C;N-C;NO;NO;NO;S-D;NO;S-D;NO;S-D;NO;NO;NO;NO;NO;NO;NO;NO;-32.178;-54.923;POINT (-54.923 -32.178)
867;2.16.858.0.0.2.1.1.5981890008001003084;PUESTO DE SALUD PUNTA DE CARRETERA;RONDA RURAL PUNTA DE CARRETERA;NO;NORTE;TACUAREMBÓ;RURAL;RURAL;18;900;8;1;3;1890008001003084;18084;671196.09;6448855.32;-32.08362492,-55.18602935;RUTA 26;S-D;ESCUELA 116;S-D;1;NORTE;REGION NORTE;55;RAP TACUAREMBÓ;PRIMER NIVEL;POLICLINICA;35971002;S-D;SI;SI;SI;SI;NO;NO;NO;SI;NO;NO;NO;NO;NC;NO;NO;NO;NO;NO;NO;NO;NO;NO;NO;NO;NO;NO;N-C;N-C;NO;NO;NO;S-D;NO;S-D;NO;S-D;NO;NO;NO;NO;NO;NO;NO;NO;-32.08362492;-55.18602935;POINT (-55.18602935 -32.08362492)
868;2.16.858.0.0.2.1.1.5981892510419025085;POLICLINICA CARDOZO GRANDE;POL. CARDOZO GRANDE;NO;NORTE;TACUAREMBÓ;CARDOZO;RURAL;18;925;10;419;25;1892510419025085;18085;562716.54;6388498.02;-32.63933365,-56.33134418;CALLE 4;S-D;ESCUELA 10;46604299;1;NORTE;REGION NORTE;55;RAP TACUAREMBÓ;PRIMER NIVEL;POLICLINICA;35971002;S-D;SI;SI;SI;SI;NO;NO;NO;SI;NO;NO;NO;NO;NC;NO;NO;NO;NO;NO;NO;NO;NO;NO;NO;NO;NO;NO;N-C;N-C;NO;NO;NO;S-D;NO;S-D;NO;S-D;NO;NO;NO;NO;NO;NO;NO;NO;-32.63933365;-56.33134418;POINT (-56.33134418 -32.63933365)
869;2.16.858.0.0.2.1.1.5981892810015003086;POLICLINICA CHAMBERLAIN;POL. CHAMBERLAIN;NO;NORTE;TACUAREMBÓ;CHAMBERLAIN;RURAL;18;928;10;15;3;1892810015003086;18086;549089.96;6383420.42;-32.68582574,-56.47635177;RUTA 5 KM;265;ESCUELA 45;96840929;1;NORTE;REGION NORTE;55;RAP TACUAREMBÓ;PRIMER NIVEL;POLICLINICA;35971002;S-D;SI;NO;SI;NO;NO;NO;NO;SI;NO;NO;NO;NO;NC;NO;NO;NO;NO;NO;NO;NO;NO;NO;NO;NO;NO;NO;N-C;N-C;NO;NO;NO;S-D;NO;S-D;NO;S-D;NO;NO;NO;NO;NO;NO;NO;NO;-32.68582574;-56.47635177;POINT (-56.47635177 -32.68582574)
870;2.16.858.0.0.2.1.1.5981893111005701087;POLICLINICA PERALTA;POL. PERALTA;NO;NORTE;TACUAREMBÓ;CUCHILLA DE PERALTA;RURAL;18;931;11;5;701;1893111005701087;18087;560484.94;6404669.19;-32.49358717,-56.35617801;RUTA 5 KM;298;ESCUELA 67;46604338;1;NORTE;REGION NORTE;55;RAP TACUAREMBÓ;PRIMER NIVEL;POLICLINICA;35971002;S-D;SI;SI;SI;SI;NO;NO;NO;SI;NO;NO;NO;NO;NC;NO;NO;NO;NO;NO;NO;NO;NO;NO;NO;NO;NO;NO;N-C;N-C;NO;NO;NO;S-D;NO;S-D;NO;S-D;NO;NO;NO;NO;NO;NO;NO;NO;-32.49358717;-56.35617801;POINT (-56.35617801 -32.49358717)
871;2.16.858.0.0.2.1.1.5981895205002601088;POLICLINICA ESTACION LAURELES;POL. ESTACION LAURELES;NO;NORTE;TACUAREMBÓ;LAURELES;RURAL;18;952;5;2;601;1895205002601088;18088;607184.865;6529729.574;-31.362,-55.873;CAMINO VECINAL;S-D;ESTACION LAURELES;S-D;1;NORTE;REGION NORTE;55;RAP TACUAREMBÓ;PRIMER NIVEL;POLICLINICA;35971002;S-D;SI;SI;SI;NO;NO;NO;NO;SI;SI;NO;NO;NO;NC;NO;NO;NO;NO;NO;NO;NO;NO;NO;NO;NO;NO;NO;N-C;N-C;NO;NO;NO;S-D;NO;S-D;NO;S-D;NO;NO;NO;NO;NO;NO;NO;NO;-31.362;-55.873;POINT (-55.873 -31.362)
872;2.16.858.0.0.2.1.1.5981898003106600089;POLICLINICA SAUCE DE BATOVI;POL. SAUCE DE BATOVI;NO;NORTE;TACUAREMBÓ;SAUCE DE BATOVI;RURAL;18;980;3;106;600;1898003106600089;18089;598760.235;6471740.488;-31.885858466931897, -55.95574143085107;CAMINO VECINAL;S-D;SALON COMUNITARIO;S-D;1;NORTE;REGION NORTE;55;RAP TACUAREMBÓ;PRIMER NIVEL;POLICLINICA;35971002;S-D;SI;SI;SI;SI;NO;NO;NO;SI;NO;NO;SI;NO;NC;NO;NO;NO;NO;NO;NO;NO;NO;NO;NO;NO;NO;NO;N-C;N-C;NO;NO;NO;S-D;NO;S-D;NO;S-D;NO;NO;NO;NO;NO;NO;NO;NO;-31.8858584669319;-55.9557414308511;POINT (-55.95574143085107 -31.885858466931897)
873;2.16.858.0.0.2.1.1.5981899112104003090;POLICLINICA RINCON DE PEREIRA;RONDA RURAL RINCON DE PEREIRA;NO;NORTE;TACUAREMBÓ;RINCON DE PEREIRA;RURAL;18;991;12;104;3;1899112104003090;18090;667070.555;6410510.79;-32.430,-55.223;S-D;S-D;S-D;S-D;1;NORTE;REGION NORTE;55;RAP TACUAREMBÓ;PRIMER NIVEL;POLICLINICA;35971002;S-D;SI;SI;SI;SI;NO;SI;NO;SI;SI;SI;NO;NO;NC;NO;NO;NO;NO;NO;NO;NO;NO;NO;NO;NO;NO;NO;N-C;N-C;NO;NO;NO;S-D;NO;S-D;NO;S-D;NO;NO;NO;NO;NO;NO;NO;NO;-32.43;-55.223;POINT (-55.223 -32.43)
874;2.16.858.0.0.2.1.1.5981922001015001001;CENTRO DE SALUD BOLIVAR LEDESMA;C. S. BOLIVAR LEDESMA;NO;ESTE;TREINTA Y TRES;TREINTA Y TRES;URBANA;19;220;1;15;1;1922001015001001;19001;744049.83;6320011.01;-33.23131444,-54.38100043;ZUFRIATEGUI;1362;AREGUATTI;44522101;4;ESTE;REGION ESTE;61;RAP TREINTA Y TRES;PRIMER NIVEL;CENTRO DE SALUD;264361005;ASSE;SI;SI;SI;SI;NO;SI;NO;SI;SI;SI;SI;SI;S-D;SI;NO;NO;NO;NO;NO;NO;NO;NO;NO;NO;NO;NO;N-C;N-C;NO;NO;NO;SI;SI;S-D;SI;NO;NO;NO;SI;NO;NO;NO;NO;SI;-33.23131444;-54.38100043;POINT (-54.38100043 -33.23131444)
875;2.16.858.0.0.2.1.1.5981922001015003002;CENTRO DEPARTAMENTAL TREINTA Y TRES;HOSPITAL TREINTA Y TRES;NO;ESTE;TREINTA Y TRES;TREINTA Y TRES;URBANA;19;220;1;15;3;1922001015003002;19002;744366.75;6320023.68;-33.23112868,-54.37760589;J. E. RODO;S-D;M. CACHEIRO;44522002 - 44524800;4;ESTE;REGION ESTE;32;CENTRO DEPARTAMENTAL TREINTA Y TRES;SEGUNDO NIVEL;HOSPITAL;22232009;ASSE;NO;SI;SI;SI;SI;SI;SI;NO;SI;SI;SI;NO;NC;NO;SI;NO;SI;SI;NO;SI;NO;NO;NO;NO;SI;NO;SI;NO;SI;SI;SI;SI;SI;S-D;SI;SI;SI;SI;SI;SI;NO;NO;SI;SI;-33.23112868;-54.37760589;POINT (-54.37760589 -33.23112868)
876;2.16.858.0.0.2.1.1.5981922001118800003;POLICLINICA 25 DE AGOSTO;POL. 25 DE AGOSTO;NO;ESTE;TREINTA Y TRES;TREINTA Y TRES;URBANA;19;220;1;118;800;1922001118800003;19003;743836.79;6321891.19;-33.21442092,-54.38378926;TTE. CNEL. ADRIAN MEDINA;1358;ANDRES AREGUATI;44522694;4;ESTE;REGION ESTE;61;RAP TREINTA Y TRES;PRIMER NIVEL;POLICLINICA;35971002;INTENDENCIA;SI;SI;SI;SI;NO;NO;NO;SI;NO;NO;NO;NO;NC;NO;NO;NO;NO;NO;NO;NO;NO;NO;NO;NO;NO;NO;N-C;N-C;NO;NO;NO;NO;NO;S-D;NO;NO;NO;NO;NO;NO;NO;NO;NO;NO;-33.21442092;-54.38378926;POINT (-54.38378926 -33.21442092)
877;2.16.858.0.0.2.1.1.5981922001116029004;POLICLINICA BARRIO KENNEDY;POL. BARRIO KENNEDY;NO;ESTE;TREINTA Y TRES;TREINTA Y TRES;URBANA;19;220;1;116;29;1922001116029004;19004;744219.16;6319298.53;-33.23769603,-54.37899321;RINCON;S-D;FLORES MORA;44522470;4;ESTE;REGION ESTE;61;RAP TREINTA Y TRES;PRIMER NIVEL;POLICLINICA;35971002;INTENDENCIA;SI;SI;SI;NO;NO;NO;NO;SI;NO;NO;NO;NO;NC;NO;NO;NO;NO;NO;NO;NO;NO;NO;NO;NO;NO;NO;N-C;N-C;NO;NO;NO;NO;NO;S-D;NO;NO;NO;NO;NO;NO;NO;NO;NO;NO;-33.23769603;-54.37899321;POINT (-54.37899321 -33.23769603)
878;2.16.858.0.0.2.1.1.5981922001217028005;POLICLINICA BARRIO NELSA GOMEZ;POL. BARRIO NELSA GOMEZ;NO;ESTE;TREINTA Y TRES;TREINTA Y TRES;URBANA;19;220;1;217;28;1922001217028005;19005;744093.887;6318047.152;-33.249,-54.380;JUAN ACOSTA;S-D;O. MENDEZ TECHERA;44526092;4;ESTE;REGION ESTE;61;RAP TREINTA Y TRES;PRIMER NIVEL;POLICLINICA;35971002;INTENDENCIA;SI;SI;SI;SI;NO;NO;NO;SI;NO;NO;NO;NO;NC;NO;NO;NO;NO;NO;NO;NO;NO;NO;NO;NO;NO;NO;N-C;N-C;NO;NO;NO;NO;NO;S-D;NO;NO;NO;NO;NO;NO;NO;NO;NO;NO;-33.249;-54.38;POINT (-54.38 -33.249)
879;2.16.858.0.0.2.1.1.5981922001321075006;POLICLINICA BARRIO SOSA;POL. BARRIO SOSA;NO;ESTE;TREINTA Y TRES;TREINTA Y TRES;URBANA;19;220;1;321;75;1922001321075006;19006;742194.2;6319673.68;-33.23477159,-54.40080609;MANUEL CALLEROS;S-D;FCO. LARROBLA;44520669;4;ESTE;REGION ESTE;61;RAP TREINTA Y TRES;PRIMER NIVEL;POLICLINICA;35971002;INTENDENCIA;SI;SI;SI;SI;NO;NO;NO;SI;NO;NO;NO;NO;NC;NO;NO;NO;NO;NO;NO;NO;NO;NO;NO;NO;NO;NO;N-C;N-C;NO;NO;NO;NO;NO;S-D;NO;NO;NO;NO;NO;NO;NO;NO;NO;NO;-33.23477159;-54.40080609;POINT (-54.40080609 -33.23477159)
880;2.16.858.0.0.2.1.1.5981922001220018007;POLICLINICA BATALLON;POL. BATALLON;NO;ESTE;TREINTA Y TRES;TREINTA Y TRES;URBANA;19;220;1;220;18;1922001220018007;19007;745523.72;6319885.12;-33.23211490,-54.36516389;RICARDO HIERRO;S-D;RAMON ORTIZ;S-D;4;ESTE;REGION ESTE;61;RAP TREINTA Y TRES;PRIMER NIVEL;POLICLINICA;35971002;MINISTERIO DE DEFENSA;SI;NO;NO;NO;NO;S-D;S-D;S-D;S-D;S-D;NO;NO;NC;NO;NO;NO;NO;NO;NO;NO;NO;NO;NO;NO;NO;NO;N-C;N-C;NO;NO;NO;NO;NO;S-D;NO;NO;NO;NO;NO;NO;NO;NO;NO;NO;-33.2321149;-54.36516389;POINT (-54.36516389 -33.2321149)
881;2.16.858.0.0.2.1.1.5981922001221403008;POLICLINICA COMUNITARIA LOS CEIBOS;POL. COMUNITARIA LOS CEIBOS;NO;ESTE;TREINTA Y TRES;TREINTA Y TRES;URBANA;19;220;1;221;403;1922001221403008;19008;744010.333;6322155.525;-33.212,-54.382;VALENTIN OLIVERA ORTUZ;S-D;RUTA 17;S-D;4;ESTE;REGION ESTE;61;RAP TREINTA Y TRES;PRIMER NIVEL;POLICLINICA;35971002;COMUNIDAD;SI;NO;SI;NO;NO;S-D;S-D;S-D;S-D;S-D;NO;NO;NC;NO;NO;NO;NO;NO;NO;NO;NO;NO;NO;NO;NO;NO;N-C;N-C;NO;NO;NO;NO;NO;S-D;NO;NO;NO;NO;NO;NO;NO;NO;NO;NO;-33.212;-54.382;POINT (-54.382 -33.212)
882;2.16.858.0.0.2.1.1.5981922001007009009;POLICLINICA LIBERTAD;POL. LIBERTAD;NO;ESTE;TREINTA Y TRES;TREINTA Y TRES;URBANA;19;220;1;7;9;1922001007009009;19009;743185.23;6319087.76;-33.23982847,-54.39002307;DIONISIO ORIBE;1028;SARANDI;44523580;4;ESTE;REGION ESTE;61;RAP TREINTA Y TRES;PRIMER NIVEL;POLICLINICA;35971002;INTENDENCIA;SI;SI;SI;SI;NO;NO;NO;SI;NO;NO;NO;NO;NC;NO;NO;NO;NO;NO;NO;NO;NO;NO;NO;NO;NO;NO;N-C;N-C;NO;NO;NO;NO;NO;S-D;NO;NO;NO;NO;NO;NO;NO;NO;NO;NO;-33.23982847;-54.39002307;POINT (-54.39002307 -33.23982847)
883;2.16.858.0.0.2.1.1.5981922001120015010;POLICLINICA LOS ARRAYANES;POL. LOS ARRAYANES;NO;ESTE;TREINTA Y TRES;TREINTA Y TRES;URBANA;19;220;1;120;15;1922001120015010;19010;745273.672;6320459.081;-33.227,-54.368;TOMAS GOMEZ;S-D;CARMELO COLMAN;S-D;4;ESTE;REGION ESTE;61;RAP TREINTA Y TRES;PRIMER NIVEL;POLICLINICA;35971002;LOCAL DE VIVIENDAS;SI;SI;SI;SI;NO;S-D;S-D;S-D;S-D;S-D;NO;NO;NC;NO;NO;NO;NO;NO;NO;NO;NO;NO;NO;NO;NO;NO;N-C;N-C;NO;NO;NO;NO;NO;S-D;NO;NO;NO;NO;NO;NO;NO;NO;NO;NO;-33.227;-54.368;POINT (-54.368 -33.227)
885;2.16.858.0.0.2.1.1.5981922001007017012;POLICLINICA SAN IGNACIO;POL. SAN IGNACIO;NO;ESTE;TREINTA Y TRES;TREINTA Y TRES;URBANA;19;220;1;7;17;1922001007017012;19012;743426.514;6319017.661;-33.24041,-54.38742;JUAN SPIKERMAN;973;ITUZAINGO;44528956;4;ESTE;REGION ESTE;61;RAP TREINTA Y TRES;PRIMER NIVEL;POLICLINICA;35971002;S-D;SI;SI;SI;SI;NO;NO;NO;SI;NO;NO;NO;NO;NC;NO;NO;NO;NO;NO;NO;NO;NO;NO;NO;NO;NO;NO;N-C;N-C;NO;NO;NO;NO;NO;S-D;NO;NO;NO;NO;NO;NO;NO;NO;NO;NO;-33.24041;-54.38742;POINT (-54.38742 -33.24041)
886;2.16.858.0.0.2.1.1.5981922001217037013;POLICLINICA SAN MARTIN;POL. SAN MARTIN;NO;ESTE;TREINTA Y TRES;TREINTA Y TRES;URBANA;19;220;1;217;37;1922001217037013;19013;745025.806;6318023.726;-33.249,-54.370;SANTIAGO NIEVAS;S-D;CNO. DEL MENSAJERO;S-D;4;ESTE;REGION ESTE;61;RAP TREINTA Y TRES;PRIMER NIVEL;POLICLINICA;35971002;S-D;SI;SI;SI;SI;NO;NO;NO;SI;NO;NO;NO;NO;NC;NO;NO;NO;NO;NO;NO;NO;NO;NO;NO;NO;NO;NO;N-C;N-C;NO;NO;NO;NO;NO;S-D;NO;NO;NO;NO;NO;NO;NO;NO;NO;NO;-33.249;-54.37;POINT (-54.37 -33.249)
887;2.16.858.0.0.2.1.1.5981922001001012014;POLICLINICA SANIDAD POLICIAL;POL. SANIDAD POLICIAL;NO;ESTE;TREINTA Y TRES;TREINTA Y TRES;URBANA;19;220;1;1;12;1922001001012014;19014;743677.909;6320055.226;-33.231,-54.385;MANUEL LAVALLEJA;S-D;SIMON DEL PINO;S-D;4;ESTE;REGION ESTE;61;RAP TREINTA Y TRES;PRIMER NIVEL;POLICLINICA;35971002;MINISTERIO DEL INTERIOR;SI;NO;NO;NO;NO;S-D;S-D;S-D;S-D;S-D;NO;NO;NC;NO;NO;NO;NO;NO;NO;NO;NO;NO;NO;NO;NO;NO;N-C;N-C;NO;NO;NO;NO;NO;S-D;NO;NO;NO;NO;NO;NO;NO;NO;NO;NO;-33.231;-54.385;POINT (-54.385 -33.231)
890;2.16.858.0.0.2.1.1.5981952108002009018;CENTRO DE SALUD SANTA CLARA;C. S. SANTA CLARA;NO;ESTE;TREINTA Y TRES;SANTA CLARA DE OLIMAR;RURAL;19;521;8;2;9;1952108002009018;19018;691139.85;6355335.23;-32.92354371,-54.95582197;AVDA. CHIQUITO SARAVIA;S-D;RUTA 7;44645053;4;ESTE;REGION ESTE;61;RAP TREINTA Y TRES;PRIMER NIVEL;CENTRO DE SALUD;264361005;ASSE;SI;SI;SI;SI;NO;SI;NO;SI;SI;NO;SI;NO;NC;NO;NO;SI;SI;NO;NO;NO;NO;NO;NO;NO;NO;N-C;NO;NO;NO;NO;SI;SI;SI;S-D;SI;NO;NO;NO;NO;NO;NO;NO;NO;NO;-32.92354371;-54.95582197;POINT (-54.95582197 -32.92354371)
891;2.16.858.0.0.2.1.1.5981952209201027019;CENTRO AUXILIAR VERGARA;C. S. VERGARA;NO;ESTE;TREINTA Y TRES;VERGARA;RURAL;19;522;9;201;27;1952209201027019;19019;786443.45;6351334.56;-32.93876987,-53.93638946;MARCELO BARRETO;S-D;FORTUNATO JARA;44582385;4;ESTE;REGION ESTE;61;RAP TREINTA Y TRES;PRIMER NIVEL;CENTRO DE SALUD;264361005;ASSE;SI;SI;SI;SI;NO;SI;NO;SI;SI;NO;SI;NO;NC;NO;NO;SI;SI;NO;NO;NO;NO;NO;NO;NO;SI;N-C;NO;NO;NO;NO;SI;SI;SI;S-D;SI;NO;NO;SI;NO;NO;NO;NO;NO;SI;-32.93876987;-53.93638946;POINT (-53.93638946 -32.93876987)
892;2.16.858.0.0.2.1.1.5981952209101040020;POLICLINICA BARRIO ABREU;POL. BARRIO ABREU;NO;ESTE;TREINTA Y TRES;VERGARA;RURAL;19;522;9;101;40;1952209101040020;19020;786105.02;6351318.861;-32.939,-53.940;RICARDO HIERRO;S-D;CNEL. FRANCISCO TAJES;44522397;4;ESTE;REGION ESTE;61;RAP TREINTA Y TRES;PRIMER NIVEL;POLICLINICA;35971002;INTENDENCIA;SI;SI;SI;SI;NO;NO;NO;SI;NO;NO;NO;NO;NC;NO;NO;NO;NO;NO;NO;NO;NO;NO;NO;NO;NO;NO;N-C;N-C;NO;NO;NO;NO;NO;S-D;NO;NO;NO;NO;NO;NO;NO;NO;NO;NO;-32.939;-53.94;POINT (-53.94 -32.939)
893;2.16.858.0.0.2.1.1.5981972103001024021;POLICLINICA ARROZAL 33;POL. ARROZAL 33;NO;ESTE;TREINTA Y TRES;ARROZAL TREINTA Y TRES;RURAL;19;721;3;1;24;1972103001024021;19021;808472.553;6339094.571;-33.043,-53.697;S-D;S-D;S-D;S-D;4;ESTE;REGION ESTE;61;RAP TREINTA Y TRES;PRIMER NIVEL;POLICLINICA;35971002;INTENDENCIA;SI;NO;SI;NO;NO;SI;SI;SI;NO;NO;NO;NO;NC;NO;NO;NO;NO;NO;NO;NO;NO;NO;NO;NO;NO;NO;N-C;N-C;NO;NO;NO;NO;NO;S-D;NO;NO;NO;NO;NO;NO;NO;NO;NO;NO;-33.043;-53.697;POINT (-53.697 -33.043)
894;2.16.858.0.0.2.1.1.5981972202201042022;POLICLINICA CHARQUEADA;POL. CHARQUEADA;NO;ESTE;TREINTA Y TRES;GRAL. ENRIQUE MARTINEZ;RURAL;19;722;2;201;42;1972202201042022;19022;797743.859;6321549.67;-33.204,-53.806;JOSE ELLAURI;S-D;S-D;44592225;4;ESTE;REGION ESTE;61;RAP TREINTA Y TRES;PRIMER NIVEL;POLICLINICA;35971002;S-D;SI;SI;SI;SI;NO;SI;NO;SI;NO;NO;NO;NO;NC;NO;NO;NO;NO;NO;NO;NO;NO;NO;NO;NO;NO;NO;N-C;N-C;NO;NO;NO;SI;SI;S-D;SI;NO;NO;NO;NO;NO;NO;NO;NO;NO;-33.204;-53.806;POINT (-53.806 -33.204)
895;2.16.858.0.0.2.1.1.5981972307202808023;POLICLINICA VILLA SARA;POL. VILLA SARA;NO;ESTE;TREINTA Y TRES;VILLA SARA;RURAL;19;723;7;202;808;1972307202808023;19023;740840.19;6317688.2;-33.25296508,-54.41479724;ROCHA;1069;RUTA 8;44523899;4;ESTE;REGION ESTE;61;RAP TREINTA Y TRES;PRIMER NIVEL;POLICLINICA;35971002;INTENDENCIA;SI;SI;SI;SI;NO;NO;NO;SI;NO;NO;NO;NO;NC;NO;NO;NO;NO;NO;NO;NO;NO;NO;NO;NO;NO;NO;N-C;N-C;NO;NO;NO;NO;NO;S-D;NO;NO;NO;NO;NO;NO;NO;NO;NO;NO;-33.25296508;-54.41479724;POINT (-54.41479724 -33.25296508)
896;2.16.858.0.0.2.1.1.5981982103104800024;POLICLINICA SAN FERNANDO;POL. ESTACION RINCON;NO;ESTE;TREINTA Y TRES;ESTACION RINCON;RURAL;19;821;3;104;800;1982103104800024;19024;796757.09;6362748.03;-32.83322036,-53.82989144;JOSE PEDRO VARELA;S-D;RENEE ROSANO GARATE;S-D;4;ESTE;REGION ESTE;61;RAP TREINTA Y TRES;PRIMER NIVEL;POLICLINICA;35971002;INTENDENCIA;SI;NO;SI;NO;NO;S-D;S-D;S-D;S-D;S-D;NO;NO;NC;NO;NO;NO;NO;NO;NO;NO;NO;NO;NO;NO;NO;NO;N-C;N-C;NO;NO;NO;NO;NO;S-D;NO;NO;NO;NO;NO;NO;NO;NO;NO;NO;-32.83322036;-53.82989144;POINT (-53.82989144 -32.83322036)
897;2.16.858.0.0.2.1.1.5981982205101005025;POLICLINICA BARRIO MARIA ISABEL;POL. MA. ISABEL ISLA PATRULLA;NO;ESTE;TREINTA Y TRES;ISLA PATRULLA (MARIA ISABEL);RURAL;19;822;5;101;5;1982205101005025;19025;727705.37;6346721.71;-32.99416602,-54.56291606;SALTO;S-D;COLONIA;S-D;4;ESTE;REGION ESTE;61;RAP TREINTA Y TRES;PRIMER NIVEL;POLICLINICA;35971002;INTENDENCIA;SI;SI;SI;SI;NO;NO;NO;SI;NO;NO;NO;NO;NC;NO;NO;NO;NO;NO;NO;NO;NO;NO;NO;NO;NO;NO;N-C;N-C;NO;NO;NO;NO;NO;S-D;NO;NO;NO;NO;NO;NO;NO;NO;NO;NO;-32.99416602;-54.56291606;POINT (-54.56291606 -32.99416602)
898;2.16.858.0.0.2.1.1.5981989606001800026;POLICLINICA VALENTINES;POL. VALENTINES;NO;ESTE;TREINTA Y TRES;VALENTINES;RURAL;19;896;6;1;800;1989606001800026;19026;676562.64;6318378.43;-33.25917302,-55.10450533;RUTA 19;S-D;UTE 4;S-D;4;ESTE;REGION ESTE;61;RAP TREINTA Y TRES;PRIMER NIVEL;POLICLINICA;35971002;S-D;SI;SI;SI;SI;NO;NO;NO;NO;NO;NO;NO;NO;NC;NO;NO;NO;NO;NO;NO;NO;NO;NO;NO;NO;NO;NO;N-C;N-C;NO;NO;NO;NO;NO;S-D;NO;NO;NO;NO;NO;NO;NO;NO;NO;NO;-33.25917302;-55.10450533;POINT (-55.10450533 -33.25917302)
899;2.16.858.0.0.2.1.1.5981990004003001027;POLICLINICA CERROS AMARO;POL. CERROS AMARO;NO;ESTE;TREINTA Y TRES;RURAL;RURAL;19;900;4;3;1;1990004003001027;19027;753277.71;6355624.25;-32.90831072,-54.29192116;RUTA 8;S-D;ESCUELA 67;S-D;4;ESTE;REGION ESTE;61;RAP TREINTA Y TRES;PRIMER NIVEL;POLICLINICA;35971002;INTENDENCIA;SI;NO;SI;NO;NO;S-D;S-D;S-D;S-D;S-D;NO;NO;NC;NO;NO;NO;NO;NO;NO;NO;NO;NO;NO;NO;NO;NO;N-C;N-C;NO;NO;NO;NO;NO;S-D;NO;NO;NO;NO;NO;NO;NO;NO;NO;NO;-32.90831072;-54.29192116;POINT (-54.29192116 -32.90831072)
900;2.16.858.0.0.2.1.1.5981990002407603028;POLICLINICA CIPA CEBOLLATI;POL. CIPA CEBOLLATI;NO;ESTE;TREINTA Y TRES;RURAL;RURAL;19;900;2;407;603;1990002407603028;19028;788533.486;6316275.435;-33.254,-53.903;RUTA 17;S-D;S-D;S-D;4;ESTE;REGION ESTE;61;RAP TREINTA Y TRES;PRIMER NIVEL;POLICLINICA;35971002;INTENDENCIA;SI;NO;SI;NO;NO;S-D;S-D;S-D;S-D;S-D;NO;NO;NC;NO;NO;NO;NO;NO;NO;NO;NO;NO;NO;NO;NO;NO;N-C;N-C;NO;NO;NO;NO;NO;S-D;NO;NO;NO;NO;NO;NO;NO;NO;NO;NO;-33.254;-53.903;POINT (-53.903 -33.254)
901;2.16.858.0.0.2.1.1.5981992201123806029;POLICLINICA POBLADO ALONSO;POL. POBLADO ALONSO;NO;ESTE;TREINTA Y TRES;POBLADO ALONZO;RURAL;19;922;1;123;806;1992201123806029;19029;747094.917;6326073.158;-33.176,-54.350;CAMINO AL MOLINO DE PERINETT;S-D;S-D;44502696;4;ESTE;REGION ESTE;61;RAP TREINTA Y TRES;PRIMER NIVEL;POLICLINICA;35971002;INTENDENCIA;SI;NO;SI;NO;NO;SI;NO;SI;NO;NO;NO;NO;NC;NO;NO;NO;NO;NO;NO;NO;NO;NO;NO;NO;NO;NO;N-C;N-C;NO;NO;NO;NO;NO;S-D;NO;NO;NO;NO;NO;NO;NO;NO;NO;NO;-33.176;-54.35;POINT (-54.35 -33.176)
902;2.16.858.0.0.2.1.1.5981994003607601030;POLICLINICA ARROCERA LOS CEIBOS;RONDA RURAL ARROCERA LOS CEIBOS;NO;ESTE;TREINTA Y TRES;ARROCERA LOS CEIBOS;RURAL;19;940;3;607;601;1994003607601030;19030;821319.637;6348677.315;-32.953,-53.563;S-D;S-D;S-D;S-D;4;ESTE;REGION ESTE;61;RAP TREINTA Y TRES;PRIMER NIVEL;POLICLINICA;35971002;ANEP;SI;NO;SI;NO;NO;S-D;S-D;S-D;S-D;S-D;NO;NO;NC;NO;NO;NO;NO;NO;NO;NO;NO;NO;NO;NO;NO;NO;N-C;N-C;NO;NO;NO;NO;NO;S-D;NO;NO;NO;NO;NO;NO;NO;NO;NO;NO;-32.953;-53.563;POINT (-53.563 -32.953)
903;2.16.858.0.0.2.1.1.5981994107001004031;POLICLINICA MARIA ALBINA;POL. MARIA ALBINA;NO;ESTE;TREINTA Y TRES;MARIA ALBINA;RURAL;19;941;7;1;4;1994107001004031;19031;715885.175;6303179.973;-33.389,-54.679;FRANCISCO OLIVERES;S-D;SAN CASIANO;44505192;4;ESTE;REGION ESTE;61;RAP TREINTA Y TRES;PRIMER NIVEL;POLICLINICA;35971002;INTENDENCIA;SI;NO;SI;NO;NO;S-D;S-D;S-D;S-D;S-D;NO;NO;NC;NO;NO;NO;NO;NO;NO;NO;NO;NO;NO;NO;NO;NO;N-C;N-C;NO;NO;NO;NO;NO;S-D;NO;NO;NO;NO;NO;NO;NO;NO;NO;NO;-33.389;-54.679;POINT (-54.679 -33.389)
904;2.16.858.0.0.2.1.1.5981994202003016032;POLICLINICA POBLADO EL ORO;POL. EL ORO;NO;ESTE;TREINTA Y TRES;MENDIZABAL (EL ORO);RURAL;19;942;2;3;16;1994202003016032;19032;765912.75;6339688.93;-33.04887765,-54.15235832;RUTA 18;S-D;ESCUELA 4;S-D;4;ESTE;REGION ESTE;61;RAP TREINTA Y TRES;PRIMER NIVEL;POLICLINICA;35971002;INTENDENCIA;SI;NO;SI;NO;NO;S-D;S-D;S-D;S-D;S-D;NO;NO;NC;NO;NO;NO;NO;NO;NO;NO;NO;NO;NO;NO;NO;NO;N-C;N-C;NO;NO;NO;NO;NO;S-D;NO;NO;NO;NO;NO;NO;NO;NO;NO;NO;-33.04887765;-54.15235832;POINT (-54.15235832 -33.04887765)
905;2.16.858.0.0.2.1.1.5981994704102801033;POLICLINICA PUNTAS DEL PARAO;POL. PUNTAS DEL PARAO;NO;ESTE;TREINTA Y TRES;PUNTAS DEL PARAO;RURAL;19;947;4;102;801;1994704102801033;19033;745541.764;6376162.64;-32.725,-54.380;S-D;S-D;S-D;S-D;4;ESTE;REGION ESTE;61;RAP TREINTA Y TRES;PRIMER NIVEL;POLICLINICA;35971002;INTENDENCIA;SI;NO;SI;NO;NO;S-D;S-D;S-D;S-D;S-D;NO;NO;NC;NO;NO;NO;NO;NO;NO;NO;NO;NO;NO;NO;NO;NO;N-C;N-C;NO;NO;NO;NO;NO;S-D;NO;NO;NO;NO;NO;NO;NO;NO;NO;NO;-32.725;-54.38;POINT (-54.38 -32.725)
906;2.16.858.0.0.2.1.1.5981995507003018034;POLICLINICA PASANO;POL. VILLA PASSANO;NO;ESTE;TREINTA Y TRES;VILLA PASSANO;RURAL;19;955;7;3;18;1995507003018034;19034;788384.69;6312062.46;-33.29198508,-53.90325429;PAYSANDÚ;S-D;BRASIL;S-D;4;ESTE;REGION ESTE;61;RAP TREINTA Y TRES;PRIMER NIVEL;POLICLINICA;35971002;INTENDENCIA;SI;NO;SI;NO;NO;S-D;S-D;S-D;S-D;S-D;NO;NO;NC;NO;NO;NO;NO;NO;NO;NO;NO;NO;NO;NO;NO;NO;N-C;N-C;NO;NO;NO;NO;NO;S-D;NO;NO;NO;NO;NO;NO;NO;NO;NO;NO;-33.29198508;-53.90325429;POINT (-53.90325429 -33.29198508)
907;2.16.858.0.0.2.1.1.5981995601121618035;POLICLINICA PASO ANCHO;POL. PASO ANCHO;NO;ESTE;TREINTA Y TRES;EJIDO DE TREINTA Y TRES;URBANA;19;956;1;121;618;1995601121618035;19035;746620.813;6322089.795;-33.212,-54.354;RUTA 17  KM;291;4 DE OCTUBRE;44523387;4;ESTE;REGION ESTE;61;RAP TREINTA Y TRES;PRIMER NIVEL;POLICLINICA;35971002;INTENDENCIA;SI;SI;SI;SI;NO;SI;NO;SI;NO;NO;NO;NO;NC;NO;NO;NO;NO;NO;NO;NO;NO;NO;NO;NO;NO;NO;N-C;N-C;NO;NO;NO;NO;NO;S-D;NO;NO;NO;NO;NO;NO;NO;NO;NO;NO;-33.212;-54.354;POINT (-54.354 -33.212)
908;2.16.858.0.0.2.1.1.5981996303006006036;POLICLINICA ARROCERA EL TIGRE;RONDA RURAL ARROCERA EL TIGRE;NO;ESTE;TREINTA Y TRES;ARROCERA EL TIGRE;RURAL;19;963;3;6;6;1996303006006036;19036;814132.17;6346583.27;-32.97394732,-53.63904986;CNO. ESCUELA 84;S-D;ESCUELA 84;44508074;4;ESTE;REGION ESTE;61;RAP TREINTA Y TRES;PRIMER NIVEL;POLICLINICA;35971002;S-D;SI;SI;SI;SI;NO;S-D;S-D;S-D;S-D;S-D;NO;NO;NC;NO;NO;NO;NO;NO;NO;NO;NO;NO;NO;NO;NO;NO;N-C;N-C;NO;NO;NO;NO;NO;S-D;NO;NO;NO;NO;NO;NO;NO;NO;NO;NO;-32.97394732;-53.63904986;POINT (-53.63904986 -32.97394732)
910;2.16.858.0.0.2.1.1.5981996503507600038;POLICLINICA LA QUERENCIA;RONDA RURAL LA QUERENCIA;NO;ESTE;TREINTA Y TRES;ARROCERA LA QUERENCIA;RURAL;19;965;3;507;600;1996503507600038;19038;839237.13;6358285.33;-32.86108805,-53.37519929;ARROZAL TREINTA Y TRES;S-D;ESCUELA 79;S-D;4;ESTE;REGION ESTE;61;RAP TREINTA Y TRES;PRIMER NIVEL;POLICLINICA;35971002;S-D;SI;NO;SI;NO;NO;S-D;S-D;S-D;S-D;S-D;NO;NO;NC;NO;NO;NO;NO;NO;NO;NO;NO;NO;NO;NO;NO;NO;N-C;N-C;NO;NO;NO;NO;NO;S-D;NO;NO;NO;NO;NO;NO;NO;NO;NO;NO;-32.86108805;-53.37519929;POINT (-53.37519929 -32.86108805)
912;2.16.858.0.0.2.1.1.5981996903307600040;POLICLINICA ARROZAL SAN FERNANDO;RONDA RURAL ARROZAL SAN FERNANDO;NO;ESTE;TREINTA Y TRES;ARROCERA SAN FERNANDO;RURAL;19;969;3;307;600;1996903307600040;19040;835822.913;6364854.263;-32.803,-53.414;ESCUELA SAN FERNANDO N 77;S-D;S-D;44508126;4;ESTE;REGION ESTE;61;RAP TREINTA Y TRES;PRIMER NIVEL;POLICLINICA;35971002;S-D;SI;NO;SI;NO;NO;SI;NO;SI;NO;NO;NO;NO;NC;NO;NO;NO;NO;NO;NO;NO;NO;NO;NO;NO;NO;NO;N-C;N-C;NO;NO;NO;NO;NO;S-D;NO;NO;NO;NO;NO;NO;NO;NO;NO;NO;-32.803;-53.414;POINT (-53.414 -32.803)
913;2.16.858.0.0.2.1.1.5981997103404602041;POLICLINICA ARROCERA ZAPATA;RONDA RURAL ARROCERA ZAPATA;NO;ESTE;TREINTA Y TRES;ARROCERA ZAPATA;RURAL;19;971;3;404;602;1997103404602041;19041;816589.49;6358825.462;-32.863,-53.617;ESCUELA ZAPATA N 27;S-D;S-D;44508120;4;ESTE;REGION ESTE;61;RAP TREINTA Y TRES;PRIMER NIVEL;POLICLINICA;35971002;S-D;SI;SI;SI;SI;NO;S-D;S-D;S-D;S-D;S-D;NO;NO;NC;NO;NO;NO;NO;NO;NO;NO;NO;NO;NO;NO;NO;NO;N-C;N-C;NO;NO;NO;NO;NO;S-D;NO;NO;NO;NO;NO;NO;NO;NO;NO;NO;-32.863;-53.617;POINT (-53.617 -32.863)
914;2.16.858.0.0.2.1.1.5981922001008002042;POLICLINICA BARRIO YERBAL;POL. BARRIO YERBAL;NO;ESTE;TREINTA Y TRES;TREINTA Y TRES;URBANA;19;220;1;8;2;1922001008002042;19042;742951.559;6320411.836;-33.22795,-54.39288;FRANCISCO LAVALLEJA;856;JUAN ROSAS;44528956;4;ESTE;REGION ESTE;61;RAP TREINTA Y TRES;PRIMER NIVEL;POLICLINICA;35971002;S-D;SI;SI;SI;SI;NO;NO;NO;SI;NO;NO;NO;NO;NC;NO;NO;NO;NO;NO;NO;NO;NO;NO;NO;NO;NO;NO;N-C;N-C;NO;NO;NO;NO;NO;S-D;NO;NO;NO;NO;NO;NO;NO;NO;NO;NO;-33.22795;-54.39288;POINT (-54.39288 -33.22795)
915;2.16.858.0.0.2.1.1.5981995601321058043;POLICLINICA BARRIO LA FLORESTA;POL. BARRIO LA FLORESTA;NO;ESTE;TREINTA Y TRES;EJIDO DE TREINTA Y TRES;URBANA;19;956;1;321;58;1995601321058043;19043;743327.77;6320744.501;-33.22487,-54.38894;BASILICIO SARAVIA;1081;MANUEL FREIRE;44530833;4;ESTE;REGION ESTE;61;RAP TREINTA Y TRES;PRIMER NIVEL;POLICLINICA;35971002;S-D;SI;SI;SI;SI;NO;NO;NO;SI;NO;NO;NO;NO;NC;NO;NO;NO;NO;NO;NO;NO;NO;NO;NO;NO;NO;NO;N-C;N-C;NO;NO;NO;NO;NO;S-D;NO;NO;NO;NO;NO;NO;NO;NO;NO;NO;-33.22487;-54.38894;POINT (-54.38894 -33.22487)
916;2.16.858.0.0.2.1.1.5981995601224006044;POLICLINICA LA CALERA;POL. LA CALERA;NO;ESTE;TREINTA Y TRES;LA CALERA;URBANA;19;956;1;224;6;1995601224006044;19044;743679.004;6323828.512;-33.197,-54.386;A PASO DE LA CALERA;S-D;ESCUELA 39;44522067;4;ESTE;REGION ESTE;61;RAP TREINTA Y TRES;PRIMER NIVEL;POLICLINICA;35971002;S-D;SI;SI;SI;SI;NO;SI;NO;SI;SI;NO;NO;NO;NC;NO;NO;NO;NO;NO;NO;NO;NO;NO;NO;NO;NO;NO;N-C;N-C;NO;NO;NO;NO;NO;S-D;NO;NO;NO;NO;NO;NO;NO;NO;NO;NO;-33.197;-54.386;POINT (-54.386 -33.197)
919;2.16.858.0.0.2.1.1.5980390003010001110;POLICLINICA CAMPO MILITAR N? 1;POL. CAMPO MILITAR N? 1;NO;SUR;CANELONES;RURAL;RURAL;3;900;3;10;1;390003010001110;3110;555467.17;6173723.51;-34.57677232,-56.39525293;RUTA 36;S-D;VERACIERTO;43363470;2;SUR;REGION SUR;57;RAP CANELONES;PRIMER NIVEL;POLICLINICA;35971002;S-D;SI;SI;SI;SI;NO;SI;NO;SI;SI;NO;NO;NO;NC;SI;NO;NO;NO;NO;NO;NO;NO;NO;NO;NO;NO;NO;N-C;N-C;NO;NO;NO;NO;NO;S-D;NO;NO;NO;NO;NO;NO;NO;NO;NO;NO;-34.57677232;-56.39525293;POINT (-56.39525293 -34.57677232)
922;2.16.858.0.0.2.1.1.5980822001016003037;POLICLINICA HUGO ROMAN;POL. HUGO ROMAN;NO;OESTE;FLORIDA;FLORIDA;URBANA;8;220;1;16;3;822001016003037;8037;572553.98;6226306.27;-34.10153884,-56.21341230;ALEJANDRO GALLINAL;S-D;18 DE JULIO;21527627;3;OESTE;REGION OESTE;58;RAP FLORIDA;PRIMER NIVEL;POLICLINICA;35971002;MINISTERIO DEL INTERIOR;SI;SI;SI;SI;NO;SI;SI;SI;SI;SI;NO;SI;C 15 DIAS;NO;NO;NO;NO;NO;NO;NO;NO;NO;NO;NO;NO;NO;N-C;N-C;NO;NO;NO;SI;NO;S-D;NO;SI;NO;NO;NO;NO;NO;NO;NO;NO;-34.10153884;-56.2134123;POINT (-56.2134123 -34.10153884)
923;2.16.858.0.0.2.1.1.5980102021027006148;CENTRO DE PROMOCION SOCIAL Y DE SALUD BPS - SAYAGO;BPS - SAYAGO;NO;SUR;MONTEVIDEO;MONTEVIDEO;URBANA;1;20;21;27;6;102021027006148;1148;571197.33;6145294.58;-34.83214725,-56.22136450;EUGENIO GARZON;969;PIRIBEBUY;23597514;2;SUR;REGION SUR;2;RAP METROPOLITANA;PRIMER NIVEL;POLICLINICA;35971002;BPS;SI;SI;SI;SI;NO;SI;NO;SI;SI;SI;NO;NO;NC;NO;NO;NO;NO;NO;NO;NO;NO;NO;NO;NO;NO;NO;N-C;N-C;NO;NO;NO;NO;NO;NO;NO;NO;NO;NO;NO;NO;NO;NO;NO;NO;-34.83214725;-56.2213645;POINT (-56.2213645 -34.83214725)
925;2.16.858.0.0.2.1.1.5980952210003030026;POLICLINICA MEVIR 2 J.P. VARELA;POL. MEVIR 2;NO;ESTE;LAVALLEJA;JOSE PEDRO VARELA;URBANA;9;522;10;3;30;952210003030026;9026;728938.85;6296222.31;-33.44899516,-54.53699770;SAN JOSÉ;S-D;URUGUAY;S-D;4;ESTE;REGION ESTE;61;RAP TREINTA Y TRES;PRIMER NIVEL;POLICLINICA;35971002;S-D;SI;NO;NO;NO;NO;S-D;S-D;S-D;S-D;S-D;NO;NO;NC;NO;NO;NO;NO;NO;NO;NO;NO;NO;NO;NO;NO;NO;N-C;N-C;NO;NO;NO;NO;NO;S-D;SI;NO;NO;NO;NO;NO;NO;NO;NO;NO;-33.44899516;-54.5369977;POINT (-54.5369977 -33.44899516)
926;2.16.858.0.0.2.1.1.5981922001104002045;POLICLINICA SEGURO DE SALUD;POL. SEGURO DE SALUD;NO;ESTE;TREINTA Y TRES;TREINTA Y TRES;URBANA;19;220;1;104;2;1922001104002045;19045;743773.01;6319220.6;-33.23849897,-54.38375610;RINCON;1181;MANUEL ORIBE;44522585;4;ESTE;REGION ESTE;61;RAP TREINTA Y TRES;PRIMER NIVEL;POLICLINICA;35971002;INTENDENCIA;SI;NO;SI;NO;NO;S-D;S-D;S-D;S-D;S-D;NO;NO;NC;NO;NO;NO;NO;NO;NO;NO;NO;NO;NO;NO;NO;NO;N-C;N-C;NO;NO;NO;NO;NO;S-D;NO;NO;NO;NO;NO;NO;NO;NO;NO;NO;-33.23849897;-54.3837561;POINT (-54.3837561 -33.23849897)
927;2.16.858.0.0.2.1.1.5981922001104009046;POLICLINICA BARRIO ARTIGAS;POL. BARRIO ARTIGAS;NO;ESTE;TREINTA Y TRES;TREINTA Y TRES;URBANA;19;220;1;104;9;1922001104009046;19046;743767.55;6319113.56;-33.23946473,-54.38378594;SARANDI;S-D;MANUEL ORIBE;44526973;4;ESTE;REGION ESTE;61;RAP TREINTA Y TRES;PRIMER NIVEL;POLICLINICA;35971002;S-D;SI;SI;SI;NO;NO;NO;NO;SI;NO;NO;NO;NO;NC;NO;NO;NO;NO;NO;NO;NO;NO;NO;NO;NO;NO;NO;N-C;N-C;NO;NO;NO;NO;NO;S-D;NO;NO;NO;NO;NO;NO;NO;NO;NO;NO;-33.23946473;-54.38378594;POINT (-54.38378594 -33.23946473)
931;2.16.858.0.0.2.1.1.5981512001004005054;CENTRO DE PREMATUROS;CENTRO DE PREMATUROS;NO;NORTE;SALTO;SALTO;URBANA;15;120;1;4;5;1512001004005054;15054;408554.556;6526623.581;-31.391367476795953, -57.96181410805655;18 DE JULIO;286;JOSE PEDRO VARELA;47341368;1;NORTE;REGION NORTE;84;RAP SALTO;PRIMER NIVEL;POLICLINICA;35971002;S-D;SI;SI;SI;SI;NO;NO;NO;NO;SI;NO;NO;NO;NC;NO;NO;NO;NO;NO;NO;NO;NO;NO;NO;NO;NO;NO;N-C;N-C;NO;NO;NO;NO;SI;S-D;NO;NO;NO;NO;NO;NO;NO;NO;NO;NO;-31.391367476796;-57.9618141080566;POINT (-57.96181410805655 -31.391367476795953)
932;2.16.858.0.0.2.1.1.5981390006006001040;POLICLINICA VILLA INDART;POL. VILLA INDART;NO;NORTE;RIVERA;RURAL;URBANA;13;900;6;6;1;1390006006001040;13042;683803.04;6532083.11;-31.33117377,-55.06813685;CNO. DEL MEDIO   KM;24;ESCUELA  N.? 65;S-D;1;NORTE;REGION NORTE;46;RAP RIVERA;PRIMER NIVEL;POLICLINICA;35971002;S-D;SI;NO;SI;NO;NO;NO;NO;SI;NO;NO;NO;NO;NC;NO;NO;NO;NO;NO;NO;NO;NO;NO;NO;NO;NO;NO;N-C;N-C;NO;NO;NO;NO;NO;S-D;NO;SI;NO;NO;NO;NO;NO;NO;NO;NO;-31.33117377;-55.06813685;POINT (-55.06813685 -31.33117377)
933;2.16.858.0.0.2.1.1.5981390004102007040;POLICLINICA CAPON ALTO;POL. CAPON ALTO;NO;NORTE;RIVERA;RURAL;URBANA;13;900;4;102;7;1390004102007040;13043;663628.31;6547600.08;-31.19424565,-55.28263426;RUTA N.? 27;38;ESCUELA N.? 90;S-D;1;NORTE;REGION NORTE;46;RAP RIVERA;PRIMER NIVEL;POLICLINICA;35971002;S-D;SI;NO;SI;NO;NO;SI;NO;SI;NO;NO;NO;NO;NC;NO;NO;NO;NO;NO;NO;NO;NO;NO;NO;NO;NO;NO;N-C;N-C;NO;NO;NO;NO;NO;S-D;NO;SI;NO;NO;NO;NO;NO;NO;NO;NO;-31.19424565;-55.28263426;POINT (-55.28263426 -31.19424565)
934;2.16.858.0.0.2.1.1.5981390004102600040;POLICLINICA PASO ATAQUES;POL. PASO ATAQUES;NO;NORTE;RIVERA;RURAL;URBANA;13;900;4;102;600;1390004102600040;13044;656477.29;6545979.91;-31.20983794,-55.35740873;RUTA N.? 28;38;ESCUELA N.? 72;S-D;1;NORTE;REGION NORTE;46;RAP RIVERA;PRIMER NIVEL;POLICLINICA;35971002;S-D;SI;SI;SI;SI;NO;SI;NO;SI;SI;NO;NO;NO;NC;NO;NO;NO;NO;NO;NO;NO;NO;NO;NO;NO;NO;NO;N-C;N-C;NO;NO;NO;NO;NO;S-D;NO;SI;NO;NO;NO;NO;NO;NO;NO;NO;-31.20983794;-55.35740873;POINT (-55.35740873 -31.20983794)
935;2.16.858.0.0.2.1.1.5981390002002005040;POLICLINICA ESTACION ATAQUES;POL. ESTACION ATAQUES;NO;NORTE;RIVERA;RURAL;URBANA;13;900;2;2;5;1390002002005040;13045;630179.2;6555100.29;-31.13079705,-55.63457566;RUTA N.? 5 KM;472;ESCUELA  N.? 21;S-D;1;NORTE;REGION NORTE;46;RAP RIVERA;PRIMER NIVEL;POLICLINICA;35971002;S-D;SI;NO;SI;NO;NO;S-D;S-D;S-D;S-D;S-D;NO;NO;NC;NO;NO;NO;NO;NO;NO;NO;NO;NO;NO;NO;NO;NO;N-C;N-C;NO;NO;NO;NO;NO;S-D;NO;SI;NO;NO;NO;NO;NO;NO;NO;NO;-31.13079705;-55.63457566;POINT (-55.63457566 -31.13079705)
937;2.16.858.0.0.2.1.1.5980922001007005029;POLICLINICA POLICIAL;POL. POLICIAL;NO;ESTE;LAVALLEJA;MINAS;URBANA;9;220;1;7;5;922001007005029;9029;661577.15;6194898.38;-34.37469200,-55.24268858;JUAN FARINA;S-D;FRANKLIN  ROOSEVELT;S-D;4;ESTE;REGION ESTE;42;RAP LAVALLEJA;PRIMER NIVEL;POLICLINICA;35971002;S-D;SI;SI;SI;SI;NO;SI;NO;SI;SI;NO;NO;NO;NC;S-D;NO;NO;NO;NO;NO;NO;NO;NO;NO;NO;NO;NO;N-C;N-C;NO;NO;NO;NO;NO;S-D;NO;SI;NO;NO;NO;NO;NO;NO;NO;NO;-34.374692;-55.24268858;POINT (-55.24268858 -34.374692)
938;2.16.858.0.0.2.1.1.5980922001014608027;POLICLINICA COMPLEJO LAS DELICIAS;POL. COMPLEJO LAS DELICIAS;NO;ESTE;LAVALLEJA;MINAS;URBANA;9;220;1;14;608;922001014608027;9027;663648.07;6195916.3;-34.36519105,-55.22036895;CNO. PASO DE LAS PIEDRAS;S-D;RUTA 8;44426794;4;ESTE;REGION ESTE;42;RAP LAVALLEJA;PRIMER NIVEL;POLICLINICA;35971002;S-D;SI;SI;SI;SI;NO;NO;SI;NO;SI;NO;NO;NO;NC;S-D;NO;NO;NO;NO;NO;NO;NO;NO;NO;NO;NO;NO;N-C;N-C;NO;NO;NO;NO;NO;S-D;NO;NO;NO;NO;NO;NO;NO;NO;NO;NO;-34.36519105;-55.22036895;POINT (-55.22036895 -34.36519105)
939;2.16.858.0.0.2.1.1.5980102013037027053;POLICLINICA PASO DE LA ARENA;POL. PASO DE LA ARENA;NO;SUR;MONTEVIDEO;MONTEVIDEO;URBANA;1;20;13;37;27;102013037027053;1153;566452.8;6144758.08;-34.83730584,-56.27320577;CNO. TOMKINSON;2459;ALFREDO MORENO;23147109;2;SUR;REGION SUR;2;RAP METROPOLITANA;PRIMER NIVEL;POLICLINICA;35971002;INTENDENCIA;SI;SI;SI;SI;NO;SI;SI;SI;SI;SI;NO;NO;NC;S-D;NO;NO;NO;NO;NO;NO;NO;NO;NO;NO;NO;NO;N-C;N-C;NO;NO;SI;SI;NO;SI;SI;SI;NO;NO;NO;NO;NO;NO;NO;NO;-34.83730584;-56.27320577;POINT (-56.27320577 -34.83730584)
940;2.16.858.0.0.2.1.1.5980322104017007111;CENTRO AUXILIAR MARIO PAREJA;CENTRO AUXILIAR MARIO PAREJA;NO;SUR;CANELONES;LAS PIEDRAS;URBANA;3;221;4;17;7;322104017007111;3111;571692.39;6157014.37;-34.72643598,-56.21695002;LAVALLEJA;585;AVENIDA ARTIGAS;23656267 - 23650052;2;SUR;REGION SUR;57;RAP CANELONES;PRIMER NIVEL;CENTRO DE SALUD;264361005;ASSE;SI;SI;SI;SI;NO;SI;SI;SI;SI;SI;SI;NO;NC;S-D;NO;NO;SI;NO;NO;NO;NO;NO;NO;NO;NO;NO;SI;N-C;NO;NO;NO;NO;NO;S-D;SI;NO;NO;NO;NO;NO;NO;NO;NO;SI;-34.72643598;-56.21695002;POINT (-56.21695002 -34.72643598)
941;2.16.858.0.0.2.1.1.5981832110006006090;CENTRO DE SALUD PASO DE LOS TOROS;C.S. PASO DE LOS TOROS;NO;NORTE;TACUAREMBÓ;PASO DE LOS TOROS;URBANA;18;321;10;6;6;1832110006006090;18090;546726.55;6369168.87;-32.81448305,-56.50084519;DR. VICTOR ALVAREZ MENENDEZ;155;EMILIA GRASSI;46643507;1;NORTE;REGION NORTE;55;RAP TACUAREMBÓ;PRIMER NIVEL;CENTRO DE SALUD;264361005;ASSE;SI;SI;SI;SI;NO;SI;SI;SI;SI;SI;NO;NO;NC;S-D;NO;NO;NO;NO;NO;NO;NO;NO;NO;NO;NO;NO;N-C;N-C;NO;NO;NO;NO;NO;S-D;NO;NO;NO;NO;NO;NO;NO;NO;NO;SI;-32.81448305;-56.50084519;POINT (-56.50084519 -32.81448305)
942;2.16.858.0.0.2.1.1.5980102011008006154;POLICLINICA REPUBLICA DE CHILE;POL. REPUBLICA DE CHILE;NO;SUR;MONTEVIDEO;MONTEVIDEO;URBANA;1;20;11;8;6;102011008006154;1154;577327.84;6143732.22;-34.84578700,-56.15418157;BAGE;3790;GRAL. FLORES;25149749 - 22220460;2;SUR;REGION SUR;2;RAP METROPOLITANA;PRIMER NIVEL;POLICLINICA;35971002;NO PERTENECE A ASSE;SI;SI;SI;SI;NO;NO;SI;SI;SI;NO;NO;NO;NC;S-D;NO;NO;NO;NO;NO;NO;NO;NO;NO;NO;NO;NO;N-C;N-C;NO;NO;NO;NO;NO;NO;NO;NO;NO;NO;NO;NO;NO;NO;NO;NO;-34.845787;-56.15418157;POINT (-56.15418157 -34.845787)
943;2.16.858.0.0.2.1.1.5980102017114600155;POLICLINICA ACCION PROMOCIONAL 18 DE JULIO;POL. ACCION PROMOCIONAL 18 DE JULIO;NO;SUR;MONTEVIDEO;MONTEVIDEO;URBANA;1;20;17;114;600;102017114600155;1155;576874.93;6143232.88;-34.85032371,-56.15908928;CHIMBORAZO;3266;GRAL. FLORES;22161968;2;SUR;REGION SUR;2;RAP METROPOLITANA;PRIMER NIVEL;POLICLINICA;35971002;NO PERTENECE A ASSE;SI;SI;SI;SI;NO;NO;SI;NO;SI;NO;NO;NO;NC;S-D;NO;NO;NO;NO;NO;NO;NO;NO;NO;NO;NO;NO;N-C;N-C;NO;NO;NO;NO;NO;NO;NO;NO;NO;NO;NO;NO;NO;NO;NO;NO;-34.85032371;-56.15908928;POINT (-56.15908928 -34.85032371)
944;2.16.858.0.0.2.1.1.5980102021122050156;POLICLINICA LAVALLEJA;POL. LAVALLEJA;NO;SUR;MONTEVIDEO;MONTEVIDEO;URBANA;1;20;21;122;50;102021122050156;1156;573230.03;6144642.25;-34.83788485,-56.19907921;SORIA;1243;ARANGUA;23579527;2;SUR;REGION SUR;2;RAP METROPOLITANA;PRIMER NIVEL;POLICLINICA;35971002;INTENDENCIA;SI;SI;SI;SI;NO;SI;NO;SI;SI;NO;NO;NO;NC;S-D;NO;NO;NO;NO;NO;NO;NO;NO;NO;NO;NO;NO;N-C;N-C;NO;NO;NO;NO;NO;NO;NO;NO;NO;NO;NO;NO;NO;NO;NO;NO;-34.83788485;-56.19907921;POINT (-56.19907921 -34.83788485)
945;2.16.858.0.0.2.1.1.5980100000000000157;POLICLINICO MOVIL_UCC;POLICLINICO MOVIL UCC;NO;SUR;MONTEVIDEO;MONTEVIDEO;URBANA;1;20;15;1;7;100000000000157;1157;574892.38;6137897.99;-34.89857485,-56.18029637;CERRO LARGO;1726;TRISTAN NARVAJA;24009456;2;SUR;REGION SUR;2;RAP METROPOLITANA;PRIMER NIVEL;POLICLINICA;35971002;N-C;SI;NO;NO;NO;NO;SI;SI;SI;NO;SI;NO;NO;NC;S-D;NO;NO;NO;NO;NO;NO;NO;NO;NO;NO;NO;NO;N-C;N-C;NO;NO;NO;NO;NO;NO;NO;S-D;NO;NO;NO;NO;NO;NO;NO;NO;-34.89857485;-56.18029637;POINT (-56.18029637 -34.89857485)
946;2.16.858.0.0.2.1.1.5980102005205601158;POLICLINICA BARRIO SUR;POL. BARRIO SUR;NO;SUR;MONTEVIDEO;MONTEVIDEO;URBANA;1;20;5;205;601;102005205601158;1158;574172.41;6136402.45;-34.91211255,-56.18804305;CARLOS VIANA;991;GONZALO RAMIREZ;29085036;2;SUR;REGION SUR;2;RAP METROPOLITANA;PRIMER NIVEL;POLICLINICA;35971002;INTENDENCIA;SI;SI;SI;SI;NO;SI;SI;SI;NO;SI;NO;NO;NC;S-D;NO;NO;NO;NO;NO;NO;NO;NO;NO;NO;NO;NO;N-C;N-C;NO;NO;NO;NO;NO;NO;SI;S-D;NO;NO;NO;NO;NO;NO;NO;NO;-34.91211255;-56.18804305;POINT (-56.18804305 -34.91211255)
947;2.16.858.0.0.2.1.1.5980102024318019159;POLICLINICA BUCEO;POL. BUCEO;NO;SUR;MONTEVIDEO;MONTEVIDEO;URBANA;1;20;24;318;19;102024318019159;1159;579321.53;6137950.99;-34.89776043,-56.13182882;JOSE E. MICHELENA;3906;SANTIAGO RIVAS;26224084;2;SUR;REGION SUR;2;RAP METROPOLITANA;PRIMER NIVEL;POLICLINICA;35971002;INTENDENCIA;SI;SI;SI;SI;NO;SI;NO;SI;SI;NO;NO;NO;NC;S-D;NO;NO;NO;NO;NO;NO;NO;NO;NO;NO;NO;NO;N-C;N-C;NO;NO;NO;NO;NO;NO;SI;S-D;NO;NO;NO;NO;NO;NO;NO;NO;-34.89776043;-56.13182882;POINT (-56.13182882 -34.89776043)
948;2.16.858.0.0.2.1.1.5980102012127009160;POLICLINICA CROTTOGINI;POL. CROTTOGINI;NO;SUR;MONTEVIDEO;MONTEVIDEO;URBANA;1;20;12;127;9;102012127009160;1160;574595.108;6140367.494;-34.87633,-56.18377;MARSELLA;2738;COLORADO;22005214;2;SUR;REGION SUR;2;RAP METROPOLITANA;PRIMER NIVEL;POLICLINICA;35971002;INTENDENCIA;SI;SI;SI;SI;NO;SI;SI;SI;SI;NO;NO;NO;NC;S-D;NO;NO;NO;NO;NO;NO;NO;NO;NO;NO;NO;NO;N-C;N-C;NO;NO;NO;NO;NO;NO;SI;S-D;NO;NO;NO;NO;NO;NO;NO;NO;-34.87633;-56.18377;POINT (-56.18377 -34.87633)
949;2.16.858.0.0.2.1.1.5980102022125013161;POLICLINICA DRA. IRMA GENTILE;POL IRMA GENTILE;NO;SUR;MONTEVIDEO;MONTEVIDEO;URBANA;1;20;22;125;13;102022125013161;1161;576524.53;6140875.85;-34.87160279,-56.16270646;ALTAMIRANO;S/N;LUIS ALBERTO DE HERRERA;24864439;2;SUR;REGION SUR;2;RAP METROPOLITANA;PRIMER NIVEL;POLICLINICA;35971002;INTENDENCIA;SI;SI;SI;SI;NO;SI;SI;SI;SI;SI;NO;SI;LUNES;S-D;NO;NO;NO;NO;NO;NO;NO;NO;NO;NO;NO;NO;N-C;N-C;NO;NO;NO;NO;NO;NO;NO;S-D;NO;NO;NO;NO;NO;NO;NO;NO;-34.87160279;-56.16270646;POINT (-56.16270646 -34.87160279)
950;2.16.858.0.0.2.1.1.5980102015204006162;POLICLINICA LUISA TIRAPARE;POL. LUISA TIRAPARE;NO;SUR;MONTEVIDEO;MONTEVIDEO;URBANA;1;20;15;204;6;102015204006162;1162;575250.855;6137862.316;-34.89887,-56.17637;URUGUAY;1936;ARENAL GRANDE;24006436;2;SUR;REGION SUR;2;RAP METROPOLITANA;PRIMER NIVEL;POLICLINICA;35971002;INTENDENCIA;SI;SI;SI;SI;NO;SI;NO;SI;SI;SI;NO;NO;NC;S-D;NO;NO;NO;NO;NO;NO;NO;NO;NO;NO;NO;NO;N-C;N-C;NO;NO;NO;NO;NO;NO;NO;SI;NO;NO;NO;NO;NO;NO;NO;NO;-34.89887;-56.17637;POINT (-56.17637 -34.89887)
951;2.16.858.0.0.2.1.1.5980102010328040163;POLICLINICA INVE 16;POL. INVE 16;NO;SUR;MONTEVIDEO;MONTEVIDEO;URBANA;1;20;10;328;40;102010328040163;1163;581164.952;6139860.223;-34.88040,-56.11184;HIPOLITO IRIGOYEN;2069;IGUA;25251542;2;SUR;REGION SUR;2;RAP METROPOLITANA;PRIMER NIVEL;POLICLINICA;35971002;INTENDENCIA;SI;SI;SI;SI;NO;SI;NO;SI;SI;NO;NO;NO;NC;S-D;NO;NO;NO;NO;NO;NO;NO;NO;NO;NO;NO;NO;N-C;N-C;NO;NO;NO;NO;NO;NO;SI;S-D;NO;NO;NO;NO;NO;NO;NO;NO;-34.8804;-56.11184;POINT (-56.11184 -34.8804)
952;2.16.858.0.0.2.1.1.5980102010338030164;POLICLINICA ODONTOLOGICA J. P. VARELA;POL. ODONTOLOGICO J. P. VARELA;NO;SUR;MONTEVIDEO;MONTEVIDEO;URBANA;1;20;10;338;30;102010338030164;1164;582691.355;6140275.777;-34.87653,-56.09518;CALLE 1;2551;CALLE 4;25225297;2;SUR;REGION SUR;2;RAP METROPOLITANA;PRIMER NIVEL;POLICLINICA;35971002;INTENDENCIA;SI;NO;SI;NO;NO;NC;NC;NC;NC;NC;NO;NO;NC;S-D;NO;NO;NO;NO;NO;NO;NO;NO;NO;NO;NO;NO;N-C;N-C;NO;NO;NO;NO;NO;NO;NO;S-D;NO;NO;NO;NO;NO;NO;NO;NO;-34.87653;-56.09518;POINT (-56.09518 -34.87653)
953;2.16.858.0.0.2.1.1.5980102099064001165;POLICLINICA ODONTOLOGICA FRANCISCO PUCCI;POL. ODONTOLOGICO FRANCISCO PUCCI;NO;SUR;MONTEVIDEO;MONTEVIDEO;URBANA;1;20;99;64;1;102099064001165;1165;581466.865;6141230.575;-34.86802,-56.10867;EMILIO RAVIGNANI;2609;FELIPE CARDOZO;25256822;2;SUR;REGION SUR;2;RAP METROPOLITANA;PRIMER NIVEL;POLICLINICA;35971002;INTENDENCIA;SI;SI;SI;SI;NO;NO;NO;SI;SI;SI;NO;NO;NC;S-D;NO;NO;NO;NO;NO;NO;NO;NO;NO;NO;NO;NO;N-C;N-C;NO;NO;NO;NO;NO;NO;NO;S-D;NO;NO;NO;NO;NO;NO;NO;NO;-34.86802;-56.10867;POINT (-56.10867 -34.86802)
954;2.16.858.0.0.2.1.1.5980102020230005166;POLICLINICA AQUILES LANZA;POL. AQUILES LANZA;NO;SUR;MONTEVIDEO;MONTEVIDEO;URBANA;1;20;20;230;5;102020230005166;1166;570295.038;6143964.849;-34.84420,-56.23112;IQUIQUE;820;ARICA;23079321;2;SUR;REGION SUR;2;RAP METROPOLITANA;PRIMER NIVEL;POLICLINICA;35971002;INTENDENCIA;SI;SI;SI;SI;NO;NO;NO;SI;SI;SI;NO;NO;NC;S-D;NO;NO;NO;NO;NO;NO;NO;NO;NO;NO;NO;NO;N-C;N-C;NO;NO;NO;NO;NO;NO;SI;SI;NO;NO;NO;NO;NO;NO;NO;NO;-34.8442;-56.23112;POINT (-56.23112 -34.8442)
955;2.16.858.0.0.2.1.1.5980102013050017167;POLICLINICA CASABO;POL. CASABO;NO;SUR;MONTEVIDEO;MONTEVIDEO;URBANA;1;20;13;50;17;102013050017167;1167;566683.57;6139331.696;-34.88622,-56.27025;CAMERUN;S/N;CONT. CHARCAS;23110778;2;SUR;REGION SUR;2;RAP METROPOLITANA;PRIMER NIVEL;POLICLINICA;35971002;INTENDENCIA;SI;SI;SI;SI;NO;SI;SI;SI;SI;NO;NO;NO;NC;S-D;NO;NO;NO;NO;NO;NO;NO;NO;NO;NO;NO;NO;N-C;N-C;NO;NO;NO;NO;NO;NO;SI;S-D;NO;NO;NO;NO;NO;NO;NO;NO;-34.88622;-56.27025;POINT (-56.27025 -34.88622)
956;2.16.858.0.0.2.1.1.5980102013132600168;POLICLINICA LA PALOMA;POL. LA PALOMA;NO;SUR;MONTEVIDEO;MONTEVIDEO;URBANA;1;20;13;132;600;102013132600168;1168;567433.244;6141235.957;-34.86900,-56.26220;CNO. DE LAS TROPAS;4556;CNO. LA PALOMA;23112301;2;SUR;REGION SUR;2;RAP METROPOLITANA;PRIMER NIVEL;POLICLINICA;35971002;INTENDENCIA;SI;SI;SI;SI;NO;SI;SI;SI;SI;NO;NO;NO;NC;S-D;NO;NO;NO;NO;NO;NO;NO;NO;NO;NO;NO;NO;N-C;N-C;NO;NO;NO;NO;NO;NO;NO;S-D;NO;NO;NO;NO;NO;NO;NO;NO;-34.869;-56.2622;POINT (-56.2622 -34.869)
957;2.16.858.0.0.2.1.1.5980102020008007169;POLICLINICA LA TEJA;POL. LA TEJA;NO;SUR;MONTEVIDEO;MONTEVIDEO;URBANA;1;20;20;8;7;102020008007169;1169;569843.246;6141550.608;-34.86600,-56.23586;CARLOS M. RAMIREZ;881;JOSE CASTRO;23052801;2;SUR;REGION SUR;2;RAP METROPOLITANA;PRIMER NIVEL;POLICLINICA;35971002;INTENDENCIA;SI;SI;SI;SI;NO;SI;SI;SI;SI;SI;NO;NO;NC;S-D;NO;NO;NO;NO;NO;NO;NO;NO;NO;NO;NO;NO;N-C;N-C;NO;NO;NO;NO;NO;NO;SI;S-D;NO;NO;NO;NO;NO;NO;NO;NO;-34.866;-56.23586;POINT (-56.23586 -34.866)
958;2.16.858.0.0.2.1.1.5980102020034006170;POLICLINICA PARQUE BELLAN;POL. PARQUE BELLAN;NO;SUR;MONTEVIDEO;MONTEVIDEO;URBANA;1;20;20;34;6;102020034006170;1170;571204.345;6142612.57;-34.85633,-56.22106;AGRACIADA;4241;PARQUE BELLAN;23086580;2;SUR;REGION SUR;2;RAP METROPOLITANA;PRIMER NIVEL;POLICLINICA;35971002;INTENDENCIA;SI;SI;SI;SI;NO;SI;SI;SI;SI;NO;NO;NO;NC;S-D;NO;NO;NO;NO;NO;NO;NO;NO;NO;NO;NO;NO;N-C;N-C;NO;NO;NO;NO;NO;NO;NO;S-D;NO;NO;NO;NO;NO;NO;NO;NO;-34.85633;-56.22106;POINT (-56.22106 -34.85633)
959;2.16.858.0.0.2.1.1.5980102013033600171;POLICLINICA ODONTOLOGICA YANO RODRIGUEZ;POL. ODONTOLOGICO YANO RODRIGUEZ;NO;SUR;MONTEVIDEO;MONTEVIDEO;URBANA;1;20;13;33;600;102013033600171;1171;568450.509;6140982.205;-34.87122,-56.25105;HAITI;1606;SANTIN C. ROSSI;23157747;2;SUR;REGION SUR;2;RAP METROPOLITANA;PRIMER NIVEL;POLICLINICA;35971002;INTENDENCIA;SI;NO;SI;NO;NO;NO;NO;SI;SI;SI;NO;SI;LUNES Y JUEVES;S-D;NO;NO;NO;NO;NO;NO;NO;NO;NO;NO;NO;NO;N-C;N-C;NO;NO;NO;NO;NO;NO;NO;S-D;NO;NO;NO;NO;NO;NO;NO;NO;-34.87122;-56.25105;POINT (-56.25105 -34.87122)
960;2.16.858.0.0.2.1.1.5981232001016600027;POLICLINICA MATTO GROSSO;POL. MATTO GROSSO;NO;OESTE;RÍO NEGRO;FRAY BENTOS;URBANA;12;320;1;16;600;1232001016600027;12027;377774.65;6334040.08;-33.12546502,-58.31021206;CNO. JOSE BATLLE Y ORDONEZ;S/N;ROGER BALET;S-D;3;OESTE;REGION OESTE;82;RAP RÍO NEGRO;PRIMER NIVEL;POLICLINICA;35971002;S-D;SI;SI;SI;NO;NO;SI;NO;NO;SI;SI;NO;NO;NC;NO;NO;NO;NO;NO;NO;NO;NO;NO;NO;NO;NO;NO;N-C;N-C;NO;NO;NO;NO;NO;S-D;NO;S-D;NO;NO;NO;NO;NO;NO;NO;NO;-33.12546502;-58.31021206;POINT (-58.31021206 -33.12546502)
961;2.16.858.0.0.2.1.1.5980922001005003030;CENTRO DE SALUD 18 DE JULIO;C. S. 18 DE JULIO;NO;ESTE;LAVALLEJA;MINAS;URBANA;9;220;1;5;3;922001005003030;9030;662018.31;6194741.67;-34.37603567,-55.23786292;18 DE JULIO;668;DOMINGO PEREZ;44435409;4;ESTE;REGION ESTE;42;RAP LAVALLEJA;PRIMER NIVEL;CENTRO DE SALUD;264361005;ASSE;SI;SI;SI;SI;NO;SI;NO;NO;SI;SI;NO;S-D;S-D;S-D;NO;NO;NO;NO;NO;NO;NO;NO;NO;NO;NO;NO;N-C;N-C;NO;NO;S-D;S-D;NO;S-D;SI;S-D;NO;NO;NO;NO;NO;NO;NO;SI;-34.37603567;-55.23786292;POINT (-55.23786292 -34.37603567)
962;2.16.858.0.0.2.1.1.5980732001013007015;POLICLINICA DIABETICOS;POL. DIABETICOS;NO;OESTE;FLORES;TRINIDAD;URBANA;7;320;1;13;7;732001013007015;7015;509858.907;6290769.417;-33.52261,-56.89383;BRASIL;369;GRAL. LAVALLEJA;S-D;3;OESTE;REGION OESTE;81;RAP FLORES;PRIMER NIVEL;POLICLINICA;35971002;S-D;SI;SI;SI;SI;NO;SI;SI;SI;SI;NO;NO;NO;NC;S-D;NO;NO;NO;NO;NO;NO;NO;NO;NO;NO;NO;NO;N-C;N-C;NO;NO;S-D;S-D;NO;S-D;NO;S-D;NO;NO;NO;NO;NO;NO;NO;NO;-33.52261;-56.89383;POINT (-56.89383 -33.52261)
963;2.16.858.0.0.2.9.0.7.3.1.4;POLICLINICA BERRO;INISA - POL. BERRO ;NO;SUR;CANELONES;TOLEDO;URBANA;3;N-C;N-C;N-C;N-C;N-C;N-C;591305.7;6158825.666;-34.70853922685286, -56.00294812892863;RUTA 84;N/C;CNO. LAS PIEDRITAS;22973531;2;SUR;N-C;999;#N/A;PRIMER NIVEL;POLICLINICA;35971002;INISA;N-C;NO;SI;NO;NO;NC;NC;NC;NC;NC;N-C;NO;NC;N-C;NO;NO;NO;NO;NO;NO;NO;NO;NO;NO;NO;NO;N-C;N-C;NO;NO;N-C;S-D;NO;S-D;NO;S-D;NO;NO;NO;NO;NO;NO;NO;NO;-34.7085392268529;-56.0029481289286;POINT (-56.00294812892863 -34.70853922685286)
964;2.16.858.0.0.2.9.0.7.3.1.5;POLICLINICA BELLONI;INISA - POL BELLONI;NO;SUR;MONTEVIDEO;MONTEVIDEO;URBANA;1;N-C;N-C;N-C;N-C;N-C;N-C;578633.812;6145128.189;-34.83309984115387, -56.14002906978041;JOSE BELLONI;3888;APARICIO SARAVIA;25151362;2;SUR;N-C;999;#N/A;PRIMER NIVEL;POLICLINICA;35971002;INISA;N-C;SI;SI;NO;NO;NC;NC;NC;NC;NC;N-C;NO;NC;N-C;NO;NO;NO;NO;NO;NO;NO;NO;NO;NO;NO;NO;N-C;N-C;NO;NO;N-C;S-D;NO;S-D;NO;S-D;NO;NO;NO;NO;NO;NO;NO;NO;-34.8330998411539;-56.1400290697804;POINT (-56.14002906978041 -34.83309984115387)
965;2.16.858.0.0.2.9.0.7.3.1.6;POLICLINICA CIEDD;INISA - POL. CUFRE;NO;SUR;MONTEVIDEO;MONTEVIDEO;URBANA;1;N-C;N-C;N-C;N-C;N-C;N-C;575715.72;6141159.474;-34.86910603474198, -56.17158087167648;CUFRE;N/C;PAMPILLO Y NOVAS;N-C;2;SUR;N-C;999;#N/A;PRIMER NIVEL;POLICLINICA;35971002;INISA;N-C;NO;SI;NO;NO;NC;NC;NC;NC;NC;N-C;NO;NC;N-C;NO;NO;NO;NO;NO;NO;NO;NO;NO;NO;NO;NO;N-C;N-C;NO;NO;N-C;S-D;NO;S-D;NO;S-D;NO;NO;NO;NO;NO;NO;NO;NO;-34.869106034742;-56.1715808716765;POINT (-56.17158087167648 -34.86910603474198)
966;2.16.858.0.0.2.9.0.7.3.1.7;POLICLINICA DESAFIO;INISA - POL. DESAFIO;NO;SUR;MONTEVIDEO;MONTEVIDEO;URBANA;1;N-C;N-C;N-C;N-C;N-C;N-C;576793.174;6143223.649;-34.850413153070434, -56.15998261663409;CHIMBORAZO;N/C;RIFLEROS;N-C;2;SUR;N-C;999;#N/A;PRIMER NIVEL;POLICLINICA;35971002;INISA;N-C;SI;SI;NO;NO;NC;NC;NC;NC;NC;N-C;NO;NC;N-C;NO;NO;NO;NO;NO;NO;NO;NO;NO;NO;NO;NO;N-C;N-C;NO;NO;N-C;S-D;NO;S-D;NO;S-D;NO;NO;NO;NO;NO;NO;NO;NO;-34.8504131530704;-56.1599826166341;POINT (-56.15998261663409 -34.850413153070434)
967;2.16.858.0.0.2.9.0.7.3.1.8;POLICLINICA CIAF;INISA - POL. CIAR;NO;SUR;MONTEVIDEO;MONTEVIDEO;URBANA;1;N-C;N-C;N-C;N-C;N-C;N-C;575658.553;6141080.612;-34.86982136752904, -56.17219916047343;BOULEVARD ARTIGAS;N/C;CUFRE;N-C;2;SUR;N-C;999;#N/A;PRIMER NIVEL;POLICLINICA;35971002;INISA;N-C;NO;SI;NO;NO;NC;NC;NC;NC;NC;N-C;S-D;S-D;N-C;NO;NO;NO;NO;NO;NO;NO;NO;NO;NO;NO;NO;N-C;N-C;NO;NO;N-C;S-D;NO;S-D;NO;S-D;NO;NO;NO;NO;NO;NO;NO;NO;-34.869821367529;-56.1721991604734;POINT (-56.17219916047343 -34.86982136752904)
968;2.16.858.0.0.2.9.0.7.3.1.9;POLICLINICA PROMESEM;INISA - POL. PROMESEM;NO;SUR;MONTEVIDEO;MONTEVIDEO;URBANA;1;N-C;N-C;N-C;N-C;N-C;N-C;573438.455;6139997.614;-34.87974941262697, -56.19639268251886;TAPES;1018;AGRACIADA;N-C;2;SUR;N-C;999;#N/A;PRIMER NIVEL;POLICLINICA;35971002;INISA;N-C;NO;SI;NO;NO;NC;NC;NC;NC;NC;N-C;S-D;S-D;N-C;NO;NO;NO;NO;NO;NO;NO;NO;NO;NO;NO;NO;N-C;N-C;NO;NO;N-C;S-D;NO;S-D;NO;S-D;NO;NO;NO;NO;NO;NO;NO;NO;-34.879749412627;-56.1963926825189;POINT (-56.19639268251886 -34.87974941262697)
969;2.16.858.0.0.2.1.1.5980102015107006172;CENTRO DE PROMOCION SOCIAL Y DE SALUD BPS - CORDON;BPS CORDON;NO;SUR;MONTEVIDEO;MONTEVIDEO;URBANA;1;20;15;107;6;102015107006172;1172;575603.074;6137472.35;-34.90236,-56.17248;RIVERA;2032;PABLO DE MARIA;S-D;2;SUR;REGION SUR;2;RAP METROPOLITANA;PRIMER NIVEL;POLICLINICA;35971002;BPS;N-C;SI;SI;SI;NO;SI;NO;NO;SI;SI;NO;NO;NC;N-C;NO;NO;NO;NO;NO;NO;NO;NO;NO;NO;NO;NO;N-C;N-C;NO;NO;N-C;S-D;NO;NO;NO;S-D;NO;NO;NO;NO;NO;NO;NO;NO;-34.90236;-56.17248;POINT (-56.17248 -34.90236)
970;2.16.858.0.0.2.1.1.5980102013029011173;CENTRO DE PROMOCION SOCIAL Y DE SALUD BPS - CERRO;BPS CERRO;NO;SUR;MONTEVIDEO;MONTEVIDEO;URBANA;1;20;13;29;11;102013029011173;1173;568392.31;6140532.37;-34.87528,-56.25165;JAPON;1715;GRECIA;S-D;2;SUR;REGION SUR;2;RAP METROPOLITANA;PRIMER NIVEL;POLICLINICA;35971002;BPS;N-C;SI;SI;SI;NO;SI;NO;SI;SI;SI;NO;NO;NC;N-C;NO;NO;NO;NO;NO;NO;NO;NO;NO;NO;NO;NO;N-C;N-C;NO;NO;N-C;S-D;NO;NO;SI;S-D;NO;NO;NO;NO;NO;NO;NO;NO;-34.87528;-56.25165;POINT (-56.25165 -34.87528)
971;2.16.858.0.0.2.1.1.5980102008003001174;CENTRO DE PROMOCION SOCIAL Y DE SALUD - AGUADA;BPS AGUADA;NO;SUR;MONTEVIDEO;MONTEVIDEO;URBANA;1;20;8;3;1;102008003001174;1174;574161.24;6139339.65;-34.88562956,-56.18842586;MARTIN GARCIA;S/N;MARMARAJA;S-D;2;SUR;REGION SUR;2;RAP METROPOLITANA;PRIMER NIVEL;POLICLINICA;35971002;BPS;N-C;SI;SI;SI;NO;SI;NO;NO;NO;SI;NO;S-D;S-D;N-C;NO;NO;NO;NO;NO;NO;NO;NO;NO;NO;NO;NO;N-C;N-C;NO;NO;N-C;S-D;NO;NO;NO;S-D;NO;NO;NO;NO;NO;NO;NO;NO;-34.88562956;-56.18842586;POINT (-56.18842586 -34.88562956)
977;2.16.858.0.0.2.1.1.5980993204201608030;POLICLINICA GAETAN;;NO;ESTE;LAVALLEJA;GAETAN;RURAL;9;932;4;201;608;993204201608030;9030;640162.396;6222565.455;-34.128386,-55.480010;RUTA 40;S/N;CNO. VECINAL;S-D;4;ESTE;REGION ESTE;42;RAP LAVALLEJA;PRIMER NIVEL;POLICLINICA;35971002;S-D;SI;SI;SI;SI;NO;NO;NO;SI;NO;NO;NO;S-D;S-D;S-D;NO;NO;NO;NO;NO;NO;NO;NO;NO;NO;NO;NO;N-C;N-C;NO;NO;S-D;S-D;NO;S-D;NO;S-D;NO;NO;NO;NO;NO;NO;NO;NO;-34.128386;-55.48001;POINT (-55.48001 -34.128386)
978;2.16.858.0.0.2.1.1.5980990006001002031;POLICLINICA BARRIGA NEGRA;;NO;ESTE;LAVALLEJA;RURAL;RURAL;9;900;6;1;2;990006001002031;9031;678890.96;6240358.64;-33.96208856,-55.06385634;CAMINO VECINAL;S/N;AGREMIACION FRANCISCO A. CAL;S-D;4;ESTE;REGION ESTE;42;RAP LAVALLEJA;PRIMER NIVEL;POLICLINICA;35971002;S-D;SI;SI;SI;SI;NO;NO;NO;SI;NO;NO;NO;S-D;S-D;S-D;NO;NO;NO;NO;NO;NO;NO;NO;NO;NO;NO;NO;N-C;N-C;NO;NO;S-D;S-D;NO;S-D;NO;S-D;NO;NO;NO;NO;NO;NO;NO;NO;-33.96208856;-55.06385634;POINT (-55.06385634 -33.96208856)
979;2.16.858.0.0.2.1.1.5980993113001001032;POLICLINICA ESTACION SOLIS;;NO;ESTE;LAVALLEJA;ESTACION SOLIS;RURAL;9;931;13;1;1;993113001001032;9032;642686.312;6195996.822;-34.367567,-55.448257;CAMINO DE LAS PORTERAS;S/N;INE 501;S-D;4;ESTE;REGION ESTE;42;RAP LAVALLEJA;PRIMER NIVEL;POLICLINICA;35971002;S-D;SI;SI;SI;SI;NO;NO;NO;SI;NO;NO;NO;S-D;S-D;S-D;NO;NO;NO;NO;NO;NO;NO;NO;NO;NO;NO;NO;N-C;N-C;NO;NO;S-D;S-D;NO;S-D;NO;S-D;NO;NO;NO;NO;NO;NO;NO;NO;-34.367567;-55.448257;POINT (-55.448257 -34.367567)
981;2.16.858.0.0.2.1.1.5981183001019802063;POLICLINICA JARDINES DEL HIPODROMO;POL. JARDINES DEL HIPODROMO;NO;NORTE;PAYSANDÚ;SAN FELIX;URBANA;11;830;1;19;802;1183001019802063;11063;397416.61;6421637.78;-32.33744767,-58.09003456;CALLE C;S-D;MONTEVIDEO;47253033;1;NORTE;REGION NORTE;41;RAP PAYSANDÚ;PRIMER NIVEL;POLICLINICA;35971002;INTENDENCIA;SI;SI;SI;SI;NO;SI;SI;SI;SI;SI;NO;S-D;S-D;NO;NO;NO;NO;NO;NO;NO;NO;NO;NO;NO;NO;NO;N-C;N-C;NO;NO;S-D;S-D;NO;S-D;NO;S-D;NO;NO;NO;NO;NO;NO;NO;NO;-32.33744767;-58.09003456;POINT (-58.09003456 -32.33744767)
982;2.16.858.0.0.2.1.1.5981112012224026064;POLICLINICA INVE;POL. INVE;NO;NORTE;PAYSANDÚ;PAYSANDÚ;URBANA;11;120;12;224;26;1112012224026064;11064;400446.16;6423519.63;-32.32074770,-58.05765042;LIMITE ESTE;S-D;AVDA. ITALIA;47243880;1;NORTE;REGION NORTE;41;RAP PAYSANDÚ;PRIMER NIVEL;POLICLINICA;35971002;INTENDENCIA;SI;SI;SI;SI;NO;SI;SI;SI;SI;SI;NO;S-D;S-D;NO;NO;NO;NO;NO;NO;NO;NO;NO;NO;NO;NO;NO;N-C;N-C;NO;NO;S-D;S-D;NO;S-D;NO;S-D;NO;NO;NO;NO;NO;NO;NO;NO;-32.3207477;-58.05765042;POINT (-58.05765042 -32.3207477)
984;2.16.858.0.0.2.1.1.5980282807008002048;CAIF LAS ALMENDRAS;CAIF LAS ALMENDRAS;NO;NORTE;ARTIGAS;LAS PIEDRAS;URBANA;2;828;7;8;2;282807008002048;2048;443994.083;6654017.176;-30.24415,-57.58211;B32;343;A4;47794467;1;NORTE;REGION NORTE;79;RAP ARTIGAS;PRIMER NIVEL;POLICLINICA;35971002;S-D;SI;SI;SI;SI;NO;NO;NO;SI;NO;NO;NO;S-D;S-D;NO;NO;NO;NO;NO;NO;NO;NO;NO;NO;NO;NO;NO;N-C;N-C;NO;NO;NO;NO;NO;S-D;NO;NO;NO;NO;NO;NO;NO;NO;NO;NO;-30.24415;-57.58211;POINT (-57.58211 -30.24415)
985;2.16.858.0.0.2.1.1.5980190099103002175;SAI PPL UI 1: PPP;SAI PPL UI 1: PPP (PARTICIPACION PUBLICO PRIVADA);NO;SUR;MONTEVIDEO;MONTEVIDEO;URBANA;1;900;99;103;2;190099103002175;1175;583015.46;6144468.84;-34.83869675,-56.09204952;CAMINO DIONISIO;6350;CAMINO CHACARITA DE LOS PADRES;S-D;2;SUR;REGION SUR;86;SAI-PPL (U. Ejecutora);PRIMER NIVEL;POLICLINICA;35971002;S-D;NO;SI;SI;SI;NO;NO;SI;SI;NO;NO;SI;S-D;S-D;NO;SI;NO;SI;NO;NO;NO;NO;NO;NO;NO;NO;NO;N-C;SI;NO;NO;NO;SI;SI;S-D;SI;NO;NO;NO;NO;NO;NO;NO;NO;SI;-34.83869675;-56.09204952;POINT (-56.09204952 -34.83869675)
986;2.16.858.0.0.2.1.1.5980452203106045040;POLICLINICA MEVIR RIO BRANCO;POL. MEVIR RIO BRANCO;NO;ESTE;CERRO LARGO;RIO BRANCO;URBANA;4;522;3;106;45;452203106045040;4040;840820.697;6387608.357;-32.59661,-53.36904;CASIANO MONEGAL;5305;JUSTINO ZAVALA MUNIZ;46755492;4;ESTE;REGION ESTE;80;RAP CERRO LARGO;PRIMER NIVEL;POLICLINICA;35971002;S-D;SI;NO;SI;SI;NO;SI;NO;SI;NO;NO;NO;S-D;S-D;NO;NO;NO;NO;NO;NO;NO;NO;NO;NO;NO;NO;NO;N-C;N-C;NO;NO;NO;S-D;NO;S-D;NO;S-D;NO;NO;NO;NO;NO;NO;NO;NO;-32.59661;-53.36904;POINT (-53.36904 -32.59661)
987;2.16.858.0.0.2.1.1.5980102013014010176;POLICLINICA TITO BORJA;POLICLINICA TITO BORJA;NO;SUR;MONTEVIDEO;MONTEVIDEO;URBANA;1;20;13;14;10;102013014010176;1176;567334.09;6139862.69;-34.88138919,-56.26317435;GIBRALTAR;3992;BELGICA;23145457;2;SUR;REGION SUR;2;RAP METROPOLITANA;PRIMER NIVEL;POLICLINICA;35971002;CLUB SOCIAL;SI;SI;SI;SI;NO;NO;SI;NO;SI;SI;NO;S-D;S-D;NO;NO;NO;NO;NO;NO;NO;NO;NO;NO;NO;NO;NO;N-C;N-C;NO;NO;NO;S-D;NO;NO;NO;S-D;NO;NO;NO;NO;NO;NO;NO;NO;-34.88138919;-56.26317435;POINT (-56.26317435 -34.88138919)
988;2.16.858.0.0.2.1.1.5981093504001006028;POLICLINICA PUEBLO EDEN;POL.PUEBLO EDEN;NO;ESTE;MALDONADO;EL EDEN;RURAL;10;935;4;1;6;1093504001006028;10028;678176.737;6166224.265;-34.63041,-55.05625;CALANDRIA;S/N;LOS CARDENALES;S-D;4;ESTE;REGION ESTE;49;RAP MALDONADO;PRIMER NIVEL;POLICLINICA;35971002;SALON COMUNAL;SI;NO;SI;NO;NO;NO;SI;NO;NO;NO;NO;SI;SEGUN AGENDA PREESTABLECIDA Y COORDINADA CON LA COMUNIDAD;S-D;NO;NO;NO;NO;NO;NO;NO;NO;NO;NO;NO;NO;N-C;N-C;NO;NO;NO;S-D;NO;S-D;NO;S-D;NO;NO;NO;NO;NO;NO;NO;NO;-34.63041;-55.05625;POINT (-55.05625 -34.63041)
989;2.16.858.0.0.2.1.1.5981095903221020029;POLICLINICA PUNTA NEGRA;POL.PUNTA NEGRA;NO;ESTE;MALDONADO;PUNTA NEGRA;RURAL;10;959;3;221;20;1095903221020029;10029;662516.881;6138284.201;-34.88485,-55.22161;RIO DE JANEIRO;S/N;PERU;S-D;4;ESTE;REGION ESTE;49;RAP MALDONADO;PRIMER NIVEL;POLICLINICA;35971002;SALON COMUNAL;SI;NO;SI;NO;NO;NO;SI;NO;NO;NO;NO;SI;SEGUN AGENDA PREESTABLECIDA Y COORDINADA CON LA COMUNIDAD;S-D;NO;NO;NO;NO;NO;NO;NO;NO;NO;NO;NO;NO;N-C;N-C;NO;NO;NO;S-D;NO;S-D;NO;S-D;NO;NO;NO;NO;NO;NO;NO;NO;-34.88485;-55.22161;POINT (-55.22161 -34.88485)
990;2.16.858.0.0.2.1.1.5981093105013305030;POLICLINICA CERROS AZULES;POL.CERROS AZULES;NO;ESTE;MALDONADO;CERROS AZULES;RURAL;10;931;5;13;305;1093105013305030;10030;649435.268;6151797.34;-34.76505,-55.36711;TALA;S/N;LAUREL;S-D;4;ESTE;REGION ESTE;49;RAP MALDONADO;PRIMER NIVEL;POLICLINICA;35971002;SALON COMUNAL;SI;NO;SI;NO;NO;NO;SI;NO;NO;NO;NO;SI;SEGUN AGENDA PREESTABLECIDA Y COORDINADA CON LA COMUNIDAD;S-D;NO;NO;NO;NO;NO;NO;NO;NO;NO;NO;NO;NO;N-C;N-C;NO;NO;NO;S-D;NO;S-D;NO;S-D;NO;NO;NO;NO;NO;NO;NO;NO;-34.76505;-55.36711;POINT (-55.36711 -34.76505)
991;2.16.858.0.0.2.1.1.5981082505002401031;POLICLINICA ESTACION LAS FLORES;POL.ESTACION LAS FLORES;NO;ESTE;MALDONADO;LAS FLORES;RURAL;10;825;5;2;401;1082505002401031;10031;653362.624;6148816.65;-34.79133,-55.32367;RUTA 9 VIEJA;S/N;RUTA 71;S-D;4;ESTE;REGION ESTE;49;RAP MALDONADO;PRIMER NIVEL;POLICLINICA;35971002;SALON COMUNAL;SI;NO;SI;NO;NO;NO;SI;NO;NO;NO;NO;SI;SEGUN AGENDA PREESTABLECIDA Y COORDINADA CON LA COMUNIDAD;S-D;NO;NO;NO;NO;NO;NO;NO;NO;NO;NO;NO;NO;N-C;N-C;NO;NO;NO;S-D;NO;S-D;NO;S-D;NO;NO;NO;NO;NO;NO;NO;NO;-34.79133;-55.32367;POINT (-55.32367 -34.79133)
992;2.16.858.0.0.2.1.1.5981082805005701034;POLICLINICA BALNEARIO SOLIS;POL.BALNEARIOS SOLIS;NO;ESTE;MALDONADO;SOLIS;RURAL;10;828;5;5;701;1082805005701034;10034;648476.76;6147979.82;-34.79959942,-55.37691063;YATAY;S/N;CRUZ DEL SUR;S-D;4;ESTE;REGION ESTE;49;RAP MALDONADO;PRIMER NIVEL;POLICLINICA;35971002;SALON COMUNAL;SI;NO;SI;NO;NO;NO;SI;NO;NO;NO;NO;SI;SEGUN AGENDA PREESTABLECIDA Y COORDINADA CON LA COMUNIDAD;S-D;NO;NO;NO;NO;NO;NO;NO;NO;NO;NO;NO;NO;N-C;N-C;NO;NO;NO;S-D;NO;S-D;NO;S-D;NO;NO;NO;NO;NO;NO;NO;NO;-34.79959942;-55.37691063;POINT (-55.37691063 -34.79959942)
993;2.16.858.0.0.2.1.1.5981082703016013033;POLICLINICA NUEVA CARRARA;POL.NUEVA CARRARA;NO;ESTE;MALDONADO;NUEVA CARRARA;RURAL;10;827;3;16;13;1082703016013033;10033;659428.906;6156714.139;-34.71922,-55.25889;CAMINO A NUEVA CARARA;S/N;CALLE 4;44902402;4;ESTE;REGION ESTE;49;RAP MALDONADO;PRIMER NIVEL;POLICLINICA;35971002;SALON COMUNAL;SI;NO;SI;NO;NO;NO;SI;NO;NO;NO;NO;SI;SEGUN AGENDA PREESTABLECIDA Y COORDINADA CON LA COMUNIDAD;S-D;NO;NO;NO;NO;NO;NO;NO;NO;NO;NO;NO;NO;N-C;N-C;NO;NO;NO;S-D;NO;S-D;NO;S-D;NO;NO;NO;NO;NO;NO;NO;NO;-34.71922;-55.25889;POINT (-55.25889 -34.71922)
994;2.16.858.0.0.2.1.1.5981082303017012035;POLICLINICA PUEBLO GERONA;POL.GERONA;NO;ESTE;MALDONADO;GERONA;RURAL;10;823;3;17;12;1082303017012035;10035;659584.65;6151434.74;-34.76677848,-55.25618738;ARIES;S/N;DEL LUCERO;44348413;4;ESTE;REGION ESTE;49;RAP MALDONADO;PRIMER NIVEL;POLICLINICA;35971002;SALON COMUNAL;SI;NO;SI;NO;NO;NO;SI;NO;NO;NO;NO;SI;SEGUN AGENDA PREESTABLECIDA Y COORDINADA CON LA COMUNIDAD;S-D;NO;NO;NO;NO;NO;NO;NO;NO;NO;NO;NO;NO;N-C;N-C;NO;NO;NO;S-D;NO;S-D;NO;S-D;NO;NO;NO;NO;NO;NO;NO;NO;-34.76677848;-55.25618738;POINT (-55.25618738 -34.76677848)
996;2.16.858.0.0.2.1.1.5981990003304001048;POLICLINICA QUEBRADA DE LOS CUERVOS;POL. QUEBRADA DE LOS CUERVOS;NO;ESTE;TREINTA Y TRES;TREINTA Y TRES;RURAL;19;900;3;304;1;1990003304001048;19048;738785.28;6356017.44;-32.90802749,-54.44684062;RUTA 98 (CAMINO VECINAL);S-D;A 24 KM DESDE RUTA 8;S-D;4;ESTE;REGION ESTE;61;RAP TREINTA Y TRES;PRIMER NIVEL;POLICLINICA;35971002;ANEP;SI;NO;SI;NO;NO;NO;NO;SI;NO;NO;NO;NO;NC;NO;NO;NO;NO;NO;NO;NO;NO;NO;NO;NO;NO;NO;N-C;N-C;NO;NO;NO;NO;NO;S-D;NO;NO;NO;NO;NO;NO;NO;NO;NO;NO;-32.90802749;-54.44684062;POINT (-54.44684062 -32.90802749)
998;2.16.858.0.0.2.1.1.5980102012106004177;INAU ESPACIO SALUD;INAU ESPACIO SALUD;NO;SUR;MONTEVIDEO;MONTEVIDEO;URBANA;1;20;12;106;4;102012106004177;1177;575584.628;6141165.144;-34.86906,-56.17302;GENERAL FLORES;3214;BULEVAR ARTIGAS;S-D;2;SUR;REGION SUR;2;RAP METROPOLITANA;PRIMER NIVEL;CENTRO DE SALUD;264361005;INAU;SI;SI;SI;NO;NO;S-D;S-D;S-D;S-D;S-D;NO;NO;NC;SI;NO;NO;NO;NO;NO;NO;NO;NO;NO;NO;NO;NO;N-C;N-C;NO;NO;SI;SI;NO;SI;NO;S-D;NO;NO;NO;NO;NO;NO;NO;NO;-34.86906;-56.17302;POINT (-56.17302 -34.86906)
999;2.16.858.0.0.2.1.1.5980102015001009178;VICTIMAS DE TERRORISMO DE ESTADO;OAVTE;NO;SUR;MONTEVIDEO;MONTEVIDEO;URBANA;1;20;15;1;9;102015001009178;1178;575062.883;6137994.782;-34.89769,-56.17844;CERRO LARGO;1816;AVDA. FERNANDEZ CRESPO;8002773;2;SUR;REGION SUR;68;ASSE CENTRAL;PRIMER NIVEL;POLICLINICA;35971002;S-D;NO;NO;SI;NO;NO;NO;NO;SI;NO;NO;NO;S-D;S-D;S-D;NO;NO;NO;NO;NO;NO;NO;NO;NO;NO;NO;NO;NO;N-C;NO;NO;S-D;S-D;NO;S-D;NO;SI;SI;NO;NO;NO;NO;NO;NO;NO;-34.89769;-56.17844;POINT (-56.17844 -34.89769)
1001;2.16.858.0.0.2.1.1.5981190005113002066;POLICLINICA COLONIA PINTOS VIANA;;NO;NORTE;PAYSANDÚ;PAYSANDÚ;RURAL;11;900;5;113;2;1190005113002066;11066;479364.456;6427520.275;-32.289219,-57.219244;RUTA 4;S-D;ESCUELA 40;S-D;1;NORTE;REGION NORTE;41;RAP PAYSANDÚ;PRIMER NIVEL;POLICLINICA;35971002;S-D;SI;SI;SI;SI;NO;NO;NO;SI;NO;NO;NO;S-D;S-D;S-D;NO;NO;NO;NO;NO;NO;NO;NO;NO;NO;NO;NO;NO;N-C;NO;NO;S-D;S-D;NO;S-D;NO;S-D;NO;NO;NO;NO;NO;NO;NO;NO;-32.289219;-57.219244;POINT (-57.219244 -32.289219)
1002;2.16.858.0.0.2.1.1.5981190008001002067;POLICLINICA COLONIA LUIS GUTIERREZ;;NO;NORTE;PAYSANDÚ;PAYSANDÚ;RURAL;11;900;8;1;2;1190008001002067;11067;468957.147;6442446.134;-32.152972,-57.329751;CAMINO VECINAL;S-D;ESCUELA 56;S-D;1;NORTE;REGION NORTE;41;RAP PAYSANDÚ;PRIMER NIVEL;POLICLINICA;35971002;S-D;SI;NO;SI;NO;NO;S-D;S-D;S-D;S-D;S-D;NO;NO;NC;S-D;NO;NO;NO;NO;NO;NO;NO;NO;NO;NO;NO;NO;N-C;N-C;NO;NO;S-D;S-D;NO;S-D;NO;S-D;NO;NO;NO;NO;NO;NO;NO;NO;-32.152972;-57.329751;POINT (-57.329751 -32.152972)
1003;2.16.858.0.0.2.1.1.5980322104238601114;CENTRO DE SALUD 18 DE MAYO;CENTRO DE SALUD 18 DE MAYO;NO;SUR;CANELONES;LAS PIEDRAS;URBANA;3;221;4;238;601;322104238601114;3114;571862.68;6159787.357;-34.70142,-56.21533;DOCTOR ELIAS REGULES;S-D;LAS ACACIAS;S-D;2;SUR;REGION SUR;57;RAP CANELONES;PRIMER NIVEL;CENTRO DE SALUD;264361005;ASSE;SI;SI;SI;SI;NO;SI;SI;SI;SI;SI;SI;S-D;S-D;S-D;NO;SI;SI;NO;NO;NO;NO;NO;NO;NO;NO;NO;N-C;N-C;NO;NO;SI;SI;SI;S-D;SI;S-D;NO;NO;NO;NO;NO;NO;NO;NO;-34.70142;-56.21533;POINT (-56.21533 -34.70142)
1009;2.16.858.0.0.2.1.1.5981112012014015070;POLICLINICA DIRECCION;POL. DIRECCION;NO;NORTE;PAYSANDÚ;PAYSANDÚ;URBANA;11;120;12;14;15;1112012014015070;11070;397183.93;6424061.35;-32.31556636,-58.09224407;SILVAN FERNANDEZ;980;18 DE JULIO;S-D;1;NORTE;REGION NORTE;41;RAP PAYSANDÚ;PRIMER NIVEL;POLICLINICA;35971002;ASSE;SI;SI;SI;SI;NO;NO;NO;NO;SI;NO;NO;S-D;S-D;S-D;NO;NO;NO;NO;NO;NO;NO;NO;NO;NO;NO;NO;NO;N-C;NO;NO;S-D;S-D;S-D;S-D;NO;S-D;S-D;NO;NO;NO;NO;NO;NO;NO;-32.31556636;-58.09224407;POINT (-58.09224407 -32.31556636)
1010;2.16.858.0.0.2.1.1.5980222001014002049;CASA DEL DESARROLLO DE LA NINEZ ARTIGAS;CASA DE DESARROLLO DE LA NINEZ DE ARTIGAS;NO;NORTE;ARTIGAS;ARTIGAS;URBANA;2;220;1;14;2;222001014002049;2049;551492.36;6636668.54;-30.40089896,-56.46394713;TOMAS BERRETA;285;PRESIDENTE BALDOMIR;S-D;1;NORTE;DIRECCION DE SALUD NINEZ Y ADOLESCENCIA;68;ASSE CENTRAL;PRIMER NIVEL;POLICLINICA;35971002;INTENDENCIA;SI;SI;SI;SI;NO;NO;NO;NO;SI;NO;NO;NO;NC;NO;NO;NO;NO;NO;NO;NO;NO;NO;NO;NO;NO;NO;NO;N-C;NO;NO;NO;NO;NO;S-D;NO;NO;NO;NO;NO;NO;NO;NO;NO;SI;-30.40089896;-56.46394713;POINT (-56.46394713 -30.40089896)
1011;2.16.858.0.0.2.1.1.5980322104017009115;CASA DEL DESARROLLO DE LA NINEZ LAS PIEDRAS;CASA DE DESARROLLO DE LA NINEZ DE LAS PIEDRAS;NO;SUR;CANELONES;LAS PIEDRAS;URBANA;3;221;4;17;9;322104017009115;3115;571662.51;6157063.76;-34.72599271,-56.21728052;JUAN ANTONIO LAVALLEJA;568;BATLLE Y ORDONEZ;S-D;2;SUR;DIRECCION DE SALUD NINEZ Y ADOLESCENCIA;68;ASSE CENTRAL;PRIMER NIVEL;POLICLINICA;35971002;S-D;SI;SI;SI;SI;NO;NO;NO;NO;SI;NO;NO;NO;NC;NO;NO;NO;NO;NO;NO;NO;NO;NO;NO;NO;NO;NO;NO;N-C;NO;NO;NO;NO;NO;S-D;NO;NO;NO;NO;NO;NO;NO;NO;NO;NO;-34.72599271;-56.21728052;POINT (-56.21728052 -34.72599271)
1012;2.16.858.0.0.2.1.1.5981082905209600036;POLICLINICA SOLIS GRANDE;POL. SOLIS GRANDE;NO;ESTE;MALDONADO;SOLIS GRANDE;URBANA;10;829;5;209;600;1082905209600036;10036;643128.33;6157679.22;-34.71293038,-55.43700680;RUTA 20;S/N;RUTA 9;44902815;4;ESTE;REGION ESTE;49;RAP MALDONADO;PRIMER NIVEL;POLICLINICA;35971002;S-D;SI;NO;SI;NO;NO;NO;NO;NO;SI;NO;NO;NO;NC;S-D;NO;NO;NO;NO;NO;NO;NO;NO;NO;NO;NO;NO;NO;N-C;NO;NO;NO;NO;NO;S-D;NO;NO;NO;NO;NO;NO;NO;NO;NO;NO;-34.71293038;-55.4370068;POINT (-55.4370068 -34.71293038)
1013;2.16.858.0.0.2.1.1.5980922001008005034;AJUPEL;POL. ASOCIACION DE JUBILADOS Y PENSIONISTAS DE LAVALLEJA;NO;ESTE;LAVALLEJA;MINAS;URBANA;9;220;1;8;5;922001008005034;9034;661900.86;6194627.43;-34.37708374,-55.23911827;VIDAL Y FUENTES;623;FLORENCIO SANCHEZ;44424604;4;ESTE;REGION ESTE;42;RAP LAVALLEJA;PRIMER NIVEL;POLICLINICA;35971002;S-D;SI;SI;SI;SI;NO;NO;NO;NO;SI;NO;NO;NO;NC;S-D;NO;NO;NO;NO;NO;NO;NO;NO;NO;NO;NO;NO;NO;N-C;NO;NO;NO;NO;NO;S-D;NO;NO;NO;NO;NO;NO;NO;NO;NO;NO;-34.37708374;-55.23911827;POINT (-55.23911827 -34.37708374)
1014;2.16.858.0.0.2.1.1.5981922001319807050;POLICLINICA MARIA CELINA;;NO;ESTE;TREINTA Y TRES;TREINTA Y TRES;URBANA;19;220;1;319;807;1922001319807050;19050;744891.29;6321281.6;-33.21967537,-54.37232114;VAIMACA PERU;S/N;TACUABE;S-D;4;ESTE;REGION ESTE;61;RAP TREINTA Y TRES;PRIMER NIVEL;POLICLINICA;35971002;S-D;SI;NO;SI;NO;NO;S-D;S-D;S-D;S-D;S-D;NO;NO;NC;S-D;NO;NO;NO;NO;NO;NO;NO;NO;NO;NO;NO;NO;NO;N-C;NO;NO;S-D;S-D;S-D;S-D;NO;S-D;S-D;NO;NO;NO;NO;NO;NO;NO;-33.21967537;-54.37232114;POINT (-54.37232114 -33.21967537)
1015;2.16.858.0.0.2.1.1.5981432001117042032;POLICLINICA LA CUCHILLA;;NO;ESTE;ROCHA;ROCHA;URBANA;14;320;1;117;42;1432001117042032;14032;745384.34;6182805.38;-34.467156,-54.328465;SARANDI;S/N;GUARANIES;92342725;4;ESTE;REGION ESTE;44;RAP ROCHA;PRIMER NIVEL;POLICLINICA;35971002;S-D;SI;NO;NO;NO;NO;S-D;S-D;S-D;S-D;S-D;NO;NO;NC;S-D;NO;NO;NO;NO;NO;NO;NO;NO;NO;NO;NO;NO;NO;N-C;NO;NO;S-D;S-D;S-D;S-D;NO;S-D;S-D;NO;NO;NO;NO;NO;NO;NO;-34.467156;-54.328465;POINT (-54.328465 -34.467156)
1016;2.16.858.0.0.2.1.1.5981322001110003046;CASA DEL DESARROLLO DE LA NINEZ RIVERA;;NO;NORTE;RIVERA;RIVERA;URBANA;13;220;1;110;3;1322001110003046;13046;639924.08;6580828.38;-30.89759963,-55.53594360;DON PEDRO DE CEBALLOS;1193;JOAQUIN SUAREZ;S-D;1;NORTE;DIRECCION DE SALUD NINEZ Y ADOLESCENCIA;68;ASSE CENTRAL;PRIMER NIVEL;POLICLINICA;35971002;S-D;SI;SI;SI;SI;NO;NO;NO;NO;SI;NO;NO;NO;NC;NO;NO;NO;NO;NO;NO;NO;NO;NO;NO;NO;NO;NO;NO;N-C;NO;NO;S-D;S-D;S-D;S-D;NO;NO;NO;NO;NO;NO;NO;NO;NO;SI;-30.89759963;-55.5359436;POINT (-55.5359436 -30.89759963)
1018;2.16.858.0.0.2.1.1.5980622001024803041;POLICLINICA VILLA GUADALUPE;POLICLINICA VILLA GUADALUPE;NO;OESTE;DURAZNO;DURAZNO;URBANA;6;220;1;24;803;622001024803041;6041;543484.48;6307656.81;-33.36945178,-56.53255051;EL GUARDIA DE LOS DERECHOS;8753;GRAL APARICIO SARAVIA;S-D;3;OESTE;REGION OESTE;59;RAP DURAZNO;PRIMER NIVEL;POLICLINICA;35971002;S-D;SI;SI;SI;NO;NO;S-D;S-D;S-D;S-D;S-D;NO;NO;NC;S-D;NO;NO;NO;NO;NO;NO;NO;NO;NO;NO;NO;NO;NO;N-C;NO;NO;S-D;S-D;S-D;S-D;NO;S-D;S-D;NO;NO;NO;NO;NO;NO;NO;-33.36945178;-56.53255051;POINT (-56.53255051 -33.36945178)
1020;2.16.858.0.0.2.1.1.5981512001004006055;CASA DEL DESARROLLO DE LA NINEZ SALTO;POLICLINICA UNIDAD DE ATENCION TEMPRANA;NO;NORTE;SALTO;SALTO;URBANA;15;120;1;4;6;1512001004006055;15055;408592.722;6526715.228;-31.39054371, -57.96140431;FRUCTUOSO RIVERA;1110;18 DE JULIO;47378333;1;NORTE;DIRECCION DE SALUD NINEZ Y ADOLESCENCIA;68;ASSE CENTRAL;PRIMER NIVEL;POLICLINICA;35971002;S-D;SI;SI;SI;SI;NO;S-D;S-D;S-D;S-D;S-D;NO;NO;NC;S-D;NO;NO;NO;NO;NO;NO;NO;NO;NO;NO;NO;NO;NO;N-C;NO;NO;S-D;S-D;S-D;S-D;NO;S-D;S-D;NO;NO;NO;NO;NO;NO;SI;-31.39054371;-57.96140431;POINT (-57.96140431 -31.39054371)
1021;2.16.858.0.0.2.1.1.5981790013104002030;POLICLINICA CUCHILLA DEL PERDIDO;;NO;OESTE;SORIANO;CUCHILLA DEL PERDIDO;RURAL;17;900;13;104;2;1790013104002030;17030;475642.743;6268554.387;-33.72273961, -57.26290415;CUCHILLA;S/N;EL MOLINO;98107116;3;OESTE;REGION OESTE;83;RAP SORIANO;PRIMER NIVEL;POLICLINICA;35971002;S-D;SI;SI;SI;SI;NO;S-D;S-D;S-D;S-D;S-D;NO;NO;NC;S-D;NO;NO;NO;NO;NO;NO;NO;NO;NO;NO;NO;NO;NO;N-C;NO;NO;S-D;S-D;S-D;S-D;NO;S-D;S-D;NO;NO;NO;NO;NO;NO;NO;-33.72273961;-57.26290415;POINT (-57.26290415 -33.72273961)
1022;2.16.858.0.0.3.10.1.5980100000000000185;POLICLINICA MOVIL A ADELA DOMINGUEZ;;NO;SUR;MONTEVIDEO;MONTEVIDEO;MOVIL;1;0;0;0;0;100000000000185;1185;574337.678;6137097.003;-34.90583788441118, -56.186295868491506;N/C;N/C;N/C;S-D;2;SUR;N-C;999;#N/A;PRIMER NIVEL;POLICLINICA;35971002;INTENDENCIA;NO;SI;SI;SI;NO;S-D;S-D;S-D;S-D;S-D;N-C;NO;NC;S-D;NO;NO;NO;NO;NO;NO;NO;NO;NO;NO;NO;NO;NO;N-C;NO;NO;S-D;S-D;S-D;S-D;NO;S-D;S-D;NO;NO;NO;NO;NO;NO;NO;-34.9058378844112;-56.1862958684915;POINT (-56.186295868491506 -34.90583788441118)
1023;2.16.858.0.0.3.10.1.5980100000000000186;POLICLINICA MOVIL D;;NO;SUR;MONTEVIDEO;MONTEVIDEO;MOVIL;1;0;0;0;0;100000000000186;1186;574337.678;6137097.003;-34.90583788441118, -56.186295868491506;N/C;N/C;N/C;S-D;2;SUR;N-C;999;#N/A;PRIMER NIVEL;POLICLINICA;35971002;INTENDENCIA;NO;SI;SI;SI;NO;S-D;S-D;S-D;S-D;S-D;N-C;NO;NC;S-D;NO;NO;NO;NO;NO;NO;NO;NO;NO;NO;NO;NO;NO;N-C;NO;NO;S-D;S-D;S-D;S-D;NO;S-D;S-D;NO;NO;NO;NO;NO;NO;NO;-34.9058378844112;-56.1862958684915;POINT (-56.186295868491506 -34.90583788441118)
1024;2.16.858.0.0.3.10.1.5980100000000000187;POLICLINICA MOVIL F;;NO;SUR;MONTEVIDEO;MONTEVIDEO;MOVIL;1;0;0;0;0;100000000000187;1187;574337.678;6137097.003;-34.90583788441118, -56.186295868491506;N/C;N/C;N/C;S-D;2;SUR;N-C;999;#N/A;PRIMER NIVEL;POLICLINICA;35971002;INTENDENCIA;NO;SI;SI;SI;NO;S-D;S-D;S-D;S-D;S-D;N-C;NO;NC;S-D;NO;NO;NO;NO;NO;NO;NO;NO;NO;NO;NO;NO;NO;N-C;NO;NO;S-D;S-D;S-D;S-D;NO;S-D;S-D;NO;NO;NO;NO;NO;NO;NO;-34.9058378844112;-56.1862958684915;POINT (-56.186295868491506 -34.90583788441118)
1028;2.16.858.0.0.2.1.1.5980822001025001039;POLICLINICA PIEDRA ALTA;POL. CAMPEONES OLIMPICOS;NO;OESTE;FLORIDA;FLORIDA;URBANA;8;220;1;25;1;822001025001039;8039;572978.333;6225984.029;-34.10441521540673, -56.20878503206544;M. FREIRE;S/N;GUSTAVO GALLINAL;S-D;1;OESTE;REGION OESTE;58;RAP FLORIDA;PRIMER NIVEL;POLICLINICA;35971002;INTENDENCIA;SI;SI;SI;SI;NO;SI;SI;SI;SI;NO;NO;NO;NC;NO;NO;NO;NO;NO;NO;NO;NO;NO;NO;NO;NO;NO;NO;N-C;NO;NO;NO;NO;NO;NO;NO;NO;NO;NO;NO;NO;NO;NO;NO;NO;-34.1044152154067;-56.2087850320654;POINT (-56.20878503206544 -34.10441521540673)
1029;2.16.858.0.0.2.1.1.5980102013029011190;CASA DEL DESARROLLO DE LA NINEZ CERRO;;NO;SUR;MONTEVIDEO;MONTEVIDEO;URBANA;1;20;13;29;11;102013029011190;1190;568392.31;6140532.37;-34.87528,-56.25165;JAPON  ;1715;CHILE;23118067;2;SUR;DIRECCION DE SALUD NINEZ Y ADOLESCENCIA;68;ASSE CENTRAL;PRIMER NIVEL;POLICLINICA;35971002;BPS;SI;SI;SI;SI;NO;NO;NO;NO;SI;NO;NO;NO;NC;NO;NO;NO;NO;NO;NO;NO;NO;NO;NO;NO;NO;NO;NO;N-C;NO;NO;S-D;S-D;S-D;S-D;NO;NO;NO;NO;NO;NO;NO;NO;NO;NO;-34.87528;-56.25165;POINT (-56.25165 -34.87528)
1030;2.16.858.0.0.2.1.1.5980697213202601042;PUESTO DE RONDA RURAL LAS PALMAS;RONDA RURAL LAS PALMAS;NO;OESTE;DURAZNO;LAS PALMAS;RURAL;6;972;13;202;601;697213202601042;6042;647533.859;6355542.963;-32.92842799569607, -55.42203122340304;RUTA 6  KM;256;AL LADO DEL CENTRO DE DESARROLLO SOCIAL;S-D;3;OESTE;REGION OESTE;59;RAP DURAZNO;PRIMER NIVEL;POLICLINICA;35971002;S-D;SI;NO;SI;NO;NO;S-D;S-D;S-D;S-D;S-D;NO;NO;NC;S-D;NO;NO;NO;NO;NO;NO;NO;NO;NO;NO;NO;NO;NO;NO;NO;NO;S-D;S-D;S-D;S-D;NO;S-D;S-D;NO;NO;NO;NO;NO;NO;NO;-32.9284279956961;-55.422031223403;POINT (-55.42203122340304 -32.92842799569607)
1031;2.16.858.0.0.2.1.1.5980694012006002043;PUESTO DE RONDA RURAL FELICIANO;FELICIANO;NO;OESTE;DURAZNO;FELICIANO;RURAL;6;940;12;6;2;694012006002043;6043;517854.366;6328072.246;-33.18603779358977, -56.8084693449263;CONTINUACION RUTA 4;S/N;SALON MEVIR;S-D;3;OESTE;REGION OESTE;59;RAP DURAZNO;PRIMER NIVEL;POLICLINICA;35971002;S-D;SI;NO;SI;NO;NO;S-D;S-D;S-D;S-D;S-D;NO;NO;NC;S-D;NO;NO;NO;NO;NO;NO;NO;NO;NO;NO;NO;NO;NO;NO;NO;NO;S-D;S-D;S-D;S-D;NO;S-D;S-D;NO;NO;NO;NO;NO;NO;NO;-33.1860377935898;-56.8084693449263;POINT (-56.8084693449263 -33.18603779358977)
1032;2.16.858.0.0.2.1.1.5981722001026008031;POLICLINICA DEL ADULTO MAYOR;;NO;OESTE;SORIANO;MERCEDES;URBANA;17;220;1;26;8;1722001026008031;17031;404715.404;6319513.26;-33.25917947535299, -58.0229844349083;JOSE GARIBALDI;S/N;TOMAS GOMENSORO;S-D;3;OESTE;REGION OESTE;83;RAP SORIANO;PRIMER NIVEL;POLICLINICA;35971002;S-D;SI;NO;NO;SI;NO;S-D;S-D;S-D;S-D;S-D;SI;NO;NC;S-D;NO;NO;NO;NO;NO;NO;NO;NO;NO;NO;NO;NO;NO;NO;NO;NO;S-D;S-D;S-D;S-D;NO;S-D;S-D;NO;NO;NO;NO;NO;NO;NO;-33.259179475353;-58.0229844349083;POINT (-58.0229844349083 -33.25917947535299)
1034;2.16.858.0.0.2.1.1.5980690002107804044;POLICLINICA SARANDI DE CUADRA;;NO;OESTE;DURAZNO;SARANDI DE CUADRA;RURAL;6;900;2;107;804;690002107804044;6044;572757.855;6332285.875;-33.145734572312506, -56.219864689731125;RUTA 100  KM 25;S/N;MEVIR;S-D;3;OESTE;REGION OESTE;59;RAP DURAZNO;PRIMER NIVEL;POLICLINICA;35971002;S-D;SI;NO;NO;NO;NO;S-D;S-D;S-D;S-D;S-D;NO;NO;NC;S-D;NO;NO;NO;NO;NO;NO;NO;NO;NO;NO;NO;NO;NO;NO;NO;NO;S-D;S-D;S-D;S-D;NO;S-D;S-D;NO;NO;NO;NO;NO;NO;NO;-33.1457345723125;-56.2198646897311;POINT (-56.219864689731125 -33.145734572312506)
1038;2.16.858.0.0.2.1.1.5980102013029700195;HOSPITAL DEL CERRO;;NO;SUR;MONTEVIDEO;MONTEVIDEO;URBANA;1;20;13;29;700;102013029700195;1195;568328.971;6140722.616;-34.873568864338836, -56.25235851705442;SANTIN CARLOS  ROSSI;4340;PEDRO CASTELLINO;S-D;2;SUR;REGION SUR;77;HOSPITAL DEL CERRO;SEGUNDO NIVEL;HOSPITAL;22232009;S-D;NO;SI;SI;SI;NO;SI;SI;SI;SI;SI;SI;NO;NC;SI;SI;NO;SI;NO;NO;NO;NO;NO;NO;NO;SI;NO;SI;SI;SI;SI;SI;SI;NO;SI;SI;SI;SI;SI;SI;SI;SI;NO;SI;SI;-34.8735688643388;-56.2523585170544;POINT (-56.25235851705442 -34.873568864338836)
1042;2.16.858.0.0.2.1.1.5980332105001009117;CASA DEL DESARROLLO DE LA NINEZ LA PAZ;;NO;SUR;CANELONES;LA PAZ;URBANA;3;321;5;1;9;332105001009117;3117;570691.901;6152533.867;-34.76690644328139, -56.22750080123282;CESAR MAYO GUTIERREZ;48;RINCON;S-D;2;SUR;DIRECCION DE SALUD NINEZ Y ADOLESCENCIA;68;ASSE CENTRAL;PRIMER NIVEL;POLICLINICA;35971002;S-D;SI;SI;SI;SI;NO;NO;NO;NO;SI;NO;NO;NO;NC;NO;NO;NO;NO;NO;NO;NO;NO;NO;NO;NO;NO;NO;NO;N-C;NO;NO;S-D;S-D;S-D;S-D;NO;NO;NO;NO;NO;NO;NO;NO;NO;NO;-34.7669064432814;-56.2275008012328;POINT (-56.22750080123282 -34.76690644328139)
1043;2.16.858.0.0.2.1.1.5980102017010027197;POLICLINICA SANTA RITA;;NO;SUR;MONTEVIDEO;MONTEVIDEO;URBANA;1;20;17;10;27;102017010027197;1197;576929.43;6144930.36;-34.83501391,-56.15864887;ENRIQUE CASTRO;4149;APARICIO SARAVIA;S-D;2;SUR;REGION SUR;2;RAP METROPOLITANA;PRIMER NIVEL;POLICLINICA;35971002;S-D;SI;NO;NO;NO;NO;S-D;S-D;S-D;S-D;S-D;NO;NO;NC;S-D;NO;NO;NO;NO;NO;NO;NO;NO;NO;NO;NO;NO;NO;NO;NO;NO;S-D;S-D;S-D;S-D;SI;S-D;S-D;NO;NO;NO;NO;NO;NO;NO;-34.83501391;-56.15864887;POINT (-56.15864887 -34.83501391)
1044;2.16.858.0.0.2.1.1.5980422001016007041;CASA DEL DESARROLLO DE LA NINEZ MELO;;NO;ESTE;CERRO LARGO;MELO;URBANA;4;220;1;16;7;422001016007041;4041;766252.716;6414828.38;-32.37181251689463, -54.17019266282098;GRAL. JUSTINO MUNIZ;565;JOSE PEDRO VARELA;S-D;4;ESTE;DIRECCION DE SALUD NINEZ Y ADOLESCENCIA;68;ASSE CENTRAL;PRIMER NIVEL;POLICLINICA;35971002;ARRENDADO;SI;SI;SI;SI;NO;NO;NO;NO;SI;NO;NO;NO;NC;NO;NO;NO;NO;NO;NO;NO;NO;NO;NO;NO;NO;NO;NO;N-C;NO;NO;S-D;S-D;S-D;S-D;NO;NO;NO;NO;NO;NO;NO;NO;NO;NO;-32.3718125168946;-54.170192662821;POINT (-54.17019266282098 -32.37181251689463)
1045;2.16.858.0.0.2.1.1.5981112001004012071;CASA DEL DESARROLLO DE LA NINEZ PAYSANDÚ;;NO;NORTE;PAYSANDÚ;PAYSANDÚ;URBANA;11;120;1;4;12;1112001004012071;11071;398612.096;6423480.47;-32.32093616737134, -58.07713664361323;CERRITO;780;ITUZAINGO;S-D;1;NORTE;DIRECCION DE SALUD NINEZ Y ADOLESCENCIA;68;ASSE CENTRAL;PRIMER NIVEL;POLICLINICA;35971002;ARRENDADO;SI;SI;SI;SI;NO;NO;NO;NO;SI;NO;NO;NO;NC;NO;NO;NO;NO;NO;NO;NO;NO;NO;NO;NO;NO;NO;NO;N-C;NO;NO;S-D;S-D;S-D;S-D;NO;NO;NO;NO;NO;NO;NO;NO;NO;NO;-32.3209361673713;-58.0771366436132;POINT (-58.07713664361323 -32.32093616737134)
1046;2.16.858.0.0.2.1.1.5980383137237700118;CASA DEL DESARROLLO DE LA NINEZ CIUDAD DE LA COSTA;;NO;SUR;CANELONES;CIUDAD DE LA COSTA;URBANA;3;831;37;237;700;383137237700118;3118;593174.355;6144908.888;-34.83384914960682, -55.98100404007605;SAN LUIS;3609;AVDA. RICARDO BECU;S-D;2;SUR;DIRECCION DE SALUD NINEZ Y ADOLESCENCIA;68;ASSE CENTRAL;PRIMER NIVEL;POLICLINICA;35971002;ARRENDADO;SI;SI;SI;SI;NO;NO;NO;NO;SI;NO;NO;NO;NC;NO;NO;NO;NO;NO;NO;NO;NO;NO;NO;NO;NO;NO;NO;N-C;NO;NO;S-D;S-D;S-D;S-D;NO;NO;NO;NO;NO;NO;NO;NO;NO;NO;-34.8338491496068;-55.9810040400761;POINT (-55.98100404007605 -34.83384914960682)
1048;2.16.858.0.0.2.1.1.5980332227009003119;CASA DEL DESARROLLO DE LA NINEZ PANDO;;NO;SUR;CANELONES;PANDO;URBANA;3;322;27;9;3;332227009003119;3119;595484.58;6157464.848;-34.72042694,-55.95716757;ITUZAINGO;1144;FRANCISCO MENEZES;S-D;2;SUR;DIRECCION DE SALUD NINEZ Y ADOLESCENCIA;68;ASSE CENTRAL;PRIMER NIVEL;POLICLINICA;35971002;ARRENDADO;SI;SI;SI;SI;NO;NO;NO;NO;SI;NO;NO;NO;NC;NO;NO;NO;NO;NO;NO;NO;NO;NO;NO;NO;NO;NO;NO;N-C;NO;NO;S-D;S-D;S-D;S-D;NO;NO;NO;NO;NO;NO;NO;NO;NO;NO;-34.72042694;-55.95716757;POINT (-55.95716757 -34.72042694)
1049;2.16.858.0.0.2.1.1.5980102011230005199;CASA DEL DESARROLLO DE LA NINEZ UNION;;NO;SUR;MONTEVIDEO;MONTEVIDEO;URBANA;1;20;11;230;5;102011230005199;1199;579387.349;6142707.675;-34.854866208457, -56.13155967978236;8 DE OCTUBRE;4923;JOSE BELLONI;S-D;2;SUR;DIRECCION DE SALUD NINEZ Y ADOLESCENCIA;68;ASSE CENTRAL;PRIMER NIVEL;POLICLINICA;35971002;ARRENDADO;SI;SI;SI;SI;NO;NO;NO;NO;SI;NO;NO;NO;NC;NO;NO;NO;NO;NO;NO;NO;NO;NO;NO;NO;NO;NO;NO;N-C;NO;NO;S-D;S-D;S-D;S-D;NO;NO;NO;NO;NO;NO;NO;NO;NO;NO;-34.854866208457;-56.1315596797824;POINT (-56.13155967978236 -34.854866208457)
1050;2.16.858.0.0.2.1.1.5981590009004001047;PUESTO RURAL COLONIA APARICIO SARAVIA;;NO;NORTE;SALTO;RURAL;RURAL;15;900;9;4;1;1590009004001047;13047;589340.343;6553027.359;-31.15332656103878, -56.062682924515606;CAMINO A SARANDI;S/N;A 3 CUADRAS DE ESCUELA N.? 84;99034619;1;NORTE;REGION NORTE;46;RAP RIVERA;PRIMER NIVEL;POLICLINICA;35971002;S-D;SI;NO;NO;NO;NO;SI;SI;SI;NO;NO;NO;S-D;S-D;SI;NO;NO;NO;NO;NO;NO;NO;NO;NO;NO;NO;NO;NO;NO;NO;NO;S-D;S-D;S-D;S-D;NO;S-D;S-D;NO;NO;NO;NO;NO;NO;NO;-31.1533265610388;-56.0626829245156;POINT (-56.062682924515606 -31.15332656103878)
1052;2.16.858.0.0.2.1.1.5980622001003015045;CASA DEL DESARROLLO DE LA NINEZ DURAZNO;;NO;OESTE;DURAZNO;DURAZNO;URBANA;6;220;1;3;15;622001003015045;6045;544475.823;6306648.505;-33.37850564079218, -56.52184427610606;MANUEL ORIBE;875;JOSE GERVASIO ARTIGAS;S-D;3;OESTE;DIRECCION DE SALUD NINEZ Y ADOLESCENCIA;68;ASSE CENTRAL;PRIMER NIVEL;POLICLINICA;35971002;RAP DURAZNO;SI;SI;NO;SI;NO;NO;NO;NO;SI;NO;NO;NO;NC;NO;NO;NO;NO;NO;NO;NO;NO;NO;NO;NO;NO;NO;NO;NO;NO;NO;S-D;S-D;S-D;S-D;NO;S-D;S-D;NO;NO;NO;NO;NO;NO;NO;-33.3785056407922;-56.5218442761061;POINT (-56.52184427610606 -33.37850564079218)
1054;2.16.858.0.0.2.1.1.5981052401101010037;CASA DEL DESARROLLO DE LA NINEZ MALDONADO;;NO;ESTE;MALDONADO;PUNTA DEL ESTE;URBANA;10;524;1;101;10;1052401101010037;10037;687220.064;6134221.823;-34.917201366225115, -54.95052495703088;AVENIDA CORDOBA;S/N;ALFEREZ CAMPORA;S-D;4;ESTE;DIRECCION DE SALUD NINEZ Y ADOLESCENCIA;68;ASSE CENTRAL;PRIMER NIVEL;POLICLINICA;35971002;ARRENDADO;SI;SI;NO;SI;NO;NO;NO;NO;SI;NO;NO;NO;NC;NO;NO;NO;NO;NO;NO;NO;NO;NO;NO;NO;NO;NO;NO;NO;NO;NO;S-D;S-D;S-D;S-D;NO;S-D;S-D;NO;NO;NO;NO;NO;NO;NO;-34.9172013662251;-54.9505249570309;POINT (-54.95052495703088 -34.917201366225115)
1055;2.16.858.0.0.2.1.1.5980102013033601201;POLICLINICA CAUCEGLIA;;NO;SUR;MONTEVIDEO;MONTEVIDEO;URBANA;1;20;13;33;601;102013033601201;1201;568508.616;6141896.573;-34.86297135024749, -56.2504890823498;PASAJE C;S/N;16 DE ENERO;S-D;2;SUR;REGION SUR;2;RAP METROPOLITANA;PRIMER NIVEL;POLICLINICA;35971002;INTENDENCIA;SI;SI;SI;SI;NO;SI;NO;SI;SI;NO;SI;NO;NC;NO;NO;NO;NO;NO;NO;NO;NO;NO;NO;NO;NO;NO;NO;NO;NO;NO;S-D;S-D;S-D;S-D;NO;S-D;S-D;NO;NO;NO;NO;NO;NO;NO;-34.8629713502475;-56.2504890823498;POINT (-56.2504890823498 -34.86297135024749)
1056;2.16.858.0.0.2.1.1.5980382909006600120;POLICLINICA ESTACION MIGUES;;NO;SUR;CANELONES;ESTACION MIGUES;RURAL;3;829;9;6;600;382909006600120;3120;626131.276;6178828.202;-34.52450350328588, -55.6257148227927;IDELFONSO CEDRES;S/N;;NO ;2;SUR;REGION SUR;57;RAP CANELONES;PRIMER NIVEL;POLICLINICA;35971002;;SI;SI;SI;SI;NO;NO;SI;SI;SI;NO;NO;NO;NC;NO;NO;NO;NO;NO;NO;NO;NO;NO;NO;NO;NO;NO;NO;NO;NO;NO;SI;SI;NO;SI;SI;SI;SI;NO;NO;NO;NO;NO;SI;NO;-34.5245035032859;-55.6257148227927;POINT (-55.6257148227927 -34.52450350328588)
1057;2.16.858.0.0.2.1.1.5980498311204805042;POLICLINICA LOPEZ BENITEZ;;NO;ESTE;CERRO LARGO;BARRIO LOPEZ BENITEZ;URBANA;4;983;11;204;805;498311204805042;4042;762441.46;6416150.402;-32.360802698295146, -54.21102421991509;JOSE DE PILAR MARTINEZ;S/N;BARTOLOME DE RIEZGO;NO ;4;ESTE;REGION ESTE;80;RAP CERRO LARGO;PRIMER NIVEL;POLICLINICA;35971002;;SI;SI;SI;SI;NO;SI;SI;SI;SI;NO;NO;NO;NC;NO;NO;NO;NO;NO;NO;NO;NO;NO;NO;NO;NO;NO;NO;NO;NO;NO;S-D;S-D;S-D;S-D;NO;S-D;S-D;NO;NO;NO;NO;NO;NO;NO;-32.3608026982951;-54.2110242199151;POINT (-54.21102421991509 -32.360802698295146)
1056;2.16.858.0.0.2.1.1.5980102012206008202;CENTRO DE SALUD BUCAL;;NO;SUR;MONTEVIDEO;MONTEVIDEO;URBANA;1;20;12;206;8;102012206008202;1202;575805.113;6141082.044;-34.86979752390841,-56.17059588432312;BVAR. ARTIGAS;3152;POMPILLO Y NOVAS;22013820  INT.:121;2;SUR;REGION SUR;2;RAP METROPOLITANA;PRIMER NIVEL;POLICLINICA;35971002;;NO;NO;NO;NO;NO;NO;NO;NO;NO;NO;SI;NO;NC;NO;NO;NO;NO;NO;NO;NO;NO;NO;NO;NO;NO;NO;NO;NO;NO;NO;S-D;S-D;S-D;S-D;NO;S-D;S-D;NO;NO;NO;NO;NO;NO;NO;-34.8697975239084;-56.1705958843231;POINT (-56.17059588432312 -34.86979752390841)
1058;2.16.858.0.0.2.1.1.5980490011104808043;INR UNIDAD 15 CONVENTOS;;NO;ESTE;CERRO LARGO;RURAL;RURAL;4;900;11;104;808;490011104808043;4043;759343.435;6417996.981;-32.34488705198177, -54.244418908497806;CARRETERA PUNTA DEL CONVENTO;S/N;CAMINO VECINAL;46402275;4;ESTE;REGION ESTE;80;RAP CERRO LARGO;PRIMER NIVEL;POLICLINICA;35971002;;SI;SI;SI;SI;NO;NO;NO;NO;NO;NO;NO;NO;NC;NO;NO;NO;NO;NO;NO;NO;NO;NO;NO;NO;NO;NO;NO;NO;NO;NO;S-D;S-D;S-D;S-D;NO;S-D;S-D;NO;NO;NO;NO;NO;NO;NO;-32.3448870519818;-54.2444189084978;POINT (-54.244418908497806 -32.34488705198177)
1059;2.16.858.0.0.2.1.1.5981952209204041051;POLICLINICA DEL GIMNASIO;;NO;ESTE;TREINTA Y TRES;VERGARA;URBANA;19;522;9;204;41;1952209204041051;19051;786642.321;6350389.523;-32.94723017965034, -53.933971068710996;MEDEROS;S/N;DR. LEGARTO;S-D;4;ESTE;REGION ESTE;61;RAP TREINTA Y TRES;PRIMER NIVEL;POLICLINICA;35971002;INTENDENCIA;SI;S/D;S/D;SI;NO;NO;NO;NO;NO;NO;NO;NO;NC;NO;NO;NO;NO;NO;NO;NO;NO;NO;NO;NO;NO;NO;NO;NO;NO;NO;S-D;S-D;S-D;S-D;NO;S-D;S-D;NO;NO;NO;NO;NO;NO;NO;-32.9472301796503;-53.933971068711;POINT (-53.933971068710996 -32.94723017965034)
1060;2.16.858.0.0.2.1.1.5981282801027608028;POLICLINICA LAS CANAS;;NO;OESTE;RÍO NEGRO;LAS CANAS;URBANA;12;828;1;27;608;1282801027608028;12028;373556.157;6329337.848;-33.16738431880819, -58.35607424770963;CAMINO CAMPING;S/N;ACCESO DE PROVEDURIA;S-D;3;OESTE;REGION OESTE;82;RAP RÍO NEGRO;PRIMER NIVEL;POLICLINICA;35971002;;SI;SI;SI;SI;NO;NO;NO;SI;NO;NO;NO;NO;NC;NO;NO;NO;NO;NO;NO;NO;NO;NO;NO;NO;NO;NO;NO;NO;NO;NO;S-D;S-D;S-D;S-D;NO;S-D;S-D;NO;NO;NO;NO;NO;NO;NO;-33.1673843188082;-58.3560742477096;POINT (-58.35607424770963 -33.16738431880819)
1061;2.16.858.0.0.2.1.1.5981232001011013029;FUNDACION MARTIN ECHEGOYEN;;NO;OESTE;RÍO NEGRO;FRAY BENTOS;URBANA;12;320;1;11;13;1232001011013029;12029;377774.761;6334675.214;-33.11973746644834, -58.31012578738835;RINCON;S/N;19 DE ABRIL;45632012;3;OESTE;REGION OESTE;82;RAP RÍO NEGRO;PRIMER NIVEL;POLICLINICA;35971002;;SI;SI;SI;SI;NO;NO;NO;SI;NO;NO;NO;NO;NC;NO;NO;NO;NO;NO;NO;NO;NO;NO;NO;NO;NO;NO;NO;NO;NO;NO;S-D;S-D;S-D;S-D;NO;S-D;S-D;NO;NO;NO;NO;NO;NO;NO;-33.1197374664483;-58.3101257873884;POINT (-58.31012578738835 -33.11973746644834)
1062;2.16.858.0.0.2.1.1.5980532001107023042;CENTRO ESPERANZA;;NO;OESTE;COLONIA;COLONIA DEL SACRAMENTO;URBANA;5;320;1;107;23;532001107023042;5042;422623.151;6186231.816;-34.46256556750512, -57.84246785143327;BALTASAR BRUM;567;AVDA. ARTIGAS;45228135;3;OESTE;REGION OESTE;48;RAP COLONIA;PRIMER NIVEL;POLICLINICA;35971002;;SI;SI;SI;SI;NO;NO;NO;SI;NO;NO;NO;NO;NC;NO;NO;NO;NO;NO;NO;NO;NO;NO;NO;NO;NO;NO;NO;NO;NO;NO;S-D;S-D;S-D;S-D;NO;S-D;S-D;NO;NO;NO;NO;NO;NO;NO;-34.4625655675051;-57.8424678514333;POINT (-57.84246785143327 -34.46256556750512)
1063;2.16.858.0.0.2.1.1.5981690006209600045;SAI-PPL LIBERTAD;;NO;OESTE;SAN JOSÉ;RURAL;RURAL;16;900;6;209;600;1690006209600045;16045;531589.296;6167984.382;-34.629539250178254, -56.655368972187524;RUTA 89;S/N;ACCESO PENAL DE LIBERTAD;S-D;4;OESTE;REGION OESTE;86;SAI-PPL (U. Ejecutora);PRIMER NIVEL;POLICLINICA;35971002;;NO;SI;SI;NO;NO;NO;NO;SI;NO;NO;SI;NO;NC;NO;NO;NO;NO;NO;NO;NO;NO;NO;NO;NO;NO;NO;NO;NO;NO;NO;SI;NO;S-D;S-D;NO;NO;NO;NO;NO;NO;NO;NO;NO;NO;-34.6295392501783;-56.6553689721875;POINT (-56.655368972187524 -34.629539250178254)
