provider;state;indicator;indicator_value
AMDM;ARTIGAS;MG;0
AMDM;ARTIGAS;MFYC;0
AMDM;ARTIGAS;Pediatría;0
AMDM;ARTIGAS;Gine;0
AMDM;ARTIGAS;AE;0
AMDM;ARTIGAS;LE;0
AMDM;CANELONES;MG;0
AMDM;CANELONES;MFYC;0
AMDM;CANELONES;Pediatría;0
AMDM;CANELONES;Gine;0
AMDM;CANELONES;AE;0
AMDM;CANELONES;LE;0
AMDM;CERRO LARGO;MG;0
AMDM;CERRO LARGO;MFYC;0
AMDM;CERRO LARGO;Pediatría;0
AMDM;CERRO LARGO;Gine;0
AMDM;CERRO LARGO;AE;0
AMDM;CERRO LARGO;LE;0
AMDM;COLONIA;MG;0
AMDM;COLONIA;MFYC;0
AMDM;COLONIA;Pediatría;0
AMDM;COLONIA;Gine;0
AMDM;COLONIA;AE;0
AMDM;COLONIA;LE;0
AMDM;DURAZNO;MG;0
AMDM;DURAZNO;MFYC;0
AMDM;DURAZNO;Pediatría;0
AMDM;DURAZNO;Gine;0
AMDM;DURAZNO;AE;0
AMDM;DURAZNO;LE;0
AMDM;FLORES;MG;0
AMDM;FLORES;MFYC;0
AMDM;FLORES;Pediatría;0
AMDM;FLORES;Gine;0
AMDM;FLORES;AE;0
AMDM;FLORES;LE;0
AMDM;FLORIDA;MG;0
AMDM;FLORIDA;MFYC;0
AMDM;FLORIDA;Pediatría;0
AMDM;FLORIDA;Gine;0
AMDM;FLORIDA;AE;0
AMDM;FLORIDA;LE;0
AMDM;LAVALLEJA;MG;0
AMDM;LAVALLEJA;MFYC;0
AMDM;LAVALLEJA;Pediatría;0
AMDM;LAVALLEJA;Gine;0
AMDM;LAVALLEJA;AE;0
AMDM;LAVALLEJA;LE;0
AMDM;MALDONADO;MG;2.14940007266363
AMDM;MALDONADO;MFYC;0.0832680509329135
AMDM;MALDONADO;Pediatría;4.27302749855708
AMDM;MALDONADO;Gine;1.05603406216013
AMDM;MALDONADO;AE;5.5918038550228
AMDM;MALDONADO;LE;0
AMDM;MONTEVIDEO;MG;0
AMDM;MONTEVIDEO;MFYC;0
AMDM;MONTEVIDEO;Pediatría;0
AMDM;MONTEVIDEO;Gine;0
AMDM;MONTEVIDEO;AE;0
AMDM;MONTEVIDEO;LE;0
AMDM;PAYSANDU;MG;0
AMDM;PAYSANDU;MFYC;0
AMDM;PAYSANDU;Pediatría;0
AMDM;PAYSANDU;Gine;0
AMDM;PAYSANDU;AE;0
AMDM;PAYSANDU;LE;0
AMDM;RIO NEGRO;MG;0
AMDM;RIO NEGRO;MFYC;0
AMDM;RIO NEGRO;Pediatría;0
AMDM;RIO NEGRO;Gine;0
AMDM;RIO NEGRO;AE;0
AMDM;RIO NEGRO;LE;0
AMDM;RIVERA;MG;0
AMDM;RIVERA;MFYC;0
AMDM;RIVERA;Pediatría;0
AMDM;RIVERA;Gine;0
AMDM;RIVERA;AE;0
AMDM;RIVERA;LE;0
AMDM;ROCHA;MG;0
AMDM;ROCHA;MFYC;0
AMDM;ROCHA;Pediatría;0
AMDM;ROCHA;Gine;0
AMDM;ROCHA;AE;0
AMDM;ROCHA;LE;0
AMDM;SALTO;MG;0
AMDM;SALTO;MFYC;0
AMDM;SALTO;Pediatría;0
AMDM;SALTO;Gine;0
AMDM;SALTO;AE;0
AMDM;SALTO;LE;0
AMDM;SAN JOSE;MG;0
AMDM;SAN JOSE;MFYC;0
AMDM;SAN JOSE;Pediatría;0
AMDM;SAN JOSE;Gine;0
AMDM;SAN JOSE;AE;0
AMDM;SAN JOSE;LE;0
AMDM;SORIANO;MG;0
AMDM;SORIANO;MFYC;0
AMDM;SORIANO;Pediatría;0
AMDM;SORIANO;Gine;0
AMDM;SORIANO;AE;0
AMDM;SORIANO;LE;0
AMDM;TACUAREMBO;MG;0
AMDM;TACUAREMBO;MFYC;0
AMDM;TACUAREMBO;Pediatría;0
AMDM;TACUAREMBO;Gine;0
AMDM;TACUAREMBO;AE;0
AMDM;TACUAREMBO;LE;0
AMDM;TREINTA Y TRES;MG;0
AMDM;TREINTA Y TRES;MFYC;0
AMDM;TREINTA Y TRES;Pediatría;0
AMDM;TREINTA Y TRES;Gine;0
AMDM;TREINTA Y TRES;AE;0
AMDM;TREINTA Y TRES;LE;0
AMEDRIN;ARTIGAS;MG;0
AMEDRIN;ARTIGAS;MFYC;0
AMEDRIN;ARTIGAS;Pediatría;0
AMEDRIN;ARTIGAS;Gine;0
AMEDRIN;ARTIGAS;AE;0
AMEDRIN;ARTIGAS;LE;0
AMEDRIN;CANELONES;MG;0
AMEDRIN;CANELONES;MFYC;0
AMEDRIN;CANELONES;Pediatría;0
AMEDRIN;CANELONES;Gine;0
AMEDRIN;CANELONES;AE;0
AMEDRIN;CANELONES;LE;0
AMEDRIN;CERRO LARGO;MG;0
AMEDRIN;CERRO LARGO;MFYC;0
AMEDRIN;CERRO LARGO;Pediatría;0
AMEDRIN;CERRO LARGO;Gine;0
AMEDRIN;CERRO LARGO;AE;0
AMEDRIN;CERRO LARGO;LE;0
AMEDRIN;COLONIA;MG;0
AMEDRIN;COLONIA;MFYC;0
AMEDRIN;COLONIA;Pediatría;0
AMEDRIN;COLONIA;Gine;0
AMEDRIN;COLONIA;AE;0
AMEDRIN;COLONIA;LE;0
AMEDRIN;DURAZNO;MG;0
AMEDRIN;DURAZNO;MFYC;0
AMEDRIN;DURAZNO;Pediatría;0
AMEDRIN;DURAZNO;Gine;0
AMEDRIN;DURAZNO;AE;0
AMEDRIN;DURAZNO;LE;0
AMEDRIN;FLORES;MG;0
AMEDRIN;FLORES;MFYC;0
AMEDRIN;FLORES;Pediatría;0
AMEDRIN;FLORES;Gine;0
AMEDRIN;FLORES;AE;0
AMEDRIN;FLORES;LE;0
AMEDRIN;FLORIDA;MG;0
AMEDRIN;FLORIDA;MFYC;0
AMEDRIN;FLORIDA;Pediatría;0
AMEDRIN;FLORIDA;Gine;0
AMEDRIN;FLORIDA;AE;0
AMEDRIN;FLORIDA;LE;0
AMEDRIN;LAVALLEJA;MG;0
AMEDRIN;LAVALLEJA;MFYC;0
AMEDRIN;LAVALLEJA;Pediatría;0
AMEDRIN;LAVALLEJA;Gine;0
AMEDRIN;LAVALLEJA;AE;0
AMEDRIN;LAVALLEJA;LE;0
AMEDRIN;MALDONADO;MG;0
AMEDRIN;MALDONADO;MFYC;0
AMEDRIN;MALDONADO;Pediatría;0
AMEDRIN;MALDONADO;Gine;0
AMEDRIN;MALDONADO;AE;0
AMEDRIN;MALDONADO;LE;0
AMEDRIN;MONTEVIDEO;MG;0
AMEDRIN;MONTEVIDEO;MFYC;0
AMEDRIN;MONTEVIDEO;Pediatría;0
AMEDRIN;MONTEVIDEO;Gine;0
AMEDRIN;MONTEVIDEO;AE;0
AMEDRIN;MONTEVIDEO;LE;0
AMEDRIN;PAYSANDU;MG;0
AMEDRIN;PAYSANDU;MFYC;0
AMEDRIN;PAYSANDU;Pediatría;0
AMEDRIN;PAYSANDU;Gine;0
AMEDRIN;PAYSANDU;AE;0
AMEDRIN;PAYSANDU;LE;0
AMEDRIN;RIO NEGRO;MG;2.77988886487037
AMEDRIN;RIO NEGRO;MFYC;0.252216748768473
AMEDRIN;RIO NEGRO;Pediatría;4.45993031358885
AMEDRIN;RIO NEGRO;Gine;2.91714747288253
AMEDRIN;RIO NEGRO;AE;3.31591779867642
AMEDRIN;RIO NEGRO;LE;0
AMEDRIN;RIVERA;MG;0
AMEDRIN;RIVERA;MFYC;0
AMEDRIN;RIVERA;Pediatría;0
AMEDRIN;RIVERA;Gine;0
AMEDRIN;RIVERA;AE;0
AMEDRIN;RIVERA;LE;0
AMEDRIN;ROCHA;MG;0
AMEDRIN;ROCHA;MFYC;0
AMEDRIN;ROCHA;Pediatría;0
AMEDRIN;ROCHA;Gine;0
AMEDRIN;ROCHA;AE;0
AMEDRIN;ROCHA;LE;0
AMEDRIN;SALTO;MG;0
AMEDRIN;SALTO;MFYC;0
AMEDRIN;SALTO;Pediatría;0
AMEDRIN;SALTO;Gine;0
AMEDRIN;SALTO;AE;0
AMEDRIN;SALTO;LE;0
AMEDRIN;SAN JOSE;MG;0
AMEDRIN;SAN JOSE;MFYC;0
AMEDRIN;SAN JOSE;Pediatría;0
AMEDRIN;SAN JOSE;Gine;0
AMEDRIN;SAN JOSE;AE;0
AMEDRIN;SAN JOSE;LE;0
AMEDRIN;SORIANO;MG;0
AMEDRIN;SORIANO;MFYC;0
AMEDRIN;SORIANO;Pediatría;0
AMEDRIN;SORIANO;Gine;0
AMEDRIN;SORIANO;AE;0
AMEDRIN;SORIANO;LE;0
AMEDRIN;TACUAREMBO;MG;0
AMEDRIN;TACUAREMBO;MFYC;0
AMEDRIN;TACUAREMBO;Pediatría;0
AMEDRIN;TACUAREMBO;Gine;0
AMEDRIN;TACUAREMBO;AE;0
AMEDRIN;TACUAREMBO;LE;0
AMEDRIN;TREINTA Y TRES;MG;0
AMEDRIN;TREINTA Y TRES;MFYC;0
AMEDRIN;TREINTA Y TRES;Pediatría;0
AMEDRIN;TREINTA Y TRES;Gine;0
AMEDRIN;TREINTA Y TRES;AE;0
AMEDRIN;TREINTA Y TRES;LE;0
AMSJ;ARTIGAS;MG;0
AMSJ;ARTIGAS;MFYC;0
AMSJ;ARTIGAS;Pediatría;0
AMSJ;ARTIGAS;Gine;0
AMSJ;ARTIGAS;AE;0
AMSJ;ARTIGAS;LE;0
AMSJ;CANELONES;MG;0
AMSJ;CANELONES;MFYC;0
AMSJ;CANELONES;Pediatría;0
AMSJ;CANELONES;Gine;0
AMSJ;CANELONES;AE;0
AMSJ;CANELONES;LE;0
AMSJ;CERRO LARGO;MG;0
AMSJ;CERRO LARGO;MFYC;0
AMSJ;CERRO LARGO;Pediatría;0
AMSJ;CERRO LARGO;Gine;0
AMSJ;CERRO LARGO;AE;0
AMSJ;CERRO LARGO;LE;0
AMSJ;COLONIA;MG;0
AMSJ;COLONIA;MFYC;0
AMSJ;COLONIA;Pediatría;0
AMSJ;COLONIA;Gine;0
AMSJ;COLONIA;AE;0
AMSJ;COLONIA;LE;0
AMSJ;DURAZNO;MG;0
AMSJ;DURAZNO;MFYC;0
AMSJ;DURAZNO;Pediatría;0
AMSJ;DURAZNO;Gine;0
AMSJ;DURAZNO;AE;0
AMSJ;DURAZNO;LE;0
AMSJ;FLORES;MG;0
AMSJ;FLORES;MFYC;0
AMSJ;FLORES;Pediatría;0
AMSJ;FLORES;Gine;0
AMSJ;FLORES;AE;0
AMSJ;FLORES;LE;0
AMSJ;FLORIDA;MG;0
AMSJ;FLORIDA;MFYC;0
AMSJ;FLORIDA;Pediatría;0
AMSJ;FLORIDA;Gine;0
AMSJ;FLORIDA;AE;0
AMSJ;FLORIDA;LE;0
AMSJ;LAVALLEJA;MG;0
AMSJ;LAVALLEJA;MFYC;0
AMSJ;LAVALLEJA;Pediatría;0
AMSJ;LAVALLEJA;Gine;0
AMSJ;LAVALLEJA;AE;0
AMSJ;LAVALLEJA;LE;0
AMSJ;MALDONADO;MG;0
AMSJ;MALDONADO;MFYC;0
AMSJ;MALDONADO;Pediatría;0
AMSJ;MALDONADO;Gine;0
AMSJ;MALDONADO;AE;0
AMSJ;MALDONADO;LE;0
AMSJ;MONTEVIDEO;MG;0
AMSJ;MONTEVIDEO;MFYC;0
AMSJ;MONTEVIDEO;Pediatría;0
AMSJ;MONTEVIDEO;Gine;0
AMSJ;MONTEVIDEO;AE;0
AMSJ;MONTEVIDEO;LE;0
AMSJ;PAYSANDU;MG;0
AMSJ;PAYSANDU;MFYC;0
AMSJ;PAYSANDU;Pediatría;0
AMSJ;PAYSANDU;Gine;0
AMSJ;PAYSANDU;AE;0
AMSJ;PAYSANDU;LE;0
AMSJ;RIO NEGRO;MG;0
AMSJ;RIO NEGRO;MFYC;0
AMSJ;RIO NEGRO;Pediatría;0
AMSJ;RIO NEGRO;Gine;0
AMSJ;RIO NEGRO;AE;0
AMSJ;RIO NEGRO;LE;0
AMSJ;RIVERA;MG;0
AMSJ;RIVERA;MFYC;0
AMSJ;RIVERA;Pediatría;0
AMSJ;RIVERA;Gine;0
AMSJ;RIVERA;AE;0
AMSJ;RIVERA;LE;0
AMSJ;ROCHA;MG;0
AMSJ;ROCHA;MFYC;0
AMSJ;ROCHA;Pediatría;0
AMSJ;ROCHA;Gine;0
AMSJ;ROCHA;AE;0
AMSJ;ROCHA;LE;0
AMSJ;SALTO;MG;0
AMSJ;SALTO;MFYC;0
AMSJ;SALTO;Pediatría;0
AMSJ;SALTO;Gine;0
AMSJ;SALTO;AE;0
AMSJ;SALTO;LE;0
AMSJ;SAN JOSE;MG;2.2120949287231
AMSJ;SAN JOSE;MFYC;0.104695284800336
AMSJ;SAN JOSE;Pediatría;2.78193856000357
AMSJ;SAN JOSE;Gine;1.27855847599037
AMSJ;SAN JOSE;AE;2.9393440265089
AMSJ;SAN JOSE;LE;0.15143594466987
AMSJ;SORIANO;MG;0
AMSJ;SORIANO;MFYC;0
AMSJ;SORIANO;Pediatría;0
AMSJ;SORIANO;Gine;0
AMSJ;SORIANO;AE;0
AMSJ;SORIANO;LE;0
AMSJ;TACUAREMBO;MG;0
AMSJ;TACUAREMBO;MFYC;0
AMSJ;TACUAREMBO;Pediatría;0
AMSJ;TACUAREMBO;Gine;0
AMSJ;TACUAREMBO;AE;0
AMSJ;TACUAREMBO;LE;0
AMSJ;TREINTA Y TRES;MG;0
AMSJ;TREINTA Y TRES;MFYC;0
AMSJ;TREINTA Y TRES;Pediatría;0
AMSJ;TREINTA Y TRES;Gine;0
AMSJ;TREINTA Y TRES;AE;0
AMSJ;TREINTA Y TRES;LE;0
ASOCIACIÓN ESPAÑOLA;ARTIGAS;MG;0
ASOCIACIÓN ESPAÑOLA;ARTIGAS;MFYC;0
ASOCIACIÓN ESPAÑOLA;ARTIGAS;Pediatría;0
ASOCIACIÓN ESPAÑOLA;ARTIGAS;Gine;0
ASOCIACIÓN ESPAÑOLA;ARTIGAS;AE;0
ASOCIACIÓN ESPAÑOLA;ARTIGAS;LE;0
ASOCIACIÓN ESPAÑOLA;CANELONES;MG;1.7368334243191
ASOCIACIÓN ESPAÑOLA;CANELONES;MFYC;0.0539651405947581
ASOCIACIÓN ESPAÑOLA;CANELONES;Pediatría;2.33686040747251
ASOCIACIÓN ESPAÑOLA;CANELONES;Gine;0.349530166328326
ASOCIACIÓN ESPAÑOLA;CANELONES;AE;4.64459602615496
ASOCIACIÓN ESPAÑOLA;CANELONES;LE;0.302689089874445
ASOCIACIÓN ESPAÑOLA;CERRO LARGO;MG;0
ASOCIACIÓN ESPAÑOLA;CERRO LARGO;MFYC;0
ASOCIACIÓN ESPAÑOLA;CERRO LARGO;Pediatría;0
ASOCIACIÓN ESPAÑOLA;CERRO LARGO;Gine;0
ASOCIACIÓN ESPAÑOLA;CERRO LARGO;AE;0
ASOCIACIÓN ESPAÑOLA;CERRO LARGO;LE;0
ASOCIACIÓN ESPAÑOLA;COLONIA;MG;0
ASOCIACIÓN ESPAÑOLA;COLONIA;MFYC;0
ASOCIACIÓN ESPAÑOLA;COLONIA;Pediatría;0
ASOCIACIÓN ESPAÑOLA;COLONIA;Gine;0
ASOCIACIÓN ESPAÑOLA;COLONIA;AE;0
ASOCIACIÓN ESPAÑOLA;COLONIA;LE;0
ASOCIACIÓN ESPAÑOLA;DURAZNO;MG;0
ASOCIACIÓN ESPAÑOLA;DURAZNO;MFYC;0
ASOCIACIÓN ESPAÑOLA;DURAZNO;Pediatría;0
ASOCIACIÓN ESPAÑOLA;DURAZNO;Gine;0
ASOCIACIÓN ESPAÑOLA;DURAZNO;AE;0
ASOCIACIÓN ESPAÑOLA;DURAZNO;LE;0
ASOCIACIÓN ESPAÑOLA;FLORES;MG;0
ASOCIACIÓN ESPAÑOLA;FLORES;MFYC;0
ASOCIACIÓN ESPAÑOLA;FLORES;Pediatría;0
ASOCIACIÓN ESPAÑOLA;FLORES;Gine;0
ASOCIACIÓN ESPAÑOLA;FLORES;AE;0
ASOCIACIÓN ESPAÑOLA;FLORES;LE;0
ASOCIACIÓN ESPAÑOLA;FLORIDA;MG;0
ASOCIACIÓN ESPAÑOLA;FLORIDA;MFYC;0
ASOCIACIÓN ESPAÑOLA;FLORIDA;Pediatría;0
ASOCIACIÓN ESPAÑOLA;FLORIDA;Gine;0
ASOCIACIÓN ESPAÑOLA;FLORIDA;AE;0
ASOCIACIÓN ESPAÑOLA;FLORIDA;LE;0
ASOCIACIÓN ESPAÑOLA;LAVALLEJA;MG;0
ASOCIACIÓN ESPAÑOLA;LAVALLEJA;MFYC;0
ASOCIACIÓN ESPAÑOLA;LAVALLEJA;Pediatría;0
ASOCIACIÓN ESPAÑOLA;LAVALLEJA;Gine;0
ASOCIACIÓN ESPAÑOLA;LAVALLEJA;AE;0
ASOCIACIÓN ESPAÑOLA;LAVALLEJA;LE;0
ASOCIACIÓN ESPAÑOLA;MALDONADO;MG;0.386590154032014
ASOCIACIÓN ESPAÑOLA;MALDONADO;MFYC;0
ASOCIACIÓN ESPAÑOLA;MALDONADO;Pediatría;0
ASOCIACIÓN ESPAÑOLA;MALDONADO;Gine;0
ASOCIACIÓN ESPAÑOLA;MALDONADO;AE;0
ASOCIACIÓN ESPAÑOLA;MALDONADO;LE;0
ASOCIACIÓN ESPAÑOLA;MONTEVIDEO;MG;5.50667784258141
ASOCIACIÓN ESPAÑOLA;MONTEVIDEO;MFYC;0.0146327976807016
ASOCIACIÓN ESPAÑOLA;MONTEVIDEO;Pediatría;6.54867446870931
ASOCIACIÓN ESPAÑOLA;MONTEVIDEO;Gine;2.0557091714044
ASOCIACIÓN ESPAÑOLA;MONTEVIDEO;AE;15.7929147248478
ASOCIACIÓN ESPAÑOLA;MONTEVIDEO;LE;0.824785229700033
ASOCIACIÓN ESPAÑOLA;PAYSANDU;MG;0
ASOCIACIÓN ESPAÑOLA;PAYSANDU;MFYC;0
ASOCIACIÓN ESPAÑOLA;PAYSANDU;Pediatría;0
ASOCIACIÓN ESPAÑOLA;PAYSANDU;Gine;0
ASOCIACIÓN ESPAÑOLA;PAYSANDU;AE;0
ASOCIACIÓN ESPAÑOLA;PAYSANDU;LE;0
ASOCIACIÓN ESPAÑOLA;RIO NEGRO;MG;0
ASOCIACIÓN ESPAÑOLA;RIO NEGRO;MFYC;0
ASOCIACIÓN ESPAÑOLA;RIO NEGRO;Pediatría;0
ASOCIACIÓN ESPAÑOLA;RIO NEGRO;Gine;0
ASOCIACIÓN ESPAÑOLA;RIO NEGRO;AE;0
ASOCIACIÓN ESPAÑOLA;RIO NEGRO;LE;0
ASOCIACIÓN ESPAÑOLA;RIVERA;MG;0
ASOCIACIÓN ESPAÑOLA;RIVERA;MFYC;0
ASOCIACIÓN ESPAÑOLA;RIVERA;Pediatría;0
ASOCIACIÓN ESPAÑOLA;RIVERA;Gine;0
ASOCIACIÓN ESPAÑOLA;RIVERA;AE;0
ASOCIACIÓN ESPAÑOLA;RIVERA;LE;0
ASOCIACIÓN ESPAÑOLA;ROCHA;MG;0
ASOCIACIÓN ESPAÑOLA;ROCHA;MFYC;0
ASOCIACIÓN ESPAÑOLA;ROCHA;Pediatría;0
ASOCIACIÓN ESPAÑOLA;ROCHA;Gine;0
ASOCIACIÓN ESPAÑOLA;ROCHA;AE;0
ASOCIACIÓN ESPAÑOLA;ROCHA;LE;0
ASOCIACIÓN ESPAÑOLA;SALTO;MG;0
ASOCIACIÓN ESPAÑOLA;SALTO;MFYC;0
ASOCIACIÓN ESPAÑOLA;SALTO;Pediatría;0
ASOCIACIÓN ESPAÑOLA;SALTO;Gine;0
ASOCIACIÓN ESPAÑOLA;SALTO;AE;0
ASOCIACIÓN ESPAÑOLA;SALTO;LE;0
ASOCIACIÓN ESPAÑOLA;SAN JOSE;MG;0.401136553568444
ASOCIACIÓN ESPAÑOLA;SAN JOSE;MFYC;0
ASOCIACIÓN ESPAÑOLA;SAN JOSE;Pediatría;0
ASOCIACIÓN ESPAÑOLA;SAN JOSE;Gine;0
ASOCIACIÓN ESPAÑOLA;SAN JOSE;AE;0
ASOCIACIÓN ESPAÑOLA;SAN JOSE;LE;0
ASOCIACIÓN ESPAÑOLA;SORIANO;MG;0
ASOCIACIÓN ESPAÑOLA;SORIANO;MFYC;0
ASOCIACIÓN ESPAÑOLA;SORIANO;Pediatría;0
ASOCIACIÓN ESPAÑOLA;SORIANO;Gine;0
ASOCIACIÓN ESPAÑOLA;SORIANO;AE;0
ASOCIACIÓN ESPAÑOLA;SORIANO;LE;0
ASOCIACIÓN ESPAÑOLA;TACUAREMBO;MG;0
ASOCIACIÓN ESPAÑOLA;TACUAREMBO;MFYC;0
ASOCIACIÓN ESPAÑOLA;TACUAREMBO;Pediatría;0
ASOCIACIÓN ESPAÑOLA;TACUAREMBO;Gine;0
ASOCIACIÓN ESPAÑOLA;TACUAREMBO;AE;0
ASOCIACIÓN ESPAÑOLA;TACUAREMBO;LE;0
ASOCIACIÓN ESPAÑOLA;TREINTA Y TRES;MG;0
ASOCIACIÓN ESPAÑOLA;TREINTA Y TRES;MFYC;0
ASOCIACIÓN ESPAÑOLA;TREINTA Y TRES;Pediatría;0
ASOCIACIÓN ESPAÑOLA;TREINTA Y TRES;Gine;0
ASOCIACIÓN ESPAÑOLA;TREINTA Y TRES;AE;0
ASOCIACIÓN ESPAÑOLA;TREINTA Y TRES;LE;0
ASSE;ARTIGAS;MG;2.81946323000894
ASSE;ARTIGAS;MFYC;0.162146144503583
ASSE;ARTIGAS;Pediatría;5.58443137232607
ASSE;ARTIGAS;Gine;1.06464864821409
ASSE;ARTIGAS;AE;13.3627950558498
ASSE;ARTIGAS;LE;1.02810497578357
ASSE;CANELONES;MG;2.26471393682785
ASSE;CANELONES;MFYC;1.87937195769587
ASSE;CANELONES;Pediatría;4.70529889548418
ASSE;CANELONES;Gine;0.719110924022646
ASSE;CANELONES;AE;7.21410961690667
ASSE;CANELONES;LE;0.916876628969936
ASSE;CERRO LARGO;MG;4.32763802990848
ASSE;CERRO LARGO;MFYC;0.221087821542175
ASSE;CERRO LARGO;Pediatría;5.02001243125306
ASSE;CERRO LARGO;Gine;1.29279917296243
ASSE;CERRO LARGO;AE;12.2082899124813
ASSE;CERRO LARGO;LE;1.38466375142769
ASSE;COLONIA;MG;3.29903933776388
ASSE;COLONIA;MFYC;0.623376207662205
ASSE;COLONIA;Pediatría;9.24977412366587
ASSE;COLONIA;Gine;0.966555502758492
ASSE;COLONIA;AE;12.9928238198089
ASSE;COLONIA;LE;1.73907383671655
ASSE;DURAZNO;MG;5.24767783011277
ASSE;DURAZNO;MFYC;0.266163325114173
ASSE;DURAZNO;Pediatría;5.82143162635305
ASSE;DURAZNO;Gine;1.62426339980048
ASSE;DURAZNO;AE;13.0309134576194
ASSE;DURAZNO;LE;2.08078838994315
ASSE;FLORES;MG;1.80642612596114
ASSE;FLORES;MFYC;1.37712627307514
ASSE;FLORES;Pediatría;1.93866380495733
ASSE;FLORES;Gine;1.80814872734909
ASSE;FLORES;AE;8.91356629206364
ASSE;FLORES;LE;0.201419372906009
ASSE;FLORIDA;MG;4.11099487138237
ASSE;FLORIDA;MFYC;2.74872318496929
ASSE;FLORIDA;Pediatría;12.6571768063214
ASSE;FLORIDA;Gine;0.191282517063972
ASSE;FLORIDA;AE;16.338793775312
ASSE;FLORIDA;LE;1.49364288308705
ASSE;LAVALLEJA;MG;5.00829336268333
ASSE;LAVALLEJA;MFYC;0.675455018182973
ASSE;LAVALLEJA;Pediatría;9.62564993138156
ASSE;LAVALLEJA;Gine;0.493998455922107
ASSE;LAVALLEJA;AE;20.7604759379851
ASSE;LAVALLEJA;LE;1.62746236616063
ASSE;MALDONADO;MG;3.9323398256336
ASSE;MALDONADO;MFYC;1.41364597010537
ASSE;MALDONADO;Pediatría;6.09526200410765
ASSE;MALDONADO;Gine;2.26194522708494
ASSE;MALDONADO;AE;11.721742365412
ASSE;MALDONADO;LE;1.6282124693288
ASSE;MONTEVIDEO;MG;2.13003815626027
ASSE;MONTEVIDEO;MFYC;1.92119245794065
ASSE;MONTEVIDEO;Pediatría;8.13431953707578
ASSE;MONTEVIDEO;Gine;1.32370363434769
ASSE;MONTEVIDEO;AE;10.4310938862993
ASSE;MONTEVIDEO;LE;1.68488607705678
ASSE;PAYSANDU;MG;1.73457768747323
ASSE;PAYSANDU;MFYC;0.988420094772655
ASSE;PAYSANDU;Pediatría;9.2872724433398
ASSE;PAYSANDU;Gine;0.90365837680292
ASSE;PAYSANDU;AE;15.6816999685674
ASSE;PAYSANDU;LE;2.35235519650838
ASSE;RIO NEGRO;MG;3.54778986751635
ASSE;RIO NEGRO;MFYC;0.3809708811803
ASSE;RIO NEGRO;Pediatría;5.91326710284581
ASSE;RIO NEGRO;Gine;1.84444068665815
ASSE;RIO NEGRO;AE;11.262022322041
ASSE;RIO NEGRO;LE;1.47773154816966
ASSE;RIVERA;MG;3.07502431388378
ASSE;RIVERA;MFYC;0.315644449428395
ASSE;RIVERA;Pediatría;2.77369256217785
ASSE;RIVERA;Gine;0.82381656483744
ASSE;RIVERA;AE;14.5385017970957
ASSE;RIVERA;LE;2.77890974975026
ASSE;ROCHA;MG;4.21499231856866
ASSE;ROCHA;MFYC;1.03963180717963
ASSE;ROCHA;Pediatría;5.21425147879364
ASSE;ROCHA;Gine;1.66226654115844
ASSE;ROCHA;AE;17.51763396095
ASSE;ROCHA;LE;1.58925521388627
ASSE;SALTO;MG;2.3367445292785
ASSE;SALTO;MFYC;0.918882965322588
ASSE;SALTO;Pediatría;3.88042781414867
ASSE;SALTO;Gine;0.908484070911295
ASSE;SALTO;AE;10.5756740875923
ASSE;SALTO;LE;2.81123758382128
ASSE;SAN JOSE;MG;2.41537339840807
ASSE;SAN JOSE;MFYC;0.907618188783457
ASSE;SAN JOSE;Pediatría;3.54586682804301
ASSE;SAN JOSE;Gine;1.55848708665724
ASSE;SAN JOSE;AE;10.5339928891785
ASSE;SAN JOSE;LE;1.77316383309022
ASSE;SORIANO;MG;3.11354888558437
ASSE;SORIANO;MFYC;0.386966998605503
ASSE;SORIANO;Pediatría;11.3726450650806
ASSE;SORIANO;Gine;0.920449548585563
ASSE;SORIANO;AE;11.0252758528898
ASSE;SORIANO;LE;2.60412093478231
ASSE;TACUAREMBO;MG;4.12675122360957
ASSE;TACUAREMBO;MFYC;0.325609813707455
ASSE;TACUAREMBO;Pediatría;6.37024900066687
ASSE;TACUAREMBO;Gine;1.84776471362928
ASSE;TACUAREMBO;AE;9.41647064616147
ASSE;TACUAREMBO;LE;1.3190599762608
ASSE;TREINTA Y TRES;MG;5.25717774756126
ASSE;TREINTA Y TRES;MFYC;0.277512798452873
ASSE;TREINTA Y TRES;Pediatría;6.57494904458216
ASSE;TREINTA Y TRES;Gine;1.48201560721056
ASSE;TREINTA Y TRES;AE;18.4608286124766
ASSE;TREINTA Y TRES;LE;3.06671519368367
CAAMEPA;ARTIGAS;MG;0
CAAMEPA;ARTIGAS;MFYC;0
CAAMEPA;ARTIGAS;Pediatría;0
CAAMEPA;ARTIGAS;Gine;0
CAAMEPA;ARTIGAS;AE;0
CAAMEPA;ARTIGAS;LE;0
CAAMEPA;CANELONES;MG;1.81008774249676
CAAMEPA;CANELONES;MFYC;0
CAAMEPA;CANELONES;Pediatría;2.78594625902411
CAAMEPA;CANELONES;Gine;0.514098448706338
CAAMEPA;CANELONES;AE;2.84967264385504
CAAMEPA;CANELONES;LE;0.284967264385504
CAAMEPA;CERRO LARGO;MG;0
CAAMEPA;CERRO LARGO;MFYC;0
CAAMEPA;CERRO LARGO;Pediatría;0
CAAMEPA;CERRO LARGO;Gine;0
CAAMEPA;CERRO LARGO;AE;0
CAAMEPA;CERRO LARGO;LE;0
CAAMEPA;COLONIA;MG;0
CAAMEPA;COLONIA;MFYC;0
CAAMEPA;COLONIA;Pediatría;0
CAAMEPA;COLONIA;Gine;0
CAAMEPA;COLONIA;AE;0
CAAMEPA;COLONIA;LE;0
CAAMEPA;DURAZNO;MG;0
CAAMEPA;DURAZNO;MFYC;0
CAAMEPA;DURAZNO;Pediatría;0
CAAMEPA;DURAZNO;Gine;0
CAAMEPA;DURAZNO;AE;0
CAAMEPA;DURAZNO;LE;0
CAAMEPA;FLORES;MG;0
CAAMEPA;FLORES;MFYC;0
CAAMEPA;FLORES;Pediatría;0
CAAMEPA;FLORES;Gine;0
CAAMEPA;FLORES;AE;0
CAAMEPA;FLORES;LE;0
CAAMEPA;FLORIDA;MG;0
CAAMEPA;FLORIDA;MFYC;0
CAAMEPA;FLORIDA;Pediatría;0
CAAMEPA;FLORIDA;Gine;0
CAAMEPA;FLORIDA;AE;0
CAAMEPA;FLORIDA;LE;0
CAAMEPA;LAVALLEJA;MG;0
CAAMEPA;LAVALLEJA;MFYC;0
CAAMEPA;LAVALLEJA;Pediatría;0
CAAMEPA;LAVALLEJA;Gine;0
CAAMEPA;LAVALLEJA;AE;0
CAAMEPA;LAVALLEJA;LE;0
CAAMEPA;MALDONADO;MG;0
CAAMEPA;MALDONADO;MFYC;0
CAAMEPA;MALDONADO;Pediatría;0
CAAMEPA;MALDONADO;Gine;0
CAAMEPA;MALDONADO;AE;0
CAAMEPA;MALDONADO;LE;0
CAAMEPA;MONTEVIDEO;MG;0
CAAMEPA;MONTEVIDEO;MFYC;0
CAAMEPA;MONTEVIDEO;Pediatría;0
CAAMEPA;MONTEVIDEO;Gine;0
CAAMEPA;MONTEVIDEO;AE;0
CAAMEPA;MONTEVIDEO;LE;0
CAAMEPA;PAYSANDU;MG;0
CAAMEPA;PAYSANDU;MFYC;0
CAAMEPA;PAYSANDU;Pediatría;0
CAAMEPA;PAYSANDU;Gine;0
CAAMEPA;PAYSANDU;AE;0
CAAMEPA;PAYSANDU;LE;0
CAAMEPA;RIO NEGRO;MG;0
CAAMEPA;RIO NEGRO;MFYC;0
CAAMEPA;RIO NEGRO;Pediatría;0
CAAMEPA;RIO NEGRO;Gine;0
CAAMEPA;RIO NEGRO;AE;0
CAAMEPA;RIO NEGRO;LE;0
CAAMEPA;RIVERA;MG;0
CAAMEPA;RIVERA;MFYC;0
CAAMEPA;RIVERA;Pediatría;0
CAAMEPA;RIVERA;Gine;0
CAAMEPA;RIVERA;AE;0
CAAMEPA;RIVERA;LE;0
CAAMEPA;ROCHA;MG;0
CAAMEPA;ROCHA;MFYC;0
CAAMEPA;ROCHA;Pediatría;0
CAAMEPA;ROCHA;Gine;0
CAAMEPA;ROCHA;AE;0
CAAMEPA;ROCHA;LE;0
CAAMEPA;SALTO;MG;0
CAAMEPA;SALTO;MFYC;0
CAAMEPA;SALTO;Pediatría;0
CAAMEPA;SALTO;Gine;0
CAAMEPA;SALTO;AE;0
CAAMEPA;SALTO;LE;0
CAAMEPA;SAN JOSE;MG;0
CAAMEPA;SAN JOSE;MFYC;0
CAAMEPA;SAN JOSE;Pediatría;0
CAAMEPA;SAN JOSE;Gine;0
CAAMEPA;SAN JOSE;AE;0
CAAMEPA;SAN JOSE;LE;0
CAAMEPA;SORIANO;MG;0
CAAMEPA;SORIANO;MFYC;0
CAAMEPA;SORIANO;Pediatría;0
CAAMEPA;SORIANO;Gine;0
CAAMEPA;SORIANO;AE;0
CAAMEPA;SORIANO;LE;0
CAAMEPA;TACUAREMBO;MG;0
CAAMEPA;TACUAREMBO;MFYC;0
CAAMEPA;TACUAREMBO;Pediatría;0
CAAMEPA;TACUAREMBO;Gine;0
CAAMEPA;TACUAREMBO;AE;0
CAAMEPA;TACUAREMBO;LE;0
CAAMEPA;TREINTA Y TRES;MG;0
CAAMEPA;TREINTA Y TRES;MFYC;0
CAAMEPA;TREINTA Y TRES;Pediatría;0
CAAMEPA;TREINTA Y TRES;Gine;0
CAAMEPA;TREINTA Y TRES;AE;0
CAAMEPA;TREINTA Y TRES;LE;0
CAMCEL;ARTIGAS;MG;0
CAMCEL;ARTIGAS;MFYC;0
CAMCEL;ARTIGAS;Pediatría;0
CAMCEL;ARTIGAS;Gine;0
CAMCEL;ARTIGAS;AE;0
CAMCEL;ARTIGAS;LE;0
CAMCEL;CANELONES;MG;0
CAMCEL;CANELONES;MFYC;0
CAMCEL;CANELONES;Pediatría;0
CAMCEL;CANELONES;Gine;0
CAMCEL;CANELONES;AE;0
CAMCEL;CANELONES;LE;0
CAMCEL;CERRO LARGO;MG;0.0722420845495125
CAMCEL;CERRO LARGO;MFYC;0
CAMCEL;CERRO LARGO;Pediatría;0.0136046323773245
CAMCEL;CERRO LARGO;Gine;0.302756840555771
CAMCEL;CERRO LARGO;AE;6.75009009967091
CAMCEL;CERRO LARGO;LE;0
CAMCEL;COLONIA;MG;0
CAMCEL;COLONIA;MFYC;0
CAMCEL;COLONIA;Pediatría;0
CAMCEL;COLONIA;Gine;0
CAMCEL;COLONIA;AE;0
CAMCEL;COLONIA;LE;0
CAMCEL;DURAZNO;MG;0
CAMCEL;DURAZNO;MFYC;0
CAMCEL;DURAZNO;Pediatría;0
CAMCEL;DURAZNO;Gine;0
CAMCEL;DURAZNO;AE;0
CAMCEL;DURAZNO;LE;0
CAMCEL;FLORES;MG;0
CAMCEL;FLORES;MFYC;0
CAMCEL;FLORES;Pediatría;0
CAMCEL;FLORES;Gine;0
CAMCEL;FLORES;AE;0
CAMCEL;FLORES;LE;0
CAMCEL;FLORIDA;MG;0
CAMCEL;FLORIDA;MFYC;0
CAMCEL;FLORIDA;Pediatría;0
CAMCEL;FLORIDA;Gine;0
CAMCEL;FLORIDA;AE;0
CAMCEL;FLORIDA;LE;0
CAMCEL;LAVALLEJA;MG;0
CAMCEL;LAVALLEJA;MFYC;0
CAMCEL;LAVALLEJA;Pediatría;0
CAMCEL;LAVALLEJA;Gine;0
CAMCEL;LAVALLEJA;AE;0
CAMCEL;LAVALLEJA;LE;0
CAMCEL;MALDONADO;MG;0
CAMCEL;MALDONADO;MFYC;0
CAMCEL;MALDONADO;Pediatría;0
CAMCEL;MALDONADO;Gine;0
CAMCEL;MALDONADO;AE;0
CAMCEL;MALDONADO;LE;0
CAMCEL;MONTEVIDEO;MG;0
CAMCEL;MONTEVIDEO;MFYC;0
CAMCEL;MONTEVIDEO;Pediatría;0
CAMCEL;MONTEVIDEO;Gine;0
CAMCEL;MONTEVIDEO;AE;0
CAMCEL;MONTEVIDEO;LE;0
CAMCEL;PAYSANDU;MG;0
CAMCEL;PAYSANDU;MFYC;0
CAMCEL;PAYSANDU;Pediatría;0
CAMCEL;PAYSANDU;Gine;0
CAMCEL;PAYSANDU;AE;0
CAMCEL;PAYSANDU;LE;0
CAMCEL;RIO NEGRO;MG;0
CAMCEL;RIO NEGRO;MFYC;0
CAMCEL;RIO NEGRO;Pediatría;0
CAMCEL;RIO NEGRO;Gine;0
CAMCEL;RIO NEGRO;AE;0
CAMCEL;RIO NEGRO;LE;0
CAMCEL;RIVERA;MG;0
CAMCEL;RIVERA;MFYC;0
CAMCEL;RIVERA;Pediatría;0
CAMCEL;RIVERA;Gine;0
CAMCEL;RIVERA;AE;0
CAMCEL;RIVERA;LE;0
CAMCEL;ROCHA;MG;0
CAMCEL;ROCHA;MFYC;0
CAMCEL;ROCHA;Pediatría;0
CAMCEL;ROCHA;Gine;0
CAMCEL;ROCHA;AE;0
CAMCEL;ROCHA;LE;0
CAMCEL;SALTO;MG;0
CAMCEL;SALTO;MFYC;0
CAMCEL;SALTO;Pediatría;0
CAMCEL;SALTO;Gine;0
CAMCEL;SALTO;AE;0
CAMCEL;SALTO;LE;0
CAMCEL;SAN JOSE;MG;0
CAMCEL;SAN JOSE;MFYC;0
CAMCEL;SAN JOSE;Pediatría;0
CAMCEL;SAN JOSE;Gine;0
CAMCEL;SAN JOSE;AE;0
CAMCEL;SAN JOSE;LE;0
CAMCEL;SORIANO;MG;0
CAMCEL;SORIANO;MFYC;0
CAMCEL;SORIANO;Pediatría;0
CAMCEL;SORIANO;Gine;0
CAMCEL;SORIANO;AE;0
CAMCEL;SORIANO;LE;0
CAMCEL;TACUAREMBO;MG;0
CAMCEL;TACUAREMBO;MFYC;0
CAMCEL;TACUAREMBO;Pediatría;0
CAMCEL;TACUAREMBO;Gine;0
CAMCEL;TACUAREMBO;AE;0
CAMCEL;TACUAREMBO;LE;0
CAMCEL;TREINTA Y TRES;MG;0
CAMCEL;TREINTA Y TRES;MFYC;0
CAMCEL;TREINTA Y TRES;Pediatría;0
CAMCEL;TREINTA Y TRES;Gine;0
CAMCEL;TREINTA Y TRES;AE;47.3109302163779
CAMCEL;TREINTA Y TRES;LE;0
CAMDEL;ARTIGAS;MG;0
CAMDEL;ARTIGAS;MFYC;0
CAMDEL;ARTIGAS;Pediatría;0
CAMDEL;ARTIGAS;Gine;0
CAMDEL;ARTIGAS;AE;0
CAMDEL;ARTIGAS;LE;0
CAMDEL;CANELONES;MG;0
CAMDEL;CANELONES;MFYC;0
CAMDEL;CANELONES;Pediatría;0
CAMDEL;CANELONES;Gine;0
CAMDEL;CANELONES;AE;0
CAMDEL;CANELONES;LE;0
CAMDEL;CERRO LARGO;MG;0
CAMDEL;CERRO LARGO;MFYC;0
CAMDEL;CERRO LARGO;Pediatría;0
CAMDEL;CERRO LARGO;Gine;0
CAMDEL;CERRO LARGO;AE;0
CAMDEL;CERRO LARGO;LE;0
CAMDEL;COLONIA;MG;0
CAMDEL;COLONIA;MFYC;0
CAMDEL;COLONIA;Pediatría;0
CAMDEL;COLONIA;Gine;0
CAMDEL;COLONIA;AE;0
CAMDEL;COLONIA;LE;0
CAMDEL;DURAZNO;MG;0
CAMDEL;DURAZNO;MFYC;0
CAMDEL;DURAZNO;Pediatría;0
CAMDEL;DURAZNO;Gine;0
CAMDEL;DURAZNO;AE;0
CAMDEL;DURAZNO;LE;0
CAMDEL;FLORES;MG;0
CAMDEL;FLORES;MFYC;0
CAMDEL;FLORES;Pediatría;0
CAMDEL;FLORES;Gine;0
CAMDEL;FLORES;AE;0
CAMDEL;FLORES;LE;0
CAMDEL;FLORIDA;MG;0
CAMDEL;FLORIDA;MFYC;0
CAMDEL;FLORIDA;Pediatría;0
CAMDEL;FLORIDA;Gine;0
CAMDEL;FLORIDA;AE;0
CAMDEL;FLORIDA;LE;0
CAMDEL;LAVALLEJA;MG;2.96751419233271
CAMDEL;LAVALLEJA;MFYC;0
CAMDEL;LAVALLEJA;Pediatría;3.75222255001236
CAMDEL;LAVALLEJA;Gine;1.16751711755109
CAMDEL;LAVALLEJA;AE;14.2645817103222
CAMDEL;LAVALLEJA;LE;0.34696019499163
CAMDEL;MALDONADO;MG;0
CAMDEL;MALDONADO;MFYC;0
CAMDEL;MALDONADO;Pediatría;0
CAMDEL;MALDONADO;Gine;0
CAMDEL;MALDONADO;AE;0
CAMDEL;MALDONADO;LE;0
CAMDEL;MONTEVIDEO;MG;0
CAMDEL;MONTEVIDEO;MFYC;0
CAMDEL;MONTEVIDEO;Pediatría;0
CAMDEL;MONTEVIDEO;Gine;0
CAMDEL;MONTEVIDEO;AE;0
CAMDEL;MONTEVIDEO;LE;0
CAMDEL;PAYSANDU;MG;0
CAMDEL;PAYSANDU;MFYC;0
CAMDEL;PAYSANDU;Pediatría;0
CAMDEL;PAYSANDU;Gine;0
CAMDEL;PAYSANDU;AE;0
CAMDEL;PAYSANDU;LE;0
CAMDEL;RIO NEGRO;MG;0
CAMDEL;RIO NEGRO;MFYC;0
CAMDEL;RIO NEGRO;Pediatría;0
CAMDEL;RIO NEGRO;Gine;0
CAMDEL;RIO NEGRO;AE;0
CAMDEL;RIO NEGRO;LE;0
CAMDEL;RIVERA;MG;0
CAMDEL;RIVERA;MFYC;0
CAMDEL;RIVERA;Pediatría;0
CAMDEL;RIVERA;Gine;0
CAMDEL;RIVERA;AE;0
CAMDEL;RIVERA;LE;0
CAMDEL;ROCHA;MG;0
CAMDEL;ROCHA;MFYC;0
CAMDEL;ROCHA;Pediatría;0
CAMDEL;ROCHA;Gine;0
CAMDEL;ROCHA;AE;0
CAMDEL;ROCHA;LE;0
CAMDEL;SALTO;MG;0
CAMDEL;SALTO;MFYC;0
CAMDEL;SALTO;Pediatría;0
CAMDEL;SALTO;Gine;0
CAMDEL;SALTO;AE;0
CAMDEL;SALTO;LE;0
CAMDEL;SAN JOSE;MG;0
CAMDEL;SAN JOSE;MFYC;0
CAMDEL;SAN JOSE;Pediatría;0
CAMDEL;SAN JOSE;Gine;0
CAMDEL;SAN JOSE;AE;0
CAMDEL;SAN JOSE;LE;0
CAMDEL;SORIANO;MG;0
CAMDEL;SORIANO;MFYC;0
CAMDEL;SORIANO;Pediatría;0
CAMDEL;SORIANO;Gine;0
CAMDEL;SORIANO;AE;0
CAMDEL;SORIANO;LE;0
CAMDEL;TACUAREMBO;MG;0
CAMDEL;TACUAREMBO;MFYC;0
CAMDEL;TACUAREMBO;Pediatría;0
CAMDEL;TACUAREMBO;Gine;0
CAMDEL;TACUAREMBO;AE;0
CAMDEL;TACUAREMBO;LE;0
CAMDEL;TREINTA Y TRES;MG;0
CAMDEL;TREINTA Y TRES;MFYC;0
CAMDEL;TREINTA Y TRES;Pediatría;0
CAMDEL;TREINTA Y TRES;Gine;0
CAMDEL;TREINTA Y TRES;AE;0
CAMDEL;TREINTA Y TRES;LE;0
CAMEC;ARTIGAS;MG;0
CAMEC;ARTIGAS;MFYC;0
CAMEC;ARTIGAS;Pediatría;0
CAMEC;ARTIGAS;Gine;0
CAMEC;ARTIGAS;AE;0
CAMEC;ARTIGAS;LE;0
CAMEC;CANELONES;MG;0
CAMEC;CANELONES;MFYC;0
CAMEC;CANELONES;Pediatría;0
CAMEC;CANELONES;Gine;0
CAMEC;CANELONES;AE;0
CAMEC;CANELONES;LE;0
CAMEC;CERRO LARGO;MG;0
CAMEC;CERRO LARGO;MFYC;0
CAMEC;CERRO LARGO;Pediatría;0
CAMEC;CERRO LARGO;Gine;0
CAMEC;CERRO LARGO;AE;0
CAMEC;CERRO LARGO;LE;0
CAMEC;COLONIA;MG;0.137766853369649
CAMEC;COLONIA;MFYC;0
CAMEC;COLONIA;Pediatría;0
CAMEC;COLONIA;Gine;0.276593963700682
CAMEC;COLONIA;AE;0
CAMEC;COLONIA;LE;0
CAMEC;DURAZNO;MG;0
CAMEC;DURAZNO;MFYC;0
CAMEC;DURAZNO;Pediatría;0
CAMEC;DURAZNO;Gine;0
CAMEC;DURAZNO;AE;0
CAMEC;DURAZNO;LE;0
CAMEC;FLORES;MG;0
CAMEC;FLORES;MFYC;0
CAMEC;FLORES;Pediatría;0
CAMEC;FLORES;Gine;0
CAMEC;FLORES;AE;0
CAMEC;FLORES;LE;0
CAMEC;FLORIDA;MG;0
CAMEC;FLORIDA;MFYC;0
CAMEC;FLORIDA;Pediatría;0
CAMEC;FLORIDA;Gine;0
CAMEC;FLORIDA;AE;0
CAMEC;FLORIDA;LE;0
CAMEC;LAVALLEJA;MG;0
CAMEC;LAVALLEJA;MFYC;0
CAMEC;LAVALLEJA;Pediatría;0
CAMEC;LAVALLEJA;Gine;0
CAMEC;LAVALLEJA;AE;0
CAMEC;LAVALLEJA;LE;0
CAMEC;MALDONADO;MG;0
CAMEC;MALDONADO;MFYC;0
CAMEC;MALDONADO;Pediatría;0
CAMEC;MALDONADO;Gine;0
CAMEC;MALDONADO;AE;0
CAMEC;MALDONADO;LE;0
CAMEC;MONTEVIDEO;MG;0
CAMEC;MONTEVIDEO;MFYC;0
CAMEC;MONTEVIDEO;Pediatría;0
CAMEC;MONTEVIDEO;Gine;0
CAMEC;MONTEVIDEO;AE;0
CAMEC;MONTEVIDEO;LE;0
CAMEC;PAYSANDU;MG;0
CAMEC;PAYSANDU;MFYC;0
CAMEC;PAYSANDU;Pediatría;0
CAMEC;PAYSANDU;Gine;0
CAMEC;PAYSANDU;AE;0
CAMEC;PAYSANDU;LE;0
CAMEC;RIO NEGRO;MG;0
CAMEC;RIO NEGRO;MFYC;0
CAMEC;RIO NEGRO;Pediatría;0
CAMEC;RIO NEGRO;Gine;0
CAMEC;RIO NEGRO;AE;0
CAMEC;RIO NEGRO;LE;0
CAMEC;RIVERA;MG;0
CAMEC;RIVERA;MFYC;0
CAMEC;RIVERA;Pediatría;0
CAMEC;RIVERA;Gine;0
CAMEC;RIVERA;AE;0
CAMEC;RIVERA;LE;0
CAMEC;ROCHA;MG;0
CAMEC;ROCHA;MFYC;0
CAMEC;ROCHA;Pediatría;0
CAMEC;ROCHA;Gine;0
CAMEC;ROCHA;AE;0
CAMEC;ROCHA;LE;0
CAMEC;SALTO;MG;0
CAMEC;SALTO;MFYC;0
CAMEC;SALTO;Pediatría;0
CAMEC;SALTO;Gine;0
CAMEC;SALTO;AE;0
CAMEC;SALTO;LE;0
CAMEC;SAN JOSE;MG;0
CAMEC;SAN JOSE;MFYC;0
CAMEC;SAN JOSE;Pediatría;0
CAMEC;SAN JOSE;Gine;0
CAMEC;SAN JOSE;AE;0
CAMEC;SAN JOSE;LE;0
CAMEC;SORIANO;MG;0
CAMEC;SORIANO;MFYC;0
CAMEC;SORIANO;Pediatría;0
CAMEC;SORIANO;Gine;0
CAMEC;SORIANO;AE;0
CAMEC;SORIANO;LE;0
CAMEC;TACUAREMBO;MG;0
CAMEC;TACUAREMBO;MFYC;0
CAMEC;TACUAREMBO;Pediatría;0
CAMEC;TACUAREMBO;Gine;0
CAMEC;TACUAREMBO;AE;0
CAMEC;TACUAREMBO;LE;0
CAMEC;TREINTA Y TRES;MG;0
CAMEC;TREINTA Y TRES;MFYC;0
CAMEC;TREINTA Y TRES;Pediatría;0
CAMEC;TREINTA Y TRES;Gine;0
CAMEC;TREINTA Y TRES;AE;0
CAMEC;TREINTA Y TRES;LE;0
CAMEDUR;ARTIGAS;MG;0
CAMEDUR;ARTIGAS;MFYC;0
CAMEDUR;ARTIGAS;Pediatría;0
CAMEDUR;ARTIGAS;Gine;0
CAMEDUR;ARTIGAS;AE;0
CAMEDUR;ARTIGAS;LE;0
CAMEDUR;CANELONES;MG;0
CAMEDUR;CANELONES;MFYC;0
CAMEDUR;CANELONES;Pediatría;0
CAMEDUR;CANELONES;Gine;0
CAMEDUR;CANELONES;AE;0
CAMEDUR;CANELONES;LE;0
CAMEDUR;CERRO LARGO;MG;0
CAMEDUR;CERRO LARGO;MFYC;0
CAMEDUR;CERRO LARGO;Pediatría;0
CAMEDUR;CERRO LARGO;Gine;0
CAMEDUR;CERRO LARGO;AE;0
CAMEDUR;CERRO LARGO;LE;0
CAMEDUR;COLONIA;MG;0
CAMEDUR;COLONIA;MFYC;0
CAMEDUR;COLONIA;Pediatría;0
CAMEDUR;COLONIA;Gine;0
CAMEDUR;COLONIA;AE;0
CAMEDUR;COLONIA;LE;0
CAMEDUR;DURAZNO;MG;4.28262446948206
CAMEDUR;DURAZNO;MFYC;0
CAMEDUR;DURAZNO;Pediatría;4.44900591526641
CAMEDUR;DURAZNO;Gine;1.5803417732481
CAMEDUR;DURAZNO;AE;9.91190726583883
CAMEDUR;DURAZNO;LE;0.606722485135299
CAMEDUR;FLORES;MG;0
CAMEDUR;FLORES;MFYC;0
CAMEDUR;FLORES;Pediatría;0
CAMEDUR;FLORES;Gine;0
CAMEDUR;FLORES;AE;0
CAMEDUR;FLORES;LE;0
CAMEDUR;FLORIDA;MG;0
CAMEDUR;FLORIDA;MFYC;0
CAMEDUR;FLORIDA;Pediatría;0
CAMEDUR;FLORIDA;Gine;0
CAMEDUR;FLORIDA;AE;0
CAMEDUR;FLORIDA;LE;0
CAMEDUR;LAVALLEJA;MG;0
CAMEDUR;LAVALLEJA;MFYC;0
CAMEDUR;LAVALLEJA;Pediatría;0
CAMEDUR;LAVALLEJA;Gine;0
CAMEDUR;LAVALLEJA;AE;0
CAMEDUR;LAVALLEJA;LE;0
CAMEDUR;MALDONADO;MG;0
CAMEDUR;MALDONADO;MFYC;0
CAMEDUR;MALDONADO;Pediatría;0
CAMEDUR;MALDONADO;Gine;0
CAMEDUR;MALDONADO;AE;0
CAMEDUR;MALDONADO;LE;0
CAMEDUR;MONTEVIDEO;MG;0
CAMEDUR;MONTEVIDEO;MFYC;0
CAMEDUR;MONTEVIDEO;Pediatría;0
CAMEDUR;MONTEVIDEO;Gine;0
CAMEDUR;MONTEVIDEO;AE;0
CAMEDUR;MONTEVIDEO;LE;0
CAMEDUR;PAYSANDU;MG;0
CAMEDUR;PAYSANDU;MFYC;0
CAMEDUR;PAYSANDU;Pediatría;0
CAMEDUR;PAYSANDU;Gine;0
CAMEDUR;PAYSANDU;AE;0
CAMEDUR;PAYSANDU;LE;0
CAMEDUR;RIO NEGRO;MG;0
CAMEDUR;RIO NEGRO;MFYC;0
CAMEDUR;RIO NEGRO;Pediatría;0
CAMEDUR;RIO NEGRO;Gine;0
CAMEDUR;RIO NEGRO;AE;0
CAMEDUR;RIO NEGRO;LE;0
CAMEDUR;RIVERA;MG;0
CAMEDUR;RIVERA;MFYC;0
CAMEDUR;RIVERA;Pediatría;0
CAMEDUR;RIVERA;Gine;0
CAMEDUR;RIVERA;AE;0
CAMEDUR;RIVERA;LE;0
CAMEDUR;ROCHA;MG;0
CAMEDUR;ROCHA;MFYC;0
CAMEDUR;ROCHA;Pediatría;0
CAMEDUR;ROCHA;Gine;0
CAMEDUR;ROCHA;AE;0
CAMEDUR;ROCHA;LE;0
CAMEDUR;SALTO;MG;0
CAMEDUR;SALTO;MFYC;0
CAMEDUR;SALTO;Pediatría;0
CAMEDUR;SALTO;Gine;0
CAMEDUR;SALTO;AE;0
CAMEDUR;SALTO;LE;0
CAMEDUR;SAN JOSE;MG;0
CAMEDUR;SAN JOSE;MFYC;0
CAMEDUR;SAN JOSE;Pediatría;0
CAMEDUR;SAN JOSE;Gine;0
CAMEDUR;SAN JOSE;AE;0
CAMEDUR;SAN JOSE;LE;0
CAMEDUR;SORIANO;MG;0
CAMEDUR;SORIANO;MFYC;0
CAMEDUR;SORIANO;Pediatría;0
CAMEDUR;SORIANO;Gine;0
CAMEDUR;SORIANO;AE;0
CAMEDUR;SORIANO;LE;0
CAMEDUR;TACUAREMBO;MG;0
CAMEDUR;TACUAREMBO;MFYC;0
CAMEDUR;TACUAREMBO;Pediatría;0
CAMEDUR;TACUAREMBO;Gine;0
CAMEDUR;TACUAREMBO;AE;0
CAMEDUR;TACUAREMBO;LE;0
CAMEDUR;TREINTA Y TRES;MG;0
CAMEDUR;TREINTA Y TRES;MFYC;0
CAMEDUR;TREINTA Y TRES;Pediatría;0
CAMEDUR;TREINTA Y TRES;Gine;0
CAMEDUR;TREINTA Y TRES;AE;0
CAMEDUR;TREINTA Y TRES;LE;0
CAMOC;ARTIGAS;MG;0
CAMOC;ARTIGAS;MFYC;0
CAMOC;ARTIGAS;Pediatría;0
CAMOC;ARTIGAS;Gine;0
CAMOC;ARTIGAS;AE;0
CAMOC;ARTIGAS;LE;0
CAMOC;CANELONES;MG;0
CAMOC;CANELONES;MFYC;0
CAMOC;CANELONES;Pediatría;0
CAMOC;CANELONES;Gine;0
CAMOC;CANELONES;AE;0
CAMOC;CANELONES;LE;0
CAMOC;CERRO LARGO;MG;0
CAMOC;CERRO LARGO;MFYC;0
CAMOC;CERRO LARGO;Pediatría;0
CAMOC;CERRO LARGO;Gine;0
CAMOC;CERRO LARGO;AE;0
CAMOC;CERRO LARGO;LE;0
CAMOC;COLONIA;MG;2.46918092638957
CAMOC;COLONIA;MFYC;0
CAMOC;COLONIA;Pediatría;5.16581632653061
CAMOC;COLONIA;Gine;1.05012204121019
CAMOC;COLONIA;AE;7.48408228275744
CAMOC;COLONIA;LE;0
CAMOC;DURAZNO;MG;0
CAMOC;DURAZNO;MFYC;0
CAMOC;DURAZNO;Pediatría;0
CAMOC;DURAZNO;Gine;0
CAMOC;DURAZNO;AE;0
CAMOC;DURAZNO;LE;0
CAMOC;FLORES;MG;0
CAMOC;FLORES;MFYC;0
CAMOC;FLORES;Pediatría;0
CAMOC;FLORES;Gine;0
CAMOC;FLORES;AE;0
CAMOC;FLORES;LE;0
CAMOC;FLORIDA;MG;0
CAMOC;FLORIDA;MFYC;0
CAMOC;FLORIDA;Pediatría;0
CAMOC;FLORIDA;Gine;0
CAMOC;FLORIDA;AE;0
CAMOC;FLORIDA;LE;0
CAMOC;LAVALLEJA;MG;0
CAMOC;LAVALLEJA;MFYC;0
CAMOC;LAVALLEJA;Pediatría;0
CAMOC;LAVALLEJA;Gine;0
CAMOC;LAVALLEJA;AE;0
CAMOC;LAVALLEJA;LE;0
CAMOC;MALDONADO;MG;0
CAMOC;MALDONADO;MFYC;0
CAMOC;MALDONADO;Pediatría;0
CAMOC;MALDONADO;Gine;0
CAMOC;MALDONADO;AE;0
CAMOC;MALDONADO;LE;0
CAMOC;MONTEVIDEO;MG;0
CAMOC;MONTEVIDEO;MFYC;0
CAMOC;MONTEVIDEO;Pediatría;0
CAMOC;MONTEVIDEO;Gine;0
CAMOC;MONTEVIDEO;AE;0
CAMOC;MONTEVIDEO;LE;0
CAMOC;PAYSANDU;MG;0
CAMOC;PAYSANDU;MFYC;0
CAMOC;PAYSANDU;Pediatría;0
CAMOC;PAYSANDU;Gine;0
CAMOC;PAYSANDU;AE;0
CAMOC;PAYSANDU;LE;0
CAMOC;RIO NEGRO;MG;0
CAMOC;RIO NEGRO;MFYC;0
CAMOC;RIO NEGRO;Pediatría;0
CAMOC;RIO NEGRO;Gine;0
CAMOC;RIO NEGRO;AE;0
CAMOC;RIO NEGRO;LE;0
CAMOC;RIVERA;MG;0
CAMOC;RIVERA;MFYC;0
CAMOC;RIVERA;Pediatría;0
CAMOC;RIVERA;Gine;0
CAMOC;RIVERA;AE;0
CAMOC;RIVERA;LE;0
CAMOC;ROCHA;MG;0
CAMOC;ROCHA;MFYC;0
CAMOC;ROCHA;Pediatría;0
CAMOC;ROCHA;Gine;0
CAMOC;ROCHA;AE;0
CAMOC;ROCHA;LE;0
CAMOC;SALTO;MG;0
CAMOC;SALTO;MFYC;0
CAMOC;SALTO;Pediatría;0
CAMOC;SALTO;Gine;0
CAMOC;SALTO;AE;0
CAMOC;SALTO;LE;0
CAMOC;SAN JOSE;MG;0
CAMOC;SAN JOSE;MFYC;0
CAMOC;SAN JOSE;Pediatría;0
CAMOC;SAN JOSE;Gine;0
CAMOC;SAN JOSE;AE;0
CAMOC;SAN JOSE;LE;0
CAMOC;SORIANO;MG;0
CAMOC;SORIANO;MFYC;0
CAMOC;SORIANO;Pediatría;0
CAMOC;SORIANO;Gine;0
CAMOC;SORIANO;AE;0
CAMOC;SORIANO;LE;0
CAMOC;TACUAREMBO;MG;0
CAMOC;TACUAREMBO;MFYC;0
CAMOC;TACUAREMBO;Pediatría;0
CAMOC;TACUAREMBO;Gine;0
CAMOC;TACUAREMBO;AE;0
CAMOC;TACUAREMBO;LE;0
CAMOC;TREINTA Y TRES;MG;0
CAMOC;TREINTA Y TRES;MFYC;0
CAMOC;TREINTA Y TRES;Pediatría;0
CAMOC;TREINTA Y TRES;Gine;0
CAMOC;TREINTA Y TRES;AE;0
CAMOC;TREINTA Y TRES;LE;0
CAMS;ARTIGAS;MG;0
CAMS;ARTIGAS;MFYC;0
CAMS;ARTIGAS;Pediatría;0
CAMS;ARTIGAS;Gine;0
CAMS;ARTIGAS;AE;0
CAMS;ARTIGAS;LE;0
CAMS;CANELONES;MG;0
CAMS;CANELONES;MFYC;0
CAMS;CANELONES;Pediatría;0
CAMS;CANELONES;Gine;0
CAMS;CANELONES;AE;0
CAMS;CANELONES;LE;0
CAMS;CERRO LARGO;MG;0
CAMS;CERRO LARGO;MFYC;0
CAMS;CERRO LARGO;Pediatría;0
CAMS;CERRO LARGO;Gine;0
CAMS;CERRO LARGO;AE;0
CAMS;CERRO LARGO;LE;0
CAMS;COLONIA;MG;0
CAMS;COLONIA;MFYC;0
CAMS;COLONIA;Pediatría;0
CAMS;COLONIA;Gine;0
CAMS;COLONIA;AE;0
CAMS;COLONIA;LE;0
CAMS;DURAZNO;MG;0
CAMS;DURAZNO;MFYC;0
CAMS;DURAZNO;Pediatría;0
CAMS;DURAZNO;Gine;0
CAMS;DURAZNO;AE;0
CAMS;DURAZNO;LE;0
CAMS;FLORES;MG;0
CAMS;FLORES;MFYC;0
CAMS;FLORES;Pediatría;0
CAMS;FLORES;Gine;0
CAMS;FLORES;AE;0
CAMS;FLORES;LE;0
CAMS;FLORIDA;MG;0
CAMS;FLORIDA;MFYC;0
CAMS;FLORIDA;Pediatría;0
CAMS;FLORIDA;Gine;0
CAMS;FLORIDA;AE;0
CAMS;FLORIDA;LE;0
CAMS;LAVALLEJA;MG;0
CAMS;LAVALLEJA;MFYC;0
CAMS;LAVALLEJA;Pediatría;0
CAMS;LAVALLEJA;Gine;0
CAMS;LAVALLEJA;AE;0
CAMS;LAVALLEJA;LE;0
CAMS;MALDONADO;MG;0
CAMS;MALDONADO;MFYC;0
CAMS;MALDONADO;Pediatría;0
CAMS;MALDONADO;Gine;0
CAMS;MALDONADO;AE;0
CAMS;MALDONADO;LE;0
CAMS;MONTEVIDEO;MG;0
CAMS;MONTEVIDEO;MFYC;0
CAMS;MONTEVIDEO;Pediatría;0
CAMS;MONTEVIDEO;Gine;0
CAMS;MONTEVIDEO;AE;0
CAMS;MONTEVIDEO;LE;0
CAMS;PAYSANDU;MG;0
CAMS;PAYSANDU;MFYC;0
CAMS;PAYSANDU;Pediatría;0
CAMS;PAYSANDU;Gine;0
CAMS;PAYSANDU;AE;0
CAMS;PAYSANDU;LE;0
CAMS;RIO NEGRO;MG;0
CAMS;RIO NEGRO;MFYC;0
CAMS;RIO NEGRO;Pediatría;0
CAMS;RIO NEGRO;Gine;0
CAMS;RIO NEGRO;AE;0
CAMS;RIO NEGRO;LE;0
CAMS;RIVERA;MG;0
CAMS;RIVERA;MFYC;0
CAMS;RIVERA;Pediatría;0
CAMS;RIVERA;Gine;0
CAMS;RIVERA;AE;0
CAMS;RIVERA;LE;0
CAMS;ROCHA;MG;0
CAMS;ROCHA;MFYC;0
CAMS;ROCHA;Pediatría;0
CAMS;ROCHA;Gine;0
CAMS;ROCHA;AE;0
CAMS;ROCHA;LE;0
CAMS;SALTO;MG;0
CAMS;SALTO;MFYC;0
CAMS;SALTO;Pediatría;0
CAMS;SALTO;Gine;0
CAMS;SALTO;AE;0
CAMS;SALTO;LE;0
CAMS;SAN JOSE;MG;0
CAMS;SAN JOSE;MFYC;0
CAMS;SAN JOSE;Pediatría;0
CAMS;SAN JOSE;Gine;0
CAMS;SAN JOSE;AE;0
CAMS;SAN JOSE;LE;0
CAMS;SORIANO;MG;2.63568755307091
CAMS;SORIANO;MFYC;0.0534495585738531
CAMS;SORIANO;Pediatría;5.48608888018233
CAMS;SORIANO;Gine;1.1902921177375
CAMS;SORIANO;AE;9.33668919792794
CAMS;SORIANO;LE;0.809185403010068
CAMS;TACUAREMBO;MG;0
CAMS;TACUAREMBO;MFYC;0
CAMS;TACUAREMBO;Pediatría;0
CAMS;TACUAREMBO;Gine;0
CAMS;TACUAREMBO;AE;0
CAMS;TACUAREMBO;LE;0
CAMS;TREINTA Y TRES;MG;0
CAMS;TREINTA Y TRES;MFYC;0
CAMS;TREINTA Y TRES;Pediatría;0
CAMS;TREINTA Y TRES;Gine;0
CAMS;TREINTA Y TRES;AE;0
CAMS;TREINTA Y TRES;LE;0
CAMY;ARTIGAS;MG;0
CAMY;ARTIGAS;MFYC;0
CAMY;ARTIGAS;Pediatría;0
CAMY;ARTIGAS;Gine;0
CAMY;ARTIGAS;AE;0
CAMY;ARTIGAS;LE;0
CAMY;CANELONES;MG;0
CAMY;CANELONES;MFYC;0
CAMY;CANELONES;Pediatría;0
CAMY;CANELONES;Gine;0
CAMY;CANELONES;AE;0
CAMY;CANELONES;LE;0
CAMY;CERRO LARGO;MG;0
CAMY;CERRO LARGO;MFYC;0
CAMY;CERRO LARGO;Pediatría;0
CAMY;CERRO LARGO;Gine;0
CAMY;CERRO LARGO;AE;0
CAMY;CERRO LARGO;LE;0
CAMY;COLONIA;MG;0
CAMY;COLONIA;MFYC;0
CAMY;COLONIA;Pediatría;0
CAMY;COLONIA;Gine;0
CAMY;COLONIA;AE;0
CAMY;COLONIA;LE;0
CAMY;DURAZNO;MG;0
CAMY;DURAZNO;MFYC;0
CAMY;DURAZNO;Pediatría;0
CAMY;DURAZNO;Gine;0
CAMY;DURAZNO;AE;0
CAMY;DURAZNO;LE;0
CAMY;FLORES;MG;0
CAMY;FLORES;MFYC;0
CAMY;FLORES;Pediatría;0
CAMY;FLORES;Gine;0
CAMY;FLORES;AE;0
CAMY;FLORES;LE;0
CAMY;FLORIDA;MG;0
CAMY;FLORIDA;MFYC;0
CAMY;FLORIDA;Pediatría;0
CAMY;FLORIDA;Gine;0
CAMY;FLORIDA;AE;0
CAMY;FLORIDA;LE;0
CAMY;LAVALLEJA;MG;0
CAMY;LAVALLEJA;MFYC;0
CAMY;LAVALLEJA;Pediatría;0
CAMY;LAVALLEJA;Gine;0
CAMY;LAVALLEJA;AE;0
CAMY;LAVALLEJA;LE;0
CAMY;MALDONADO;MG;0
CAMY;MALDONADO;MFYC;0
CAMY;MALDONADO;Pediatría;0
CAMY;MALDONADO;Gine;0
CAMY;MALDONADO;AE;0
CAMY;MALDONADO;LE;0
CAMY;MONTEVIDEO;MG;0
CAMY;MONTEVIDEO;MFYC;0
CAMY;MONTEVIDEO;Pediatría;0
CAMY;MONTEVIDEO;Gine;0
CAMY;MONTEVIDEO;AE;0
CAMY;MONTEVIDEO;LE;0
CAMY;PAYSANDU;MG;0
CAMY;PAYSANDU;MFYC;0
CAMY;PAYSANDU;Pediatría;0
CAMY;PAYSANDU;Gine;0
CAMY;PAYSANDU;AE;0
CAMY;PAYSANDU;LE;0
CAMY;RIO NEGRO;MG;2.19208173398699
CAMY;RIO NEGRO;MFYC;0.808179989992164
CAMY;RIO NEGRO;Pediatría;4.44048294303541
CAMY;RIO NEGRO;Gine;2.94264915456611
CAMY;RIO NEGRO;AE;65.6856049758039
CAMY;RIO NEGRO;LE;1.32178970325821
CAMY;RIVERA;MG;0
CAMY;RIVERA;MFYC;0
CAMY;RIVERA;Pediatría;0
CAMY;RIVERA;Gine;0
CAMY;RIVERA;AE;0
CAMY;RIVERA;LE;0
CAMY;ROCHA;MG;0
CAMY;ROCHA;MFYC;0
CAMY;ROCHA;Pediatría;0
CAMY;ROCHA;Gine;0
CAMY;ROCHA;AE;0
CAMY;ROCHA;LE;0
CAMY;SALTO;MG;0
CAMY;SALTO;MFYC;0
CAMY;SALTO;Pediatría;0
CAMY;SALTO;Gine;0
CAMY;SALTO;AE;0
CAMY;SALTO;LE;0
CAMY;SAN JOSE;MG;0
CAMY;SAN JOSE;MFYC;0
CAMY;SAN JOSE;Pediatría;0
CAMY;SAN JOSE;Gine;0
CAMY;SAN JOSE;AE;0
CAMY;SAN JOSE;LE;0
CAMY;SORIANO;MG;0
CAMY;SORIANO;MFYC;0
CAMY;SORIANO;Pediatría;0
CAMY;SORIANO;Gine;0
CAMY;SORIANO;AE;0
CAMY;SORIANO;LE;0
CAMY;TACUAREMBO;MG;0
CAMY;TACUAREMBO;MFYC;0
CAMY;TACUAREMBO;Pediatría;0
CAMY;TACUAREMBO;Gine;0
CAMY;TACUAREMBO;AE;0
CAMY;TACUAREMBO;LE;0
CAMY;TREINTA Y TRES;MG;0
CAMY;TREINTA Y TRES;MFYC;0
CAMY;TREINTA Y TRES;Pediatría;0
CAMY;TREINTA Y TRES;Gine;0
CAMY;TREINTA Y TRES;AE;0
CAMY;TREINTA Y TRES;LE;0
CASMER;ARTIGAS;MG;0
CASMER;ARTIGAS;MFYC;0
CASMER;ARTIGAS;Pediatría;0
CASMER;ARTIGAS;Gine;0
CASMER;ARTIGAS;AE;0
CASMER;ARTIGAS;LE;0
CASMER;CANELONES;MG;0
CASMER;CANELONES;MFYC;0
CASMER;CANELONES;Pediatría;0
CASMER;CANELONES;Gine;0
CASMER;CANELONES;AE;0
CASMER;CANELONES;LE;0
CASMER;CERRO LARGO;MG;0
CASMER;CERRO LARGO;MFYC;0
CASMER;CERRO LARGO;Pediatría;0
CASMER;CERRO LARGO;Gine;0
CASMER;CERRO LARGO;AE;0
CASMER;CERRO LARGO;LE;0
CASMER;COLONIA;MG;0
CASMER;COLONIA;MFYC;0
CASMER;COLONIA;Pediatría;0
CASMER;COLONIA;Gine;0
CASMER;COLONIA;AE;0
CASMER;COLONIA;LE;0
CASMER;DURAZNO;MG;0
CASMER;DURAZNO;MFYC;0
CASMER;DURAZNO;Pediatría;0
CASMER;DURAZNO;Gine;0
CASMER;DURAZNO;AE;0
CASMER;DURAZNO;LE;0
CASMER;FLORES;MG;0
CASMER;FLORES;MFYC;0
CASMER;FLORES;Pediatría;0
CASMER;FLORES;Gine;0
CASMER;FLORES;AE;0
CASMER;FLORES;LE;0
CASMER;FLORIDA;MG;0
CASMER;FLORIDA;MFYC;0
CASMER;FLORIDA;Pediatría;0
CASMER;FLORIDA;Gine;0
CASMER;FLORIDA;AE;0
CASMER;FLORIDA;LE;0
CASMER;LAVALLEJA;MG;0
CASMER;LAVALLEJA;MFYC;0
CASMER;LAVALLEJA;Pediatría;0
CASMER;LAVALLEJA;Gine;0
CASMER;LAVALLEJA;AE;0
CASMER;LAVALLEJA;LE;0
CASMER;MALDONADO;MG;0
CASMER;MALDONADO;MFYC;0
CASMER;MALDONADO;Pediatría;0
CASMER;MALDONADO;Gine;0
CASMER;MALDONADO;AE;0
CASMER;MALDONADO;LE;0
CASMER;MONTEVIDEO;MG;0
CASMER;MONTEVIDEO;MFYC;0
CASMER;MONTEVIDEO;Pediatría;0
CASMER;MONTEVIDEO;Gine;0
CASMER;MONTEVIDEO;AE;0
CASMER;MONTEVIDEO;LE;0
CASMER;PAYSANDU;MG;0
CASMER;PAYSANDU;MFYC;0
CASMER;PAYSANDU;Pediatría;0
CASMER;PAYSANDU;Gine;0
CASMER;PAYSANDU;AE;0
CASMER;PAYSANDU;LE;0
CASMER;RIO NEGRO;MG;0
CASMER;RIO NEGRO;MFYC;0
CASMER;RIO NEGRO;Pediatría;0
CASMER;RIO NEGRO;Gine;0
CASMER;RIO NEGRO;AE;0
CASMER;RIO NEGRO;LE;0
CASMER;RIVERA;MG;2.66516396122687
CASMER;RIVERA;MFYC;0
CASMER;RIVERA;Pediatría;4.42051019496665
CASMER;RIVERA;Gine;1.98621768309817
CASMER;RIVERA;AE;18.6426045549712
CASMER;RIVERA;LE;0.702139610886994
CASMER;ROCHA;MG;0
CASMER;ROCHA;MFYC;0
CASMER;ROCHA;Pediatría;0
CASMER;ROCHA;Gine;0
CASMER;ROCHA;AE;0
CASMER;ROCHA;LE;0
CASMER;SALTO;MG;0
CASMER;SALTO;MFYC;0
CASMER;SALTO;Pediatría;0
CASMER;SALTO;Gine;0
CASMER;SALTO;AE;0
CASMER;SALTO;LE;0
CASMER;SAN JOSE;MG;0
CASMER;SAN JOSE;MFYC;0
CASMER;SAN JOSE;Pediatría;0
CASMER;SAN JOSE;Gine;0
CASMER;SAN JOSE;AE;0
CASMER;SAN JOSE;LE;0
CASMER;SORIANO;MG;0
CASMER;SORIANO;MFYC;0
CASMER;SORIANO;Pediatría;0
CASMER;SORIANO;Gine;0
CASMER;SORIANO;AE;0
CASMER;SORIANO;LE;0
CASMER;TACUAREMBO;MG;0
CASMER;TACUAREMBO;MFYC;0
CASMER;TACUAREMBO;Pediatría;0
CASMER;TACUAREMBO;Gine;0
CASMER;TACUAREMBO;AE;0
CASMER;TACUAREMBO;LE;0
CASMER;TREINTA Y TRES;MG;0
CASMER;TREINTA Y TRES;MFYC;0
CASMER;TREINTA Y TRES;Pediatría;0
CASMER;TREINTA Y TRES;Gine;0
CASMER;TREINTA Y TRES;AE;0
CASMER;TREINTA Y TRES;LE;0
CASMU;ARTIGAS;MG;0
CASMU;ARTIGAS;MFYC;0
CASMU;ARTIGAS;Pediatría;0
CASMU;ARTIGAS;Gine;0
CASMU;ARTIGAS;AE;0
CASMU;ARTIGAS;LE;0
CASMU;CANELONES;MG;0.266741541485329
CASMU;CANELONES;MFYC;0
CASMU;CANELONES;Pediatría;0
CASMU;CANELONES;Gine;0
CASMU;CANELONES;AE;1.50196989128049
CASMU;CANELONES;LE;0.187746236410061
CASMU;CERRO LARGO;MG;0
CASMU;CERRO LARGO;MFYC;0
CASMU;CERRO LARGO;Pediatría;0
CASMU;CERRO LARGO;Gine;0
CASMU;CERRO LARGO;AE;0
CASMU;CERRO LARGO;LE;0
CASMU;COLONIA;MG;0
CASMU;COLONIA;MFYC;0
CASMU;COLONIA;Pediatría;0
CASMU;COLONIA;Gine;0
CASMU;COLONIA;AE;0
CASMU;COLONIA;LE;0
CASMU;DURAZNO;MG;0
CASMU;DURAZNO;MFYC;0
CASMU;DURAZNO;Pediatría;0
CASMU;DURAZNO;Gine;0
CASMU;DURAZNO;AE;0
CASMU;DURAZNO;LE;0
CASMU;FLORES;MG;0
CASMU;FLORES;MFYC;0
CASMU;FLORES;Pediatría;0
CASMU;FLORES;Gine;0
CASMU;FLORES;AE;0
CASMU;FLORES;LE;0
CASMU;FLORIDA;MG;0
CASMU;FLORIDA;MFYC;0
CASMU;FLORIDA;Pediatría;0
CASMU;FLORIDA;Gine;0
CASMU;FLORIDA;AE;0
CASMU;FLORIDA;LE;0
CASMU;LAVALLEJA;MG;0
CASMU;LAVALLEJA;MFYC;0
CASMU;LAVALLEJA;Pediatría;0
CASMU;LAVALLEJA;Gine;0
CASMU;LAVALLEJA;AE;0
CASMU;LAVALLEJA;LE;0
CASMU;MALDONADO;MG;0
CASMU;MALDONADO;MFYC;0
CASMU;MALDONADO;Pediatría;0
CASMU;MALDONADO;Gine;0
CASMU;MALDONADO;AE;21.6666666666667
CASMU;MALDONADO;LE;0
CASMU;MONTEVIDEO;MG;0.601388739000368
CASMU;MONTEVIDEO;MFYC;0.527545455308081
CASMU;MONTEVIDEO;Pediatría;5.68177728573038
CASMU;MONTEVIDEO;Gine;0.650276460225541
CASMU;MONTEVIDEO;AE;2.24077499139852
CASMU;MONTEVIDEO;LE;0.512924973329843
CASMU;PAYSANDU;MG;0
CASMU;PAYSANDU;MFYC;0
CASMU;PAYSANDU;Pediatría;0
CASMU;PAYSANDU;Gine;0
CASMU;PAYSANDU;AE;0
CASMU;PAYSANDU;LE;0
CASMU;RIO NEGRO;MG;0
CASMU;RIO NEGRO;MFYC;0
CASMU;RIO NEGRO;Pediatría;0
CASMU;RIO NEGRO;Gine;0
CASMU;RIO NEGRO;AE;0
CASMU;RIO NEGRO;LE;0
CASMU;RIVERA;MG;0
CASMU;RIVERA;MFYC;0
CASMU;RIVERA;Pediatría;0
CASMU;RIVERA;Gine;0
CASMU;RIVERA;AE;0
CASMU;RIVERA;LE;0
CASMU;ROCHA;MG;0
CASMU;ROCHA;MFYC;0
CASMU;ROCHA;Pediatría;0
CASMU;ROCHA;Gine;0
CASMU;ROCHA;AE;0
CASMU;ROCHA;LE;0
CASMU;SALTO;MG;0
CASMU;SALTO;MFYC;0
CASMU;SALTO;Pediatría;0
CASMU;SALTO;Gine;0
CASMU;SALTO;AE;0
CASMU;SALTO;LE;0
CASMU;SAN JOSE;MG;0
CASMU;SAN JOSE;MFYC;0
CASMU;SAN JOSE;Pediatría;0
CASMU;SAN JOSE;Gine;0
CASMU;SAN JOSE;AE;0
CASMU;SAN JOSE;LE;0
CASMU;SORIANO;MG;0
CASMU;SORIANO;MFYC;0
CASMU;SORIANO;Pediatría;0
CASMU;SORIANO;Gine;0
CASMU;SORIANO;AE;0
CASMU;SORIANO;LE;0
CASMU;TACUAREMBO;MG;0
CASMU;TACUAREMBO;MFYC;0
CASMU;TACUAREMBO;Pediatría;0
CASMU;TACUAREMBO;Gine;0
CASMU;TACUAREMBO;AE;0
CASMU;TACUAREMBO;LE;0
CASMU;TREINTA Y TRES;MG;0
CASMU;TREINTA Y TRES;MFYC;0
CASMU;TREINTA Y TRES;Pediatría;0
CASMU;TREINTA Y TRES;Gine;0
CASMU;TREINTA Y TRES;AE;0
CASMU;TREINTA Y TRES;LE;0
CÍRCULO CATÓLICO;ARTIGAS;MG;0
CÍRCULO CATÓLICO;ARTIGAS;MFYC;0
CÍRCULO CATÓLICO;ARTIGAS;Pediatría;0
CÍRCULO CATÓLICO;ARTIGAS;Gine;0
CÍRCULO CATÓLICO;ARTIGAS;AE;0
CÍRCULO CATÓLICO;ARTIGAS;LE;0
CÍRCULO CATÓLICO;CANELONES;MG;2.19327104443567
CÍRCULO CATÓLICO;CANELONES;MFYC;0
CÍRCULO CATÓLICO;CANELONES;Pediatría;1.69794548596199
CÍRCULO CATÓLICO;CANELONES;Gine;0.449828258504565
CÍRCULO CATÓLICO;CANELONES;AE;27.4904968196339
CÍRCULO CATÓLICO;CANELONES;LE;0
CÍRCULO CATÓLICO;CERRO LARGO;MG;0
CÍRCULO CATÓLICO;CERRO LARGO;MFYC;0
CÍRCULO CATÓLICO;CERRO LARGO;Pediatría;0
CÍRCULO CATÓLICO;CERRO LARGO;Gine;0
CÍRCULO CATÓLICO;CERRO LARGO;AE;0
CÍRCULO CATÓLICO;CERRO LARGO;LE;0
CÍRCULO CATÓLICO;COLONIA;MG;1.42738414046937
CÍRCULO CATÓLICO;COLONIA;MFYC;0
CÍRCULO CATÓLICO;COLONIA;Pediatría;1.37950650643533
CÍRCULO CATÓLICO;COLONIA;Gine;0.0752275633792221
CÍRCULO CATÓLICO;COLONIA;AE;23.2410075989683
CÍRCULO CATÓLICO;COLONIA;LE;0
CÍRCULO CATÓLICO;DURAZNO;MG;0
CÍRCULO CATÓLICO;DURAZNO;MFYC;0
CÍRCULO CATÓLICO;DURAZNO;Pediatría;0
CÍRCULO CATÓLICO;DURAZNO;Gine;0
CÍRCULO CATÓLICO;DURAZNO;AE;0
CÍRCULO CATÓLICO;DURAZNO;LE;0
CÍRCULO CATÓLICO;FLORES;MG;0
CÍRCULO CATÓLICO;FLORES;MFYC;0
CÍRCULO CATÓLICO;FLORES;Pediatría;0
CÍRCULO CATÓLICO;FLORES;Gine;0
CÍRCULO CATÓLICO;FLORES;AE;0
CÍRCULO CATÓLICO;FLORES;LE;0
CÍRCULO CATÓLICO;FLORIDA;MG;2.67034990791897
CÍRCULO CATÓLICO;FLORIDA;MFYC;0
CÍRCULO CATÓLICO;FLORIDA;Pediatría;1.6359918200409
CÍRCULO CATÓLICO;FLORIDA;Gine;0.206571557678652
CÍRCULO CATÓLICO;FLORIDA;AE;4.13821642871922
CÍRCULO CATÓLICO;FLORIDA;LE;0
CÍRCULO CATÓLICO;LAVALLEJA;MG;0
CÍRCULO CATÓLICO;LAVALLEJA;MFYC;0
CÍRCULO CATÓLICO;LAVALLEJA;Pediatría;0
CÍRCULO CATÓLICO;LAVALLEJA;Gine;0
CÍRCULO CATÓLICO;LAVALLEJA;AE;0
CÍRCULO CATÓLICO;LAVALLEJA;LE;0
CÍRCULO CATÓLICO;MALDONADO;MG;1.60736861116128
CÍRCULO CATÓLICO;MALDONADO;MFYC;0
CÍRCULO CATÓLICO;MALDONADO;Pediatría;1.46520146520147
CÍRCULO CATÓLICO;MALDONADO;Gine;1.6920772010223
CÍRCULO CATÓLICO;MALDONADO;AE;31.6455696202532
CÍRCULO CATÓLICO;MALDONADO;LE;0
CÍRCULO CATÓLICO;MONTEVIDEO;MG;2.30033476547839
CÍRCULO CATÓLICO;MONTEVIDEO;MFYC;0
CÍRCULO CATÓLICO;MONTEVIDEO;Pediatría;5.02358910867873
CÍRCULO CATÓLICO;MONTEVIDEO;Gine;0.635384745143243
CÍRCULO CATÓLICO;MONTEVIDEO;AE;7.29912924925079
CÍRCULO CATÓLICO;MONTEVIDEO;LE;0
CÍRCULO CATÓLICO;PAYSANDU;MG;0
CÍRCULO CATÓLICO;PAYSANDU;MFYC;0
CÍRCULO CATÓLICO;PAYSANDU;Pediatría;0
CÍRCULO CATÓLICO;PAYSANDU;Gine;0
CÍRCULO CATÓLICO;PAYSANDU;AE;0
CÍRCULO CATÓLICO;PAYSANDU;LE;0
CÍRCULO CATÓLICO;RIO NEGRO;MG;0
CÍRCULO CATÓLICO;RIO NEGRO;MFYC;0
CÍRCULO CATÓLICO;RIO NEGRO;Pediatría;0
CÍRCULO CATÓLICO;RIO NEGRO;Gine;0
CÍRCULO CATÓLICO;RIO NEGRO;AE;0
CÍRCULO CATÓLICO;RIO NEGRO;LE;0
CÍRCULO CATÓLICO;RIVERA;MG;0
CÍRCULO CATÓLICO;RIVERA;MFYC;0
CÍRCULO CATÓLICO;RIVERA;Pediatría;0
CÍRCULO CATÓLICO;RIVERA;Gine;0
CÍRCULO CATÓLICO;RIVERA;AE;0
CÍRCULO CATÓLICO;RIVERA;LE;0
CÍRCULO CATÓLICO;ROCHA;MG;0
CÍRCULO CATÓLICO;ROCHA;MFYC;0
CÍRCULO CATÓLICO;ROCHA;Pediatría;0
CÍRCULO CATÓLICO;ROCHA;Gine;0
CÍRCULO CATÓLICO;ROCHA;AE;0
CÍRCULO CATÓLICO;ROCHA;LE;0
CÍRCULO CATÓLICO;SALTO;MG;0
CÍRCULO CATÓLICO;SALTO;MFYC;0
CÍRCULO CATÓLICO;SALTO;Pediatría;0
CÍRCULO CATÓLICO;SALTO;Gine;0
CÍRCULO CATÓLICO;SALTO;AE;0
CÍRCULO CATÓLICO;SALTO;LE;0
CÍRCULO CATÓLICO;SAN JOSE;MG;1.86693447150389
CÍRCULO CATÓLICO;SAN JOSE;MFYC;0
CÍRCULO CATÓLICO;SAN JOSE;Pediatría;2.22207612911709
CÍRCULO CATÓLICO;SAN JOSE;Gine;0.0850800525949416
CÍRCULO CATÓLICO;SAN JOSE;AE;28.0522014879863
CÍRCULO CATÓLICO;SAN JOSE;LE;0
CÍRCULO CATÓLICO;SORIANO;MG;2.61936072569174
CÍRCULO CATÓLICO;SORIANO;MFYC;0
CÍRCULO CATÓLICO;SORIANO;Pediatría;0.0530820781633601
CÍRCULO CATÓLICO;SORIANO;Gine;1.86267915351581
CÍRCULO CATÓLICO;SORIANO;AE;25.886353968626
CÍRCULO CATÓLICO;SORIANO;LE;0
CÍRCULO CATÓLICO;TACUAREMBO;MG;0
CÍRCULO CATÓLICO;TACUAREMBO;MFYC;0
CÍRCULO CATÓLICO;TACUAREMBO;Pediatría;0
CÍRCULO CATÓLICO;TACUAREMBO;Gine;0
CÍRCULO CATÓLICO;TACUAREMBO;AE;0
CÍRCULO CATÓLICO;TACUAREMBO;LE;0
CÍRCULO CATÓLICO;TREINTA Y TRES;MG;0
CÍRCULO CATÓLICO;TREINTA Y TRES;MFYC;0
CÍRCULO CATÓLICO;TREINTA Y TRES;Pediatría;0
CÍRCULO CATÓLICO;TREINTA Y TRES;Gine;0
CÍRCULO CATÓLICO;TREINTA Y TRES;AE;0
CÍRCULO CATÓLICO;TREINTA Y TRES;LE;0
COMECA;ARTIGAS;MG;0
COMECA;ARTIGAS;MFYC;0
COMECA;ARTIGAS;Pediatría;0
COMECA;ARTIGAS;Gine;0
COMECA;ARTIGAS;AE;0
COMECA;ARTIGAS;LE;0
COMECA;CANELONES;MG;3.65504900470518
COMECA;CANELONES;MFYC;0
COMECA;CANELONES;Pediatría;4.88420626521163
COMECA;CANELONES;Gine;1.36739055064073
COMECA;CANELONES;AE;8.89694746310459
COMECA;CANELONES;LE;1.00529717394097
COMECA;CERRO LARGO;MG;0
COMECA;CERRO LARGO;MFYC;0
COMECA;CERRO LARGO;Pediatría;0
COMECA;CERRO LARGO;Gine;0
COMECA;CERRO LARGO;AE;0
COMECA;CERRO LARGO;LE;0
COMECA;COLONIA;MG;0
COMECA;COLONIA;MFYC;0
COMECA;COLONIA;Pediatría;0
COMECA;COLONIA;Gine;0
COMECA;COLONIA;AE;0
COMECA;COLONIA;LE;0
COMECA;DURAZNO;MG;0
COMECA;DURAZNO;MFYC;0
COMECA;DURAZNO;Pediatría;0
COMECA;DURAZNO;Gine;0
COMECA;DURAZNO;AE;0
COMECA;DURAZNO;LE;0
COMECA;FLORES;MG;0
COMECA;FLORES;MFYC;0
COMECA;FLORES;Pediatría;0
COMECA;FLORES;Gine;0
COMECA;FLORES;AE;0
COMECA;FLORES;LE;0
COMECA;FLORIDA;MG;0
COMECA;FLORIDA;MFYC;0
COMECA;FLORIDA;Pediatría;0
COMECA;FLORIDA;Gine;0
COMECA;FLORIDA;AE;0
COMECA;FLORIDA;LE;0
COMECA;LAVALLEJA;MG;0
COMECA;LAVALLEJA;MFYC;0
COMECA;LAVALLEJA;Pediatría;0
COMECA;LAVALLEJA;Gine;0
COMECA;LAVALLEJA;AE;0
COMECA;LAVALLEJA;LE;0
COMECA;MALDONADO;MG;0
COMECA;MALDONADO;MFYC;0
COMECA;MALDONADO;Pediatría;0
COMECA;MALDONADO;Gine;0
COMECA;MALDONADO;AE;0
COMECA;MALDONADO;LE;0
COMECA;MONTEVIDEO;MG;0
COMECA;MONTEVIDEO;MFYC;0
COMECA;MONTEVIDEO;Pediatría;0
COMECA;MONTEVIDEO;Gine;0
COMECA;MONTEVIDEO;AE;0
COMECA;MONTEVIDEO;LE;0
COMECA;PAYSANDU;MG;0
COMECA;PAYSANDU;MFYC;0
COMECA;PAYSANDU;Pediatría;0
COMECA;PAYSANDU;Gine;0
COMECA;PAYSANDU;AE;0
COMECA;PAYSANDU;LE;0
COMECA;RIO NEGRO;MG;0
COMECA;RIO NEGRO;MFYC;0
COMECA;RIO NEGRO;Pediatría;0
COMECA;RIO NEGRO;Gine;0
COMECA;RIO NEGRO;AE;0
COMECA;RIO NEGRO;LE;0
COMECA;RIVERA;MG;0
COMECA;RIVERA;MFYC;0
COMECA;RIVERA;Pediatría;0
COMECA;RIVERA;Gine;0
COMECA;RIVERA;AE;0
COMECA;RIVERA;LE;0
COMECA;ROCHA;MG;0
COMECA;ROCHA;MFYC;0
COMECA;ROCHA;Pediatría;0
COMECA;ROCHA;Gine;0
COMECA;ROCHA;AE;0
COMECA;ROCHA;LE;0
COMECA;SALTO;MG;0
COMECA;SALTO;MFYC;0
COMECA;SALTO;Pediatría;0
COMECA;SALTO;Gine;0
COMECA;SALTO;AE;0
COMECA;SALTO;LE;0
COMECA;SAN JOSE;MG;0
COMECA;SAN JOSE;MFYC;0
COMECA;SAN JOSE;Pediatría;0
COMECA;SAN JOSE;Gine;0
COMECA;SAN JOSE;AE;0
COMECA;SAN JOSE;LE;0
COMECA;SORIANO;MG;0
COMECA;SORIANO;MFYC;0
COMECA;SORIANO;Pediatría;0
COMECA;SORIANO;Gine;0
COMECA;SORIANO;AE;0
COMECA;SORIANO;LE;0
COMECA;TACUAREMBO;MG;0
COMECA;TACUAREMBO;MFYC;0
COMECA;TACUAREMBO;Pediatría;0
COMECA;TACUAREMBO;Gine;0
COMECA;TACUAREMBO;AE;0
COMECA;TACUAREMBO;LE;0
COMECA;TREINTA Y TRES;MG;0
COMECA;TREINTA Y TRES;MFYC;0
COMECA;TREINTA Y TRES;Pediatría;0
COMECA;TREINTA Y TRES;Gine;0
COMECA;TREINTA Y TRES;AE;0
COMECA;TREINTA Y TRES;LE;0
COMEF;ARTIGAS;MG;0
COMEF;ARTIGAS;MFYC;0
COMEF;ARTIGAS;Pediatría;0
COMEF;ARTIGAS;Gine;0
COMEF;ARTIGAS;AE;0
COMEF;ARTIGAS;LE;0
COMEF;CANELONES;MG;0
COMEF;CANELONES;MFYC;0
COMEF;CANELONES;Pediatría;0
COMEF;CANELONES;Gine;0
COMEF;CANELONES;AE;0
COMEF;CANELONES;LE;0
COMEF;CERRO LARGO;MG;0
COMEF;CERRO LARGO;MFYC;0
COMEF;CERRO LARGO;Pediatría;0
COMEF;CERRO LARGO;Gine;0
COMEF;CERRO LARGO;AE;0
COMEF;CERRO LARGO;LE;0
COMEF;COLONIA;MG;0
COMEF;COLONIA;MFYC;0
COMEF;COLONIA;Pediatría;0
COMEF;COLONIA;Gine;0
COMEF;COLONIA;AE;0
COMEF;COLONIA;LE;0
COMEF;DURAZNO;MG;0
COMEF;DURAZNO;MFYC;0
COMEF;DURAZNO;Pediatría;0
COMEF;DURAZNO;Gine;0
COMEF;DURAZNO;AE;0
COMEF;DURAZNO;LE;0
COMEF;FLORES;MG;0
COMEF;FLORES;MFYC;0
COMEF;FLORES;Pediatría;0
COMEF;FLORES;Gine;0
COMEF;FLORES;AE;0
COMEF;FLORES;LE;0
COMEF;FLORIDA;MG;4.27028219934228
COMEF;FLORIDA;MFYC;0
COMEF;FLORIDA;Pediatría;6.06302182463701
COMEF;FLORIDA;Gine;1.65392802887146
COMEF;FLORIDA;AE;32.3390867367067
COMEF;FLORIDA;LE;1.27901027859169
COMEF;LAVALLEJA;MG;0
COMEF;LAVALLEJA;MFYC;0
COMEF;LAVALLEJA;Pediatría;0
COMEF;LAVALLEJA;Gine;0
COMEF;LAVALLEJA;AE;0
COMEF;LAVALLEJA;LE;0
COMEF;MALDONADO;MG;0
COMEF;MALDONADO;MFYC;0
COMEF;MALDONADO;Pediatría;0
COMEF;MALDONADO;Gine;0
COMEF;MALDONADO;AE;0
COMEF;MALDONADO;LE;0
COMEF;MONTEVIDEO;MG;0
COMEF;MONTEVIDEO;MFYC;0
COMEF;MONTEVIDEO;Pediatría;0
COMEF;MONTEVIDEO;Gine;0
COMEF;MONTEVIDEO;AE;0
COMEF;MONTEVIDEO;LE;0
COMEF;PAYSANDU;MG;0
COMEF;PAYSANDU;MFYC;0
COMEF;PAYSANDU;Pediatría;0
COMEF;PAYSANDU;Gine;0
COMEF;PAYSANDU;AE;0
COMEF;PAYSANDU;LE;0
COMEF;RIO NEGRO;MG;0
COMEF;RIO NEGRO;MFYC;0
COMEF;RIO NEGRO;Pediatría;0
COMEF;RIO NEGRO;Gine;0
COMEF;RIO NEGRO;AE;0
COMEF;RIO NEGRO;LE;0
COMEF;RIVERA;MG;0
COMEF;RIVERA;MFYC;0
COMEF;RIVERA;Pediatría;0
COMEF;RIVERA;Gine;0
COMEF;RIVERA;AE;0
COMEF;RIVERA;LE;0
COMEF;ROCHA;MG;0
COMEF;ROCHA;MFYC;0
COMEF;ROCHA;Pediatría;0
COMEF;ROCHA;Gine;0
COMEF;ROCHA;AE;0
COMEF;ROCHA;LE;0
COMEF;SALTO;MG;0
COMEF;SALTO;MFYC;0
COMEF;SALTO;Pediatría;0
COMEF;SALTO;Gine;0
COMEF;SALTO;AE;0
COMEF;SALTO;LE;0
COMEF;SAN JOSE;MG;0
COMEF;SAN JOSE;MFYC;0
COMEF;SAN JOSE;Pediatría;0
COMEF;SAN JOSE;Gine;0
COMEF;SAN JOSE;AE;0
COMEF;SAN JOSE;LE;0
COMEF;SORIANO;MG;0
COMEF;SORIANO;MFYC;0
COMEF;SORIANO;Pediatría;0
COMEF;SORIANO;Gine;0
COMEF;SORIANO;AE;0
COMEF;SORIANO;LE;0
COMEF;TACUAREMBO;MG;0
COMEF;TACUAREMBO;MFYC;0
COMEF;TACUAREMBO;Pediatría;0
COMEF;TACUAREMBO;Gine;0
COMEF;TACUAREMBO;AE;0
COMEF;TACUAREMBO;LE;0
COMEF;TREINTA Y TRES;MG;0
COMEF;TREINTA Y TRES;MFYC;0
COMEF;TREINTA Y TRES;Pediatría;0
COMEF;TREINTA Y TRES;Gine;0
COMEF;TREINTA Y TRES;AE;0
COMEF;TREINTA Y TRES;LE;0
COMEFLO;ARTIGAS;MG;0
COMEFLO;ARTIGAS;MFYC;0
COMEFLO;ARTIGAS;Pediatría;0
COMEFLO;ARTIGAS;Gine;0
COMEFLO;ARTIGAS;AE;0
COMEFLO;ARTIGAS;LE;0
COMEFLO;CANELONES;MG;0
COMEFLO;CANELONES;MFYC;0
COMEFLO;CANELONES;Pediatría;0
COMEFLO;CANELONES;Gine;0
COMEFLO;CANELONES;AE;0
COMEFLO;CANELONES;LE;0
COMEFLO;CERRO LARGO;MG;0
COMEFLO;CERRO LARGO;MFYC;0
COMEFLO;CERRO LARGO;Pediatría;0
COMEFLO;CERRO LARGO;Gine;0
COMEFLO;CERRO LARGO;AE;0
COMEFLO;CERRO LARGO;LE;0
COMEFLO;COLONIA;MG;0
COMEFLO;COLONIA;MFYC;0
COMEFLO;COLONIA;Pediatría;0
COMEFLO;COLONIA;Gine;0
COMEFLO;COLONIA;AE;0
COMEFLO;COLONIA;LE;0
COMEFLO;DURAZNO;MG;0
COMEFLO;DURAZNO;MFYC;0
COMEFLO;DURAZNO;Pediatría;0
COMEFLO;DURAZNO;Gine;0
COMEFLO;DURAZNO;AE;0
COMEFLO;DURAZNO;LE;0
COMEFLO;FLORES;MG;1.92898310179437
COMEFLO;FLORES;MFYC;0
COMEFLO;FLORES;Pediatría;5.77908552914339
COMEFLO;FLORES;Gine;1.64845440701061
COMEFLO;FLORES;AE;5.6413830857172
COMEFLO;FLORES;LE;0
COMEFLO;FLORIDA;MG;0
COMEFLO;FLORIDA;MFYC;0
COMEFLO;FLORIDA;Pediatría;0
COMEFLO;FLORIDA;Gine;0
COMEFLO;FLORIDA;AE;0
COMEFLO;FLORIDA;LE;0
COMEFLO;LAVALLEJA;MG;0
COMEFLO;LAVALLEJA;MFYC;0
COMEFLO;LAVALLEJA;Pediatría;0
COMEFLO;LAVALLEJA;Gine;0
COMEFLO;LAVALLEJA;AE;0
COMEFLO;LAVALLEJA;LE;0
COMEFLO;MALDONADO;MG;0
COMEFLO;MALDONADO;MFYC;0
COMEFLO;MALDONADO;Pediatría;0
COMEFLO;MALDONADO;Gine;0
COMEFLO;MALDONADO;AE;0
COMEFLO;MALDONADO;LE;0
COMEFLO;MONTEVIDEO;MG;0
COMEFLO;MONTEVIDEO;MFYC;0
COMEFLO;MONTEVIDEO;Pediatría;0
COMEFLO;MONTEVIDEO;Gine;0
COMEFLO;MONTEVIDEO;AE;0
COMEFLO;MONTEVIDEO;LE;0
COMEFLO;PAYSANDU;MG;0
COMEFLO;PAYSANDU;MFYC;0
COMEFLO;PAYSANDU;Pediatría;0
COMEFLO;PAYSANDU;Gine;0
COMEFLO;PAYSANDU;AE;0
COMEFLO;PAYSANDU;LE;0
COMEFLO;RIO NEGRO;MG;0
COMEFLO;RIO NEGRO;MFYC;0
COMEFLO;RIO NEGRO;Pediatría;0
COMEFLO;RIO NEGRO;Gine;0
COMEFLO;RIO NEGRO;AE;0
COMEFLO;RIO NEGRO;LE;0
COMEFLO;RIVERA;MG;0
COMEFLO;RIVERA;MFYC;0
COMEFLO;RIVERA;Pediatría;0
COMEFLO;RIVERA;Gine;0
COMEFLO;RIVERA;AE;0
COMEFLO;RIVERA;LE;0
COMEFLO;ROCHA;MG;0
COMEFLO;ROCHA;MFYC;0
COMEFLO;ROCHA;Pediatría;0
COMEFLO;ROCHA;Gine;0
COMEFLO;ROCHA;AE;0
COMEFLO;ROCHA;LE;0
COMEFLO;SALTO;MG;0
COMEFLO;SALTO;MFYC;0
COMEFLO;SALTO;Pediatría;0
COMEFLO;SALTO;Gine;0
COMEFLO;SALTO;AE;0
COMEFLO;SALTO;LE;0
COMEFLO;SAN JOSE;MG;0
COMEFLO;SAN JOSE;MFYC;0
COMEFLO;SAN JOSE;Pediatría;0
COMEFLO;SAN JOSE;Gine;0
COMEFLO;SAN JOSE;AE;0
COMEFLO;SAN JOSE;LE;0
COMEFLO;SORIANO;MG;0
COMEFLO;SORIANO;MFYC;0
COMEFLO;SORIANO;Pediatría;0
COMEFLO;SORIANO;Gine;0
COMEFLO;SORIANO;AE;0
COMEFLO;SORIANO;LE;0
COMEFLO;TACUAREMBO;MG;0
COMEFLO;TACUAREMBO;MFYC;0
COMEFLO;TACUAREMBO;Pediatría;0
COMEFLO;TACUAREMBO;Gine;0
COMEFLO;TACUAREMBO;AE;0
COMEFLO;TACUAREMBO;LE;0
COMEFLO;TREINTA Y TRES;MG;0
COMEFLO;TREINTA Y TRES;MFYC;0
COMEFLO;TREINTA Y TRES;Pediatría;0
COMEFLO;TREINTA Y TRES;Gine;0
COMEFLO;TREINTA Y TRES;AE;0
COMEFLO;TREINTA Y TRES;LE;0
COMEPA;ARTIGAS;MG;0
COMEPA;ARTIGAS;MFYC;0
COMEPA;ARTIGAS;Pediatría;0
COMEPA;ARTIGAS;Gine;0
COMEPA;ARTIGAS;AE;0
COMEPA;ARTIGAS;LE;0
COMEPA;CANELONES;MG;0
COMEPA;CANELONES;MFYC;0
COMEPA;CANELONES;Pediatría;0
COMEPA;CANELONES;Gine;0
COMEPA;CANELONES;AE;0
COMEPA;CANELONES;LE;0
COMEPA;CERRO LARGO;MG;0
COMEPA;CERRO LARGO;MFYC;0
COMEPA;CERRO LARGO;Pediatría;0
COMEPA;CERRO LARGO;Gine;0
COMEPA;CERRO LARGO;AE;0
COMEPA;CERRO LARGO;LE;0
COMEPA;COLONIA;MG;0
COMEPA;COLONIA;MFYC;0
COMEPA;COLONIA;Pediatría;0
COMEPA;COLONIA;Gine;0
COMEPA;COLONIA;AE;0
COMEPA;COLONIA;LE;0
COMEPA;DURAZNO;MG;0
COMEPA;DURAZNO;MFYC;0
COMEPA;DURAZNO;Pediatría;0
COMEPA;DURAZNO;Gine;0
COMEPA;DURAZNO;AE;0
COMEPA;DURAZNO;LE;0
COMEPA;FLORES;MG;0
COMEPA;FLORES;MFYC;0
COMEPA;FLORES;Pediatría;0
COMEPA;FLORES;Gine;0
COMEPA;FLORES;AE;0
COMEPA;FLORES;LE;0
COMEPA;FLORIDA;MG;0
COMEPA;FLORIDA;MFYC;0
COMEPA;FLORIDA;Pediatría;0
COMEPA;FLORIDA;Gine;0
COMEPA;FLORIDA;AE;0
COMEPA;FLORIDA;LE;0
COMEPA;LAVALLEJA;MG;0
COMEPA;LAVALLEJA;MFYC;0
COMEPA;LAVALLEJA;Pediatría;0
COMEPA;LAVALLEJA;Gine;0
COMEPA;LAVALLEJA;AE;0
COMEPA;LAVALLEJA;LE;0
COMEPA;MALDONADO;MG;0
COMEPA;MALDONADO;MFYC;0
COMEPA;MALDONADO;Pediatría;0
COMEPA;MALDONADO;Gine;0
COMEPA;MALDONADO;AE;0
COMEPA;MALDONADO;LE;0
COMEPA;MONTEVIDEO;MG;0
COMEPA;MONTEVIDEO;MFYC;0
COMEPA;MONTEVIDEO;Pediatría;0
COMEPA;MONTEVIDEO;Gine;0
COMEPA;MONTEVIDEO;AE;0
COMEPA;MONTEVIDEO;LE;0
COMEPA;PAYSANDU;MG;1.73924250744337
COMEPA;PAYSANDU;MFYC;0.428194900721031
COMEPA;PAYSANDU;Pediatría;4.98899647887324
COMEPA;PAYSANDU;Gine;1.57026028364941
COMEPA;PAYSANDU;AE;11.8750730495923
COMEPA;PAYSANDU;LE;0.857990717065742
COMEPA;RIO NEGRO;MG;0
COMEPA;RIO NEGRO;MFYC;0
COMEPA;RIO NEGRO;Pediatría;0
COMEPA;RIO NEGRO;Gine;0
COMEPA;RIO NEGRO;AE;0
COMEPA;RIO NEGRO;LE;0
COMEPA;RIVERA;MG;0
COMEPA;RIVERA;MFYC;0
COMEPA;RIVERA;Pediatría;0
COMEPA;RIVERA;Gine;0
COMEPA;RIVERA;AE;0
COMEPA;RIVERA;LE;0
COMEPA;ROCHA;MG;0
COMEPA;ROCHA;MFYC;0
COMEPA;ROCHA;Pediatría;0
COMEPA;ROCHA;Gine;0
COMEPA;ROCHA;AE;0
COMEPA;ROCHA;LE;0
COMEPA;SALTO;MG;0
COMEPA;SALTO;MFYC;0
COMEPA;SALTO;Pediatría;0
COMEPA;SALTO;Gine;0
COMEPA;SALTO;AE;0
COMEPA;SALTO;LE;0
COMEPA;SAN JOSE;MG;0
COMEPA;SAN JOSE;MFYC;0
COMEPA;SAN JOSE;Pediatría;0
COMEPA;SAN JOSE;Gine;0
COMEPA;SAN JOSE;AE;0
COMEPA;SAN JOSE;LE;0
COMEPA;SORIANO;MG;0
COMEPA;SORIANO;MFYC;0
COMEPA;SORIANO;Pediatría;0
COMEPA;SORIANO;Gine;0
COMEPA;SORIANO;AE;0
COMEPA;SORIANO;LE;0
COMEPA;TACUAREMBO;MG;0
COMEPA;TACUAREMBO;MFYC;0
COMEPA;TACUAREMBO;Pediatría;0
COMEPA;TACUAREMBO;Gine;0
COMEPA;TACUAREMBO;AE;0
COMEPA;TACUAREMBO;LE;0
COMEPA;TREINTA Y TRES;MG;0
COMEPA;TREINTA Y TRES;MFYC;0
COMEPA;TREINTA Y TRES;Pediatría;0
COMEPA;TREINTA Y TRES;Gine;0
COMEPA;TREINTA Y TRES;AE;0
COMEPA;TREINTA Y TRES;LE;0
COMERI;ARTIGAS;MG;0
COMERI;ARTIGAS;MFYC;0
COMERI;ARTIGAS;Pediatría;0
COMERI;ARTIGAS;Gine;0
COMERI;ARTIGAS;AE;0
COMERI;ARTIGAS;LE;0
COMERI;CANELONES;MG;0
COMERI;CANELONES;MFYC;0
COMERI;CANELONES;Pediatría;0
COMERI;CANELONES;Gine;0
COMERI;CANELONES;AE;0
COMERI;CANELONES;LE;0
COMERI;CERRO LARGO;MG;0
COMERI;CERRO LARGO;MFYC;0
COMERI;CERRO LARGO;Pediatría;0
COMERI;CERRO LARGO;Gine;0
COMERI;CERRO LARGO;AE;0
COMERI;CERRO LARGO;LE;0
COMERI;COLONIA;MG;0
COMERI;COLONIA;MFYC;0
COMERI;COLONIA;Pediatría;0
COMERI;COLONIA;Gine;0
COMERI;COLONIA;AE;0
COMERI;COLONIA;LE;0
COMERI;DURAZNO;MG;0
COMERI;DURAZNO;MFYC;0
COMERI;DURAZNO;Pediatría;0
COMERI;DURAZNO;Gine;0
COMERI;DURAZNO;AE;0
COMERI;DURAZNO;LE;0
COMERI;FLORES;MG;0
COMERI;FLORES;MFYC;0
COMERI;FLORES;Pediatría;0
COMERI;FLORES;Gine;0
COMERI;FLORES;AE;0
COMERI;FLORES;LE;0
COMERI;FLORIDA;MG;0
COMERI;FLORIDA;MFYC;0
COMERI;FLORIDA;Pediatría;0
COMERI;FLORIDA;Gine;0
COMERI;FLORIDA;AE;0
COMERI;FLORIDA;LE;0
COMERI;LAVALLEJA;MG;0
COMERI;LAVALLEJA;MFYC;0
COMERI;LAVALLEJA;Pediatría;0
COMERI;LAVALLEJA;Gine;0
COMERI;LAVALLEJA;AE;0
COMERI;LAVALLEJA;LE;0
COMERI;MALDONADO;MG;0
COMERI;MALDONADO;MFYC;0
COMERI;MALDONADO;Pediatría;0
COMERI;MALDONADO;Gine;0
COMERI;MALDONADO;AE;0
COMERI;MALDONADO;LE;0
COMERI;MONTEVIDEO;MG;0
COMERI;MONTEVIDEO;MFYC;0
COMERI;MONTEVIDEO;Pediatría;0
COMERI;MONTEVIDEO;Gine;0
COMERI;MONTEVIDEO;AE;0
COMERI;MONTEVIDEO;LE;0
COMERI;PAYSANDU;MG;0
COMERI;PAYSANDU;MFYC;0
COMERI;PAYSANDU;Pediatría;0
COMERI;PAYSANDU;Gine;0
COMERI;PAYSANDU;AE;0
COMERI;PAYSANDU;LE;0
COMERI;RIO NEGRO;MG;0
COMERI;RIO NEGRO;MFYC;0
COMERI;RIO NEGRO;Pediatría;0
COMERI;RIO NEGRO;Gine;0
COMERI;RIO NEGRO;AE;0
COMERI;RIO NEGRO;LE;0
COMERI;RIVERA;MG;1.52224756001565
COMERI;RIVERA;MFYC;0
COMERI;RIVERA;Pediatría;3.53077557310628
COMERI;RIVERA;Gine;1.3870448158155
COMERI;RIVERA;AE;9.81041834735508
COMERI;RIVERA;LE;1.84395528408436
COMERI;ROCHA;MG;0
COMERI;ROCHA;MFYC;0
COMERI;ROCHA;Pediatría;0
COMERI;ROCHA;Gine;0
COMERI;ROCHA;AE;0
COMERI;ROCHA;LE;0
COMERI;SALTO;MG;0
COMERI;SALTO;MFYC;0
COMERI;SALTO;Pediatría;0
COMERI;SALTO;Gine;0
COMERI;SALTO;AE;0
COMERI;SALTO;LE;0
COMERI;SAN JOSE;MG;0
COMERI;SAN JOSE;MFYC;0
COMERI;SAN JOSE;Pediatría;0
COMERI;SAN JOSE;Gine;0
COMERI;SAN JOSE;AE;0
COMERI;SAN JOSE;LE;0
COMERI;SORIANO;MG;0
COMERI;SORIANO;MFYC;0
COMERI;SORIANO;Pediatría;0
COMERI;SORIANO;Gine;0
COMERI;SORIANO;AE;0
COMERI;SORIANO;LE;0
COMERI;TACUAREMBO;MG;0
COMERI;TACUAREMBO;MFYC;0
COMERI;TACUAREMBO;Pediatría;0
COMERI;TACUAREMBO;Gine;0
COMERI;TACUAREMBO;AE;0
COMERI;TACUAREMBO;LE;0
COMERI;TREINTA Y TRES;MG;0
COMERI;TREINTA Y TRES;MFYC;0
COMERI;TREINTA Y TRES;Pediatría;0
COMERI;TREINTA Y TRES;Gine;0
COMERI;TREINTA Y TRES;AE;0
COMERI;TREINTA Y TRES;LE;0
COMERO;ARTIGAS;MG;0
COMERO;ARTIGAS;MFYC;0
COMERO;ARTIGAS;Pediatría;0
COMERO;ARTIGAS;Gine;0
COMERO;ARTIGAS;AE;0
COMERO;ARTIGAS;LE;0
COMERO;CANELONES;MG;0
COMERO;CANELONES;MFYC;0
COMERO;CANELONES;Pediatría;0
COMERO;CANELONES;Gine;0
COMERO;CANELONES;AE;0
COMERO;CANELONES;LE;0
COMERO;CERRO LARGO;MG;0
COMERO;CERRO LARGO;MFYC;0
COMERO;CERRO LARGO;Pediatría;0
COMERO;CERRO LARGO;Gine;0
COMERO;CERRO LARGO;AE;0
COMERO;CERRO LARGO;LE;0
COMERO;COLONIA;MG;0
COMERO;COLONIA;MFYC;0
COMERO;COLONIA;Pediatría;0
COMERO;COLONIA;Gine;0
COMERO;COLONIA;AE;0
COMERO;COLONIA;LE;0
COMERO;DURAZNO;MG;0
COMERO;DURAZNO;MFYC;0
COMERO;DURAZNO;Pediatría;0
COMERO;DURAZNO;Gine;0
COMERO;DURAZNO;AE;0
COMERO;DURAZNO;LE;0
COMERO;FLORES;MG;0
COMERO;FLORES;MFYC;0
COMERO;FLORES;Pediatría;0
COMERO;FLORES;Gine;0
COMERO;FLORES;AE;0
COMERO;FLORES;LE;0
COMERO;FLORIDA;MG;0
COMERO;FLORIDA;MFYC;0
COMERO;FLORIDA;Pediatría;0
COMERO;FLORIDA;Gine;0
COMERO;FLORIDA;AE;0
COMERO;FLORIDA;LE;0
COMERO;LAVALLEJA;MG;0
COMERO;LAVALLEJA;MFYC;0
COMERO;LAVALLEJA;Pediatría;0
COMERO;LAVALLEJA;Gine;0
COMERO;LAVALLEJA;AE;0
COMERO;LAVALLEJA;LE;0
COMERO;MALDONADO;MG;0
COMERO;MALDONADO;MFYC;0
COMERO;MALDONADO;Pediatría;0
COMERO;MALDONADO;Gine;0
COMERO;MALDONADO;AE;0
COMERO;MALDONADO;LE;0
COMERO;MONTEVIDEO;MG;0
COMERO;MONTEVIDEO;MFYC;0
COMERO;MONTEVIDEO;Pediatría;0
COMERO;MONTEVIDEO;Gine;0
COMERO;MONTEVIDEO;AE;0
COMERO;MONTEVIDEO;LE;0
COMERO;PAYSANDU;MG;0
COMERO;PAYSANDU;MFYC;0
COMERO;PAYSANDU;Pediatría;0
COMERO;PAYSANDU;Gine;0
COMERO;PAYSANDU;AE;0
COMERO;PAYSANDU;LE;0
COMERO;RIO NEGRO;MG;0
COMERO;RIO NEGRO;MFYC;0
COMERO;RIO NEGRO;Pediatría;0
COMERO;RIO NEGRO;Gine;0
COMERO;RIO NEGRO;AE;0
COMERO;RIO NEGRO;LE;0
COMERO;RIVERA;MG;0
COMERO;RIVERA;MFYC;0
COMERO;RIVERA;Pediatría;0
COMERO;RIVERA;Gine;0
COMERO;RIVERA;AE;0
COMERO;RIVERA;LE;0
COMERO;ROCHA;MG;1.88690019314327
COMERO;ROCHA;MFYC;0
COMERO;ROCHA;Pediatría;2.59341099884981
COMERO;ROCHA;Gine;0.559221958738219
COMERO;ROCHA;AE;3.18900148820069
COMERO;ROCHA;LE;0
COMERO;SALTO;MG;0
COMERO;SALTO;MFYC;0
COMERO;SALTO;Pediatría;0
COMERO;SALTO;Gine;0
COMERO;SALTO;AE;0
COMERO;SALTO;LE;0
COMERO;SAN JOSE;MG;0
COMERO;SAN JOSE;MFYC;0
COMERO;SAN JOSE;Pediatría;0
COMERO;SAN JOSE;Gine;0
COMERO;SAN JOSE;AE;0
COMERO;SAN JOSE;LE;0
COMERO;SORIANO;MG;0
COMERO;SORIANO;MFYC;0
COMERO;SORIANO;Pediatría;0
COMERO;SORIANO;Gine;0
COMERO;SORIANO;AE;0
COMERO;SORIANO;LE;0
COMERO;TACUAREMBO;MG;0
COMERO;TACUAREMBO;MFYC;0
COMERO;TACUAREMBO;Pediatría;0
COMERO;TACUAREMBO;Gine;0
COMERO;TACUAREMBO;AE;0
COMERO;TACUAREMBO;LE;0
COMERO;TREINTA Y TRES;MG;0
COMERO;TREINTA Y TRES;MFYC;0
COMERO;TREINTA Y TRES;Pediatría;0
COMERO;TREINTA Y TRES;Gine;0
COMERO;TREINTA Y TRES;AE;0
COMERO;TREINTA Y TRES;LE;0
COMTA;ARTIGAS;MG;0
COMTA;ARTIGAS;MFYC;0
COMTA;ARTIGAS;Pediatría;0
COMTA;ARTIGAS;Gine;0
COMTA;ARTIGAS;AE;0
COMTA;ARTIGAS;LE;0
COMTA;CANELONES;MG;0
COMTA;CANELONES;MFYC;0
COMTA;CANELONES;Pediatría;0
COMTA;CANELONES;Gine;0
COMTA;CANELONES;AE;0
COMTA;CANELONES;LE;0
COMTA;CERRO LARGO;MG;0
COMTA;CERRO LARGO;MFYC;0
COMTA;CERRO LARGO;Pediatría;0
COMTA;CERRO LARGO;Gine;0
COMTA;CERRO LARGO;AE;0
COMTA;CERRO LARGO;LE;0
COMTA;COLONIA;MG;0
COMTA;COLONIA;MFYC;0
COMTA;COLONIA;Pediatría;0
COMTA;COLONIA;Gine;0
COMTA;COLONIA;AE;0
COMTA;COLONIA;LE;0
COMTA;DURAZNO;MG;0
COMTA;DURAZNO;MFYC;0
COMTA;DURAZNO;Pediatría;0
COMTA;DURAZNO;Gine;0
COMTA;DURAZNO;AE;0
COMTA;DURAZNO;LE;0
COMTA;FLORES;MG;0
COMTA;FLORES;MFYC;0
COMTA;FLORES;Pediatría;0
COMTA;FLORES;Gine;0
COMTA;FLORES;AE;0
COMTA;FLORES;LE;0
COMTA;FLORIDA;MG;0
COMTA;FLORIDA;MFYC;0
COMTA;FLORIDA;Pediatría;0
COMTA;FLORIDA;Gine;0
COMTA;FLORIDA;AE;0
COMTA;FLORIDA;LE;0
COMTA;LAVALLEJA;MG;0
COMTA;LAVALLEJA;MFYC;0
COMTA;LAVALLEJA;Pediatría;0
COMTA;LAVALLEJA;Gine;0
COMTA;LAVALLEJA;AE;0
COMTA;LAVALLEJA;LE;0
COMTA;MALDONADO;MG;0
COMTA;MALDONADO;MFYC;0
COMTA;MALDONADO;Pediatría;0
COMTA;MALDONADO;Gine;0
COMTA;MALDONADO;AE;0
COMTA;MALDONADO;LE;0
COMTA;MONTEVIDEO;MG;0
COMTA;MONTEVIDEO;MFYC;0
COMTA;MONTEVIDEO;Pediatría;0
COMTA;MONTEVIDEO;Gine;0
COMTA;MONTEVIDEO;AE;0
COMTA;MONTEVIDEO;LE;0
COMTA;PAYSANDU;MG;0
COMTA;PAYSANDU;MFYC;0
COMTA;PAYSANDU;Pediatría;0
COMTA;PAYSANDU;Gine;0
COMTA;PAYSANDU;AE;0
COMTA;PAYSANDU;LE;0
COMTA;RIO NEGRO;MG;0
COMTA;RIO NEGRO;MFYC;0
COMTA;RIO NEGRO;Pediatría;0
COMTA;RIO NEGRO;Gine;0
COMTA;RIO NEGRO;AE;0
COMTA;RIO NEGRO;LE;0
COMTA;RIVERA;MG;0
COMTA;RIVERA;MFYC;0
COMTA;RIVERA;Pediatría;0
COMTA;RIVERA;Gine;0
COMTA;RIVERA;AE;0
COMTA;RIVERA;LE;0
COMTA;ROCHA;MG;0
COMTA;ROCHA;MFYC;0
COMTA;ROCHA;Pediatría;0
COMTA;ROCHA;Gine;0
COMTA;ROCHA;AE;0
COMTA;ROCHA;LE;0
COMTA;SALTO;MG;0
COMTA;SALTO;MFYC;0
COMTA;SALTO;Pediatría;0
COMTA;SALTO;Gine;0
COMTA;SALTO;AE;0
COMTA;SALTO;LE;0
COMTA;SAN JOSE;MG;0
COMTA;SAN JOSE;MFYC;0
COMTA;SAN JOSE;Pediatría;0
COMTA;SAN JOSE;Gine;0
COMTA;SAN JOSE;AE;0
COMTA;SAN JOSE;LE;0
COMTA;SORIANO;MG;0
COMTA;SORIANO;MFYC;0
COMTA;SORIANO;Pediatría;0
COMTA;SORIANO;Gine;0
COMTA;SORIANO;AE;0
COMTA;SORIANO;LE;0
COMTA;TACUAREMBO;MG;2.36302390295391
COMTA;TACUAREMBO;MFYC;0
COMTA;TACUAREMBO;Pediatría;5.93061944087276
COMTA;TACUAREMBO;Gine;1.07555625442252
COMTA;TACUAREMBO;AE;13.0545368459431
COMTA;TACUAREMBO;LE;0.312418028933003
COMTA;TREINTA Y TRES;MG;0
COMTA;TREINTA Y TRES;MFYC;0
COMTA;TREINTA Y TRES;Pediatría;0
COMTA;TREINTA Y TRES;Gine;0
COMTA;TREINTA Y TRES;AE;0
COMTA;TREINTA Y TRES;LE;0
COSEM;ARTIGAS;MG;0
COSEM;ARTIGAS;MFYC;0
COSEM;ARTIGAS;Pediatría;0
COSEM;ARTIGAS;Gine;0
COSEM;ARTIGAS;AE;0
COSEM;ARTIGAS;LE;0
COSEM;CANELONES;MG;0
COSEM;CANELONES;MFYC;0
COSEM;CANELONES;Pediatría;0.177945540819395
COSEM;CANELONES;Gine;0
COSEM;CANELONES;AE;1.94952502481214
COSEM;CANELONES;LE;0.312758025370931
COSEM;CERRO LARGO;MG;0
COSEM;CERRO LARGO;MFYC;0
COSEM;CERRO LARGO;Pediatría;0
COSEM;CERRO LARGO;Gine;0
COSEM;CERRO LARGO;AE;0
COSEM;CERRO LARGO;LE;0
COSEM;COLONIA;MG;0
COSEM;COLONIA;MFYC;0
COSEM;COLONIA;Pediatría;0
COSEM;COLONIA;Gine;0
COSEM;COLONIA;AE;0
COSEM;COLONIA;LE;0
COSEM;DURAZNO;MG;0
COSEM;DURAZNO;MFYC;0
COSEM;DURAZNO;Pediatría;0
COSEM;DURAZNO;Gine;0
COSEM;DURAZNO;AE;0
COSEM;DURAZNO;LE;0
COSEM;FLORES;MG;0
COSEM;FLORES;MFYC;0
COSEM;FLORES;Pediatría;0
COSEM;FLORES;Gine;0
COSEM;FLORES;AE;0
COSEM;FLORES;LE;0
COSEM;FLORIDA;MG;0
COSEM;FLORIDA;MFYC;0
COSEM;FLORIDA;Pediatría;0
COSEM;FLORIDA;Gine;0
COSEM;FLORIDA;AE;0
COSEM;FLORIDA;LE;0
COSEM;LAVALLEJA;MG;0
COSEM;LAVALLEJA;MFYC;0
COSEM;LAVALLEJA;Pediatría;0
COSEM;LAVALLEJA;Gine;0
COSEM;LAVALLEJA;AE;0
COSEM;LAVALLEJA;LE;0
COSEM;MALDONADO;MG;0
COSEM;MALDONADO;MFYC;0
COSEM;MALDONADO;Pediatría;0
COSEM;MALDONADO;Gine;0
COSEM;MALDONADO;AE;0
COSEM;MALDONADO;LE;0
COSEM;MONTEVIDEO;MG;1.17231269566722
COSEM;MONTEVIDEO;MFYC;0.402567215936202
COSEM;MONTEVIDEO;Pediatría;7.31094336178232
COSEM;MONTEVIDEO;Gine;1.45467527860207
COSEM;MONTEVIDEO;AE;6.65226265824759
COSEM;MONTEVIDEO;LE;1.62609067162738
COSEM;PAYSANDU;MG;0
COSEM;PAYSANDU;MFYC;0
COSEM;PAYSANDU;Pediatría;0
COSEM;PAYSANDU;Gine;0
COSEM;PAYSANDU;AE;0
COSEM;PAYSANDU;LE;0
COSEM;RIO NEGRO;MG;0
COSEM;RIO NEGRO;MFYC;0
COSEM;RIO NEGRO;Pediatría;0
COSEM;RIO NEGRO;Gine;0
COSEM;RIO NEGRO;AE;0
COSEM;RIO NEGRO;LE;0
COSEM;RIVERA;MG;0
COSEM;RIVERA;MFYC;0
COSEM;RIVERA;Pediatría;0
COSEM;RIVERA;Gine;0
COSEM;RIVERA;AE;0
COSEM;RIVERA;LE;0
COSEM;ROCHA;MG;0
COSEM;ROCHA;MFYC;0
COSEM;ROCHA;Pediatría;0
COSEM;ROCHA;Gine;0
COSEM;ROCHA;AE;0
COSEM;ROCHA;LE;0
COSEM;SALTO;MG;0
COSEM;SALTO;MFYC;0
COSEM;SALTO;Pediatría;0
COSEM;SALTO;Gine;0
COSEM;SALTO;AE;0
COSEM;SALTO;LE;0
COSEM;SAN JOSE;MG;0
COSEM;SAN JOSE;MFYC;0
COSEM;SAN JOSE;Pediatría;0
COSEM;SAN JOSE;Gine;0
COSEM;SAN JOSE;AE;0
COSEM;SAN JOSE;LE;0
COSEM;SORIANO;MG;0
COSEM;SORIANO;MFYC;0
COSEM;SORIANO;Pediatría;0
COSEM;SORIANO;Gine;0
COSEM;SORIANO;AE;0
COSEM;SORIANO;LE;0
COSEM;TACUAREMBO;MG;0
COSEM;TACUAREMBO;MFYC;0
COSEM;TACUAREMBO;Pediatría;0
COSEM;TACUAREMBO;Gine;0
COSEM;TACUAREMBO;AE;0
COSEM;TACUAREMBO;LE;0
COSEM;TREINTA Y TRES;MG;0
COSEM;TREINTA Y TRES;MFYC;0
COSEM;TREINTA Y TRES;Pediatría;0
COSEM;TREINTA Y TRES;Gine;0
COSEM;TREINTA Y TRES;AE;0
COSEM;TREINTA Y TRES;LE;0
CRAME;ARTIGAS;MG;0
CRAME;ARTIGAS;MFYC;0
CRAME;ARTIGAS;Pediatría;0
CRAME;ARTIGAS;Gine;0
CRAME;ARTIGAS;AE;0
CRAME;ARTIGAS;LE;0
CRAME;CANELONES;MG;0
CRAME;CANELONES;MFYC;0
CRAME;CANELONES;Pediatría;0
CRAME;CANELONES;Gine;0
CRAME;CANELONES;AE;0
CRAME;CANELONES;LE;0
CRAME;CERRO LARGO;MG;0
CRAME;CERRO LARGO;MFYC;0
CRAME;CERRO LARGO;Pediatría;0
CRAME;CERRO LARGO;Gine;0
CRAME;CERRO LARGO;AE;0
CRAME;CERRO LARGO;LE;0
CRAME;COLONIA;MG;0
CRAME;COLONIA;MFYC;0
CRAME;COLONIA;Pediatría;0
CRAME;COLONIA;Gine;0
CRAME;COLONIA;AE;0
CRAME;COLONIA;LE;0
CRAME;DURAZNO;MG;0
CRAME;DURAZNO;MFYC;0
CRAME;DURAZNO;Pediatría;0
CRAME;DURAZNO;Gine;0
CRAME;DURAZNO;AE;0
CRAME;DURAZNO;LE;0
CRAME;FLORES;MG;0
CRAME;FLORES;MFYC;0
CRAME;FLORES;Pediatría;0
CRAME;FLORES;Gine;0
CRAME;FLORES;AE;0
CRAME;FLORES;LE;0
CRAME;FLORIDA;MG;0
CRAME;FLORIDA;MFYC;0
CRAME;FLORIDA;Pediatría;0
CRAME;FLORIDA;Gine;0
CRAME;FLORIDA;AE;0
CRAME;FLORIDA;LE;0
CRAME;LAVALLEJA;MG;0
CRAME;LAVALLEJA;MFYC;0
CRAME;LAVALLEJA;Pediatría;0
CRAME;LAVALLEJA;Gine;0
CRAME;LAVALLEJA;AE;0
CRAME;LAVALLEJA;LE;0
CRAME;MALDONADO;MG;2.35705260136119
CRAME;MALDONADO;MFYC;0
CRAME;MALDONADO;Pediatría;5.34506111948943
CRAME;MALDONADO;Gine;2.49492679195183
CRAME;MALDONADO;AE;6.67657080776035
CRAME;MALDONADO;LE;0.42276478183087
CRAME;MONTEVIDEO;MG;0
CRAME;MONTEVIDEO;MFYC;0
CRAME;MONTEVIDEO;Pediatría;0
CRAME;MONTEVIDEO;Gine;0
CRAME;MONTEVIDEO;AE;0
CRAME;MONTEVIDEO;LE;0
CRAME;PAYSANDU;MG;0
CRAME;PAYSANDU;MFYC;0
CRAME;PAYSANDU;Pediatría;0
CRAME;PAYSANDU;Gine;0
CRAME;PAYSANDU;AE;0
CRAME;PAYSANDU;LE;0
CRAME;RIO NEGRO;MG;0
CRAME;RIO NEGRO;MFYC;0
CRAME;RIO NEGRO;Pediatría;0
CRAME;RIO NEGRO;Gine;0
CRAME;RIO NEGRO;AE;0
CRAME;RIO NEGRO;LE;0
CRAME;RIVERA;MG;0
CRAME;RIVERA;MFYC;0
CRAME;RIVERA;Pediatría;0
CRAME;RIVERA;Gine;0
CRAME;RIVERA;AE;0
CRAME;RIVERA;LE;0
CRAME;ROCHA;MG;0
CRAME;ROCHA;MFYC;0
CRAME;ROCHA;Pediatría;0
CRAME;ROCHA;Gine;0
CRAME;ROCHA;AE;0
CRAME;ROCHA;LE;0
CRAME;SALTO;MG;0
CRAME;SALTO;MFYC;0
CRAME;SALTO;Pediatría;0
CRAME;SALTO;Gine;0
CRAME;SALTO;AE;0
CRAME;SALTO;LE;0
CRAME;SAN JOSE;MG;0
CRAME;SAN JOSE;MFYC;0
CRAME;SAN JOSE;Pediatría;0
CRAME;SAN JOSE;Gine;0
CRAME;SAN JOSE;AE;0
CRAME;SAN JOSE;LE;0
CRAME;SORIANO;MG;0
CRAME;SORIANO;MFYC;0
CRAME;SORIANO;Pediatría;0
CRAME;SORIANO;Gine;0
CRAME;SORIANO;AE;0
CRAME;SORIANO;LE;0
CRAME;TACUAREMBO;MG;0
CRAME;TACUAREMBO;MFYC;0
CRAME;TACUAREMBO;Pediatría;0
CRAME;TACUAREMBO;Gine;0
CRAME;TACUAREMBO;AE;0
CRAME;TACUAREMBO;LE;0
CRAME;TREINTA Y TRES;MG;0
CRAME;TREINTA Y TRES;MFYC;0
CRAME;TREINTA Y TRES;Pediatría;0
CRAME;TREINTA Y TRES;Gine;0
CRAME;TREINTA Y TRES;AE;0
CRAME;TREINTA Y TRES;LE;0
CRAMI;ARTIGAS;MG;0
CRAMI;ARTIGAS;MFYC;0
CRAMI;ARTIGAS;Pediatría;0
CRAMI;ARTIGAS;Gine;0
CRAMI;ARTIGAS;AE;0
CRAMI;ARTIGAS;LE;0
CRAMI;CANELONES;MG;2.98657580089019
CRAMI;CANELONES;MFYC;0
CRAMI;CANELONES;Pediatría;5.62692071434414
CRAMI;CANELONES;Gine;1.48537695278775
CRAMI;CANELONES;AE;7.89816697106752
CRAMI;CANELONES;LE;0.519720130709613
CRAMI;CERRO LARGO;MG;0
CRAMI;CERRO LARGO;MFYC;0
CRAMI;CERRO LARGO;Pediatría;0
CRAMI;CERRO LARGO;Gine;0
CRAMI;CERRO LARGO;AE;0
CRAMI;CERRO LARGO;LE;0
CRAMI;COLONIA;MG;0
CRAMI;COLONIA;MFYC;0
CRAMI;COLONIA;Pediatría;0
CRAMI;COLONIA;Gine;0
CRAMI;COLONIA;AE;0
CRAMI;COLONIA;LE;0
CRAMI;DURAZNO;MG;0
CRAMI;DURAZNO;MFYC;0
CRAMI;DURAZNO;Pediatría;0
CRAMI;DURAZNO;Gine;0
CRAMI;DURAZNO;AE;0
CRAMI;DURAZNO;LE;0
CRAMI;FLORES;MG;0
CRAMI;FLORES;MFYC;0
CRAMI;FLORES;Pediatría;0
CRAMI;FLORES;Gine;0
CRAMI;FLORES;AE;0
CRAMI;FLORES;LE;0
CRAMI;FLORIDA;MG;0
CRAMI;FLORIDA;MFYC;0
CRAMI;FLORIDA;Pediatría;0
CRAMI;FLORIDA;Gine;0
CRAMI;FLORIDA;AE;0
CRAMI;FLORIDA;LE;0
CRAMI;LAVALLEJA;MG;0
CRAMI;LAVALLEJA;MFYC;0
CRAMI;LAVALLEJA;Pediatría;0
CRAMI;LAVALLEJA;Gine;0
CRAMI;LAVALLEJA;AE;0
CRAMI;LAVALLEJA;LE;0
CRAMI;MALDONADO;MG;0
CRAMI;MALDONADO;MFYC;0
CRAMI;MALDONADO;Pediatría;0
CRAMI;MALDONADO;Gine;0
CRAMI;MALDONADO;AE;0
CRAMI;MALDONADO;LE;0
CRAMI;MONTEVIDEO;MG;0
CRAMI;MONTEVIDEO;MFYC;0
CRAMI;MONTEVIDEO;Pediatría;0
CRAMI;MONTEVIDEO;Gine;0
CRAMI;MONTEVIDEO;AE;0
CRAMI;MONTEVIDEO;LE;0
CRAMI;PAYSANDU;MG;0
CRAMI;PAYSANDU;MFYC;0
CRAMI;PAYSANDU;Pediatría;0
CRAMI;PAYSANDU;Gine;0
CRAMI;PAYSANDU;AE;0
CRAMI;PAYSANDU;LE;0
CRAMI;RIO NEGRO;MG;0
CRAMI;RIO NEGRO;MFYC;0
CRAMI;RIO NEGRO;Pediatría;0
CRAMI;RIO NEGRO;Gine;0
CRAMI;RIO NEGRO;AE;0
CRAMI;RIO NEGRO;LE;0
CRAMI;RIVERA;MG;0
CRAMI;RIVERA;MFYC;0
CRAMI;RIVERA;Pediatría;0
CRAMI;RIVERA;Gine;0
CRAMI;RIVERA;AE;0
CRAMI;RIVERA;LE;0
CRAMI;ROCHA;MG;0
CRAMI;ROCHA;MFYC;0
CRAMI;ROCHA;Pediatría;0
CRAMI;ROCHA;Gine;0
CRAMI;ROCHA;AE;0
CRAMI;ROCHA;LE;0
CRAMI;SALTO;MG;0
CRAMI;SALTO;MFYC;0
CRAMI;SALTO;Pediatría;0
CRAMI;SALTO;Gine;0
CRAMI;SALTO;AE;0
CRAMI;SALTO;LE;0
CRAMI;SAN JOSE;MG;0
CRAMI;SAN JOSE;MFYC;0
CRAMI;SAN JOSE;Pediatría;0
CRAMI;SAN JOSE;Gine;0
CRAMI;SAN JOSE;AE;0
CRAMI;SAN JOSE;LE;0
CRAMI;SORIANO;MG;0
CRAMI;SORIANO;MFYC;0
CRAMI;SORIANO;Pediatría;0
CRAMI;SORIANO;Gine;0
CRAMI;SORIANO;AE;0
CRAMI;SORIANO;LE;0
CRAMI;TACUAREMBO;MG;0
CRAMI;TACUAREMBO;MFYC;0
CRAMI;TACUAREMBO;Pediatría;0
CRAMI;TACUAREMBO;Gine;0
CRAMI;TACUAREMBO;AE;0
CRAMI;TACUAREMBO;LE;0
CRAMI;TREINTA Y TRES;MG;0
CRAMI;TREINTA Y TRES;MFYC;0
CRAMI;TREINTA Y TRES;Pediatría;0
CRAMI;TREINTA Y TRES;Gine;0
CRAMI;TREINTA Y TRES;AE;0
CRAMI;TREINTA Y TRES;LE;0
CUDAM;ARTIGAS;MG;0
CUDAM;ARTIGAS;MFYC;0
CUDAM;ARTIGAS;Pediatría;0
CUDAM;ARTIGAS;Gine;0
CUDAM;ARTIGAS;AE;0
CUDAM;ARTIGAS;LE;0
CUDAM;CANELONES;MG;0.616760465654152
CUDAM;CANELONES;MFYC;0.061624083462118
CUDAM;CANELONES;Pediatría;3.45886205485059
CUDAM;CANELONES;Gine;1.34329017719058
CUDAM;CANELONES;AE;9.54384270024751
CUDAM;CANELONES;LE;0
CUDAM;CERRO LARGO;MG;0
CUDAM;CERRO LARGO;MFYC;0
CUDAM;CERRO LARGO;Pediatría;0
CUDAM;CERRO LARGO;Gine;0
CUDAM;CERRO LARGO;AE;0
CUDAM;CERRO LARGO;LE;0
CUDAM;COLONIA;MG;0
CUDAM;COLONIA;MFYC;0
CUDAM;COLONIA;Pediatría;0
CUDAM;COLONIA;Gine;0
CUDAM;COLONIA;AE;0
CUDAM;COLONIA;LE;0
CUDAM;DURAZNO;MG;0
CUDAM;DURAZNO;MFYC;0
CUDAM;DURAZNO;Pediatría;0
CUDAM;DURAZNO;Gine;0
CUDAM;DURAZNO;AE;0
CUDAM;DURAZNO;LE;0
CUDAM;FLORES;MG;0
CUDAM;FLORES;MFYC;0
CUDAM;FLORES;Pediatría;0
CUDAM;FLORES;Gine;0
CUDAM;FLORES;AE;0
CUDAM;FLORES;LE;0
CUDAM;FLORIDA;MG;0
CUDAM;FLORIDA;MFYC;0
CUDAM;FLORIDA;Pediatría;0
CUDAM;FLORIDA;Gine;0
CUDAM;FLORIDA;AE;0
CUDAM;FLORIDA;LE;0
CUDAM;LAVALLEJA;MG;0
CUDAM;LAVALLEJA;MFYC;0
CUDAM;LAVALLEJA;Pediatría;0
CUDAM;LAVALLEJA;Gine;0
CUDAM;LAVALLEJA;AE;0
CUDAM;LAVALLEJA;LE;0
CUDAM;MALDONADO;MG;0
CUDAM;MALDONADO;MFYC;0
CUDAM;MALDONADO;Pediatría;0
CUDAM;MALDONADO;Gine;0
CUDAM;MALDONADO;AE;0
CUDAM;MALDONADO;LE;0
CUDAM;MONTEVIDEO;MG;1.9502987766461
CUDAM;MONTEVIDEO;MFYC;0
CUDAM;MONTEVIDEO;Pediatría;3.69106985710095
CUDAM;MONTEVIDEO;Gine;1.26315136091369
CUDAM;MONTEVIDEO;AE;4.14662106161801
CUDAM;MONTEVIDEO;LE;0.259434060163796
CUDAM;PAYSANDU;MG;0
CUDAM;PAYSANDU;MFYC;0
CUDAM;PAYSANDU;Pediatría;0
CUDAM;PAYSANDU;Gine;0
CUDAM;PAYSANDU;AE;0
CUDAM;PAYSANDU;LE;0
CUDAM;RIO NEGRO;MG;0
CUDAM;RIO NEGRO;MFYC;0
CUDAM;RIO NEGRO;Pediatría;0
CUDAM;RIO NEGRO;Gine;0
CUDAM;RIO NEGRO;AE;0
CUDAM;RIO NEGRO;LE;0
CUDAM;RIVERA;MG;0
CUDAM;RIVERA;MFYC;0
CUDAM;RIVERA;Pediatría;0
CUDAM;RIVERA;Gine;0
CUDAM;RIVERA;AE;0
CUDAM;RIVERA;LE;0
CUDAM;ROCHA;MG;0
CUDAM;ROCHA;MFYC;0
CUDAM;ROCHA;Pediatría;0
CUDAM;ROCHA;Gine;0
CUDAM;ROCHA;AE;0
CUDAM;ROCHA;LE;0
CUDAM;SALTO;MG;0
CUDAM;SALTO;MFYC;0
CUDAM;SALTO;Pediatría;0
CUDAM;SALTO;Gine;0
CUDAM;SALTO;AE;0
CUDAM;SALTO;LE;0
CUDAM;SAN JOSE;MG;0
CUDAM;SAN JOSE;MFYC;0
CUDAM;SAN JOSE;Pediatría;0
CUDAM;SAN JOSE;Gine;0
CUDAM;SAN JOSE;AE;0
CUDAM;SAN JOSE;LE;0
CUDAM;SORIANO;MG;0
CUDAM;SORIANO;MFYC;0
CUDAM;SORIANO;Pediatría;0
CUDAM;SORIANO;Gine;0
CUDAM;SORIANO;AE;0
CUDAM;SORIANO;LE;0
CUDAM;TACUAREMBO;MG;0
CUDAM;TACUAREMBO;MFYC;0
CUDAM;TACUAREMBO;Pediatría;0
CUDAM;TACUAREMBO;Gine;0
CUDAM;TACUAREMBO;AE;0
CUDAM;TACUAREMBO;LE;0
CUDAM;TREINTA Y TRES;MG;0
CUDAM;TREINTA Y TRES;MFYC;0
CUDAM;TREINTA Y TRES;Pediatría;0
CUDAM;TREINTA Y TRES;Gine;0
CUDAM;TREINTA Y TRES;AE;0
CUDAM;TREINTA Y TRES;LE;0
GREMCA;ARTIGAS;MG;0
GREMCA;ARTIGAS;MFYC;0
GREMCA;ARTIGAS;Pediatría;0
GREMCA;ARTIGAS;Gine;0
GREMCA;ARTIGAS;AE;0
GREMCA;ARTIGAS;LE;0
GREMCA;CANELONES;MG;1.59978939481385
GREMCA;CANELONES;MFYC;0
GREMCA;CANELONES;Pediatría;2.15803079689783
GREMCA;CANELONES;Gine;0.994214000488958
GREMCA;CANELONES;AE;12.9121374091646
GREMCA;CANELONES;LE;0
GREMCA;CERRO LARGO;MG;0
GREMCA;CERRO LARGO;MFYC;0
GREMCA;CERRO LARGO;Pediatría;0
GREMCA;CERRO LARGO;Gine;0
GREMCA;CERRO LARGO;AE;0
GREMCA;CERRO LARGO;LE;0
GREMCA;COLONIA;MG;0
GREMCA;COLONIA;MFYC;0
GREMCA;COLONIA;Pediatría;0
GREMCA;COLONIA;Gine;0
GREMCA;COLONIA;AE;0
GREMCA;COLONIA;LE;0
GREMCA;DURAZNO;MG;0
GREMCA;DURAZNO;MFYC;0
GREMCA;DURAZNO;Pediatría;0
GREMCA;DURAZNO;Gine;0
GREMCA;DURAZNO;AE;0
GREMCA;DURAZNO;LE;0
GREMCA;FLORES;MG;0
GREMCA;FLORES;MFYC;0
GREMCA;FLORES;Pediatría;0
GREMCA;FLORES;Gine;0
GREMCA;FLORES;AE;0
GREMCA;FLORES;LE;0
GREMCA;FLORIDA;MG;0
GREMCA;FLORIDA;MFYC;0
GREMCA;FLORIDA;Pediatría;0
GREMCA;FLORIDA;Gine;0
GREMCA;FLORIDA;AE;0
GREMCA;FLORIDA;LE;0
GREMCA;LAVALLEJA;MG;0
GREMCA;LAVALLEJA;MFYC;0
GREMCA;LAVALLEJA;Pediatría;0
GREMCA;LAVALLEJA;Gine;0
GREMCA;LAVALLEJA;AE;0
GREMCA;LAVALLEJA;LE;0
GREMCA;MALDONADO;MG;0
GREMCA;MALDONADO;MFYC;0
GREMCA;MALDONADO;Pediatría;0
GREMCA;MALDONADO;Gine;0
GREMCA;MALDONADO;AE;0
GREMCA;MALDONADO;LE;0
GREMCA;MONTEVIDEO;MG;1.20411290265098
GREMCA;MONTEVIDEO;MFYC;0
GREMCA;MONTEVIDEO;Pediatría;4.98878084631481
GREMCA;MONTEVIDEO;Gine;1.05362427238139
GREMCA;MONTEVIDEO;AE;3.544536271809
GREMCA;MONTEVIDEO;LE;0
GREMCA;PAYSANDU;MG;0
GREMCA;PAYSANDU;MFYC;0
GREMCA;PAYSANDU;Pediatría;0
GREMCA;PAYSANDU;Gine;0
GREMCA;PAYSANDU;AE;0
GREMCA;PAYSANDU;LE;0
GREMCA;RIO NEGRO;MG;0
GREMCA;RIO NEGRO;MFYC;0
GREMCA;RIO NEGRO;Pediatría;0
GREMCA;RIO NEGRO;Gine;0
GREMCA;RIO NEGRO;AE;0
GREMCA;RIO NEGRO;LE;0
GREMCA;RIVERA;MG;0
GREMCA;RIVERA;MFYC;0
GREMCA;RIVERA;Pediatría;0
GREMCA;RIVERA;Gine;0
GREMCA;RIVERA;AE;0
GREMCA;RIVERA;LE;0
GREMCA;ROCHA;MG;0
GREMCA;ROCHA;MFYC;0
GREMCA;ROCHA;Pediatría;0
GREMCA;ROCHA;Gine;0
GREMCA;ROCHA;AE;0
GREMCA;ROCHA;LE;0
GREMCA;SALTO;MG;0
GREMCA;SALTO;MFYC;0
GREMCA;SALTO;Pediatría;0
GREMCA;SALTO;Gine;0
GREMCA;SALTO;AE;0
GREMCA;SALTO;LE;0
GREMCA;SAN JOSE;MG;2.82832762977397
GREMCA;SAN JOSE;MFYC;1.20203791153026
GREMCA;SAN JOSE;Pediatría;7.25755979917843
GREMCA;SAN JOSE;Gine;0
GREMCA;SAN JOSE;AE;0
GREMCA;SAN JOSE;LE;0
GREMCA;SORIANO;MG;0
GREMCA;SORIANO;MFYC;0
GREMCA;SORIANO;Pediatría;0
GREMCA;SORIANO;Gine;0
GREMCA;SORIANO;AE;0
GREMCA;SORIANO;LE;0
GREMCA;TACUAREMBO;MG;0
GREMCA;TACUAREMBO;MFYC;0
GREMCA;TACUAREMBO;Pediatría;0
GREMCA;TACUAREMBO;Gine;0
GREMCA;TACUAREMBO;AE;0
GREMCA;TACUAREMBO;LE;0
GREMCA;TREINTA Y TRES;MG;0
GREMCA;TREINTA Y TRES;MFYC;0
GREMCA;TREINTA Y TRES;Pediatría;0
GREMCA;TREINTA Y TRES;Gine;0
GREMCA;TREINTA Y TRES;AE;0
GREMCA;TREINTA Y TRES;LE;0
GREMEDA;ARTIGAS;MG;3.71101059587172
GREMEDA;ARTIGAS;MFYC;0
GREMEDA;ARTIGAS;Pediatría;4.58948137906923
GREMEDA;ARTIGAS;Gine;2.08727070594775
GREMEDA;ARTIGAS;AE;8.76656547692722
GREMEDA;ARTIGAS;LE;1.46573120444019
GREMEDA;CANELONES;MG;0
GREMEDA;CANELONES;MFYC;0
GREMEDA;CANELONES;Pediatría;0
GREMEDA;CANELONES;Gine;0
GREMEDA;CANELONES;AE;0
GREMEDA;CANELONES;LE;0
GREMEDA;CERRO LARGO;MG;0
GREMEDA;CERRO LARGO;MFYC;0
GREMEDA;CERRO LARGO;Pediatría;0
GREMEDA;CERRO LARGO;Gine;0
GREMEDA;CERRO LARGO;AE;0
GREMEDA;CERRO LARGO;LE;0
GREMEDA;COLONIA;MG;0
GREMEDA;COLONIA;MFYC;0
GREMEDA;COLONIA;Pediatría;0
GREMEDA;COLONIA;Gine;0
GREMEDA;COLONIA;AE;0
GREMEDA;COLONIA;LE;0
GREMEDA;DURAZNO;MG;0
GREMEDA;DURAZNO;MFYC;0
GREMEDA;DURAZNO;Pediatría;0
GREMEDA;DURAZNO;Gine;0
GREMEDA;DURAZNO;AE;0
GREMEDA;DURAZNO;LE;0
GREMEDA;FLORES;MG;0
GREMEDA;FLORES;MFYC;0
GREMEDA;FLORES;Pediatría;0
GREMEDA;FLORES;Gine;0
GREMEDA;FLORES;AE;0
GREMEDA;FLORES;LE;0
GREMEDA;FLORIDA;MG;0
GREMEDA;FLORIDA;MFYC;0
GREMEDA;FLORIDA;Pediatría;0
GREMEDA;FLORIDA;Gine;0
GREMEDA;FLORIDA;AE;0
GREMEDA;FLORIDA;LE;0
GREMEDA;LAVALLEJA;MG;0
GREMEDA;LAVALLEJA;MFYC;0
GREMEDA;LAVALLEJA;Pediatría;0
GREMEDA;LAVALLEJA;Gine;0
GREMEDA;LAVALLEJA;AE;0
GREMEDA;LAVALLEJA;LE;0
GREMEDA;MALDONADO;MG;0
GREMEDA;MALDONADO;MFYC;0
GREMEDA;MALDONADO;Pediatría;0
GREMEDA;MALDONADO;Gine;0
GREMEDA;MALDONADO;AE;0
GREMEDA;MALDONADO;LE;0
GREMEDA;MONTEVIDEO;MG;0
GREMEDA;MONTEVIDEO;MFYC;0
GREMEDA;MONTEVIDEO;Pediatría;0
GREMEDA;MONTEVIDEO;Gine;0
GREMEDA;MONTEVIDEO;AE;0
GREMEDA;MONTEVIDEO;LE;0
GREMEDA;PAYSANDU;MG;0
GREMEDA;PAYSANDU;MFYC;0
GREMEDA;PAYSANDU;Pediatría;0
GREMEDA;PAYSANDU;Gine;0
GREMEDA;PAYSANDU;AE;0
GREMEDA;PAYSANDU;LE;0
GREMEDA;RIO NEGRO;MG;0
GREMEDA;RIO NEGRO;MFYC;0
GREMEDA;RIO NEGRO;Pediatría;0
GREMEDA;RIO NEGRO;Gine;0
GREMEDA;RIO NEGRO;AE;0
GREMEDA;RIO NEGRO;LE;0
GREMEDA;RIVERA;MG;0
GREMEDA;RIVERA;MFYC;0
GREMEDA;RIVERA;Pediatría;0
GREMEDA;RIVERA;Gine;0
GREMEDA;RIVERA;AE;0
GREMEDA;RIVERA;LE;0
GREMEDA;ROCHA;MG;0
GREMEDA;ROCHA;MFYC;0
GREMEDA;ROCHA;Pediatría;0
GREMEDA;ROCHA;Gine;0
GREMEDA;ROCHA;AE;0
GREMEDA;ROCHA;LE;0
GREMEDA;SALTO;MG;0
GREMEDA;SALTO;MFYC;0
GREMEDA;SALTO;Pediatría;0
GREMEDA;SALTO;Gine;0
GREMEDA;SALTO;AE;0
GREMEDA;SALTO;LE;0
GREMEDA;SAN JOSE;MG;0
GREMEDA;SAN JOSE;MFYC;0
GREMEDA;SAN JOSE;Pediatría;0
GREMEDA;SAN JOSE;Gine;0
GREMEDA;SAN JOSE;AE;0
GREMEDA;SAN JOSE;LE;0
GREMEDA;SORIANO;MG;0
GREMEDA;SORIANO;MFYC;0
GREMEDA;SORIANO;Pediatría;0
GREMEDA;SORIANO;Gine;0
GREMEDA;SORIANO;AE;0
GREMEDA;SORIANO;LE;0
GREMEDA;TACUAREMBO;MG;0
GREMEDA;TACUAREMBO;MFYC;0
GREMEDA;TACUAREMBO;Pediatría;0
GREMEDA;TACUAREMBO;Gine;0
GREMEDA;TACUAREMBO;AE;0
GREMEDA;TACUAREMBO;LE;0
GREMEDA;TREINTA Y TRES;MG;0
GREMEDA;TREINTA Y TRES;MFYC;0
GREMEDA;TREINTA Y TRES;Pediatría;0
GREMEDA;TREINTA Y TRES;Gine;0
GREMEDA;TREINTA Y TRES;AE;0
GREMEDA;TREINTA Y TRES;LE;0
HOSPITAL BRITANICO;ARTIGAS;MG;0
HOSPITAL BRITANICO;ARTIGAS;MFYC;0
HOSPITAL BRITANICO;ARTIGAS;Pediatría;0
HOSPITAL BRITANICO;ARTIGAS;Gine;0
HOSPITAL BRITANICO;ARTIGAS;AE;0
HOSPITAL BRITANICO;ARTIGAS;LE;0
HOSPITAL BRITANICO;CANELONES;MG;0
HOSPITAL BRITANICO;CANELONES;MFYC;0
HOSPITAL BRITANICO;CANELONES;Pediatría;0
HOSPITAL BRITANICO;CANELONES;Gine;0
HOSPITAL BRITANICO;CANELONES;AE;0
HOSPITAL BRITANICO;CANELONES;LE;0
HOSPITAL BRITANICO;CERRO LARGO;MG;0
HOSPITAL BRITANICO;CERRO LARGO;MFYC;0
HOSPITAL BRITANICO;CERRO LARGO;Pediatría;0
HOSPITAL BRITANICO;CERRO LARGO;Gine;0
HOSPITAL BRITANICO;CERRO LARGO;AE;0
HOSPITAL BRITANICO;CERRO LARGO;LE;0
HOSPITAL BRITANICO;COLONIA;MG;0
HOSPITAL BRITANICO;COLONIA;MFYC;0
HOSPITAL BRITANICO;COLONIA;Pediatría;0
HOSPITAL BRITANICO;COLONIA;Gine;0
HOSPITAL BRITANICO;COLONIA;AE;0
HOSPITAL BRITANICO;COLONIA;LE;0
HOSPITAL BRITANICO;DURAZNO;MG;0
HOSPITAL BRITANICO;DURAZNO;MFYC;0
HOSPITAL BRITANICO;DURAZNO;Pediatría;0
HOSPITAL BRITANICO;DURAZNO;Gine;0
HOSPITAL BRITANICO;DURAZNO;AE;0
HOSPITAL BRITANICO;DURAZNO;LE;0
HOSPITAL BRITANICO;FLORES;MG;0
HOSPITAL BRITANICO;FLORES;MFYC;0
HOSPITAL BRITANICO;FLORES;Pediatría;0
HOSPITAL BRITANICO;FLORES;Gine;0
HOSPITAL BRITANICO;FLORES;AE;0
HOSPITAL BRITANICO;FLORES;LE;0
HOSPITAL BRITANICO;FLORIDA;MG;0
HOSPITAL BRITANICO;FLORIDA;MFYC;0
HOSPITAL BRITANICO;FLORIDA;Pediatría;0
HOSPITAL BRITANICO;FLORIDA;Gine;0
HOSPITAL BRITANICO;FLORIDA;AE;0
HOSPITAL BRITANICO;FLORIDA;LE;0
HOSPITAL BRITANICO;LAVALLEJA;MG;0
HOSPITAL BRITANICO;LAVALLEJA;MFYC;0
HOSPITAL BRITANICO;LAVALLEJA;Pediatría;0
HOSPITAL BRITANICO;LAVALLEJA;Gine;0
HOSPITAL BRITANICO;LAVALLEJA;AE;0
HOSPITAL BRITANICO;LAVALLEJA;LE;0
HOSPITAL BRITANICO;MALDONADO;MG;0
HOSPITAL BRITANICO;MALDONADO;MFYC;0
HOSPITAL BRITANICO;MALDONADO;Pediatría;0
HOSPITAL BRITANICO;MALDONADO;Gine;0
HOSPITAL BRITANICO;MALDONADO;AE;0
HOSPITAL BRITANICO;MALDONADO;LE;0
HOSPITAL BRITANICO;MONTEVIDEO;MG;0
HOSPITAL BRITANICO;MONTEVIDEO;MFYC;0
HOSPITAL BRITANICO;MONTEVIDEO;Pediatría;0
HOSPITAL BRITANICO;MONTEVIDEO;Gine;0
HOSPITAL BRITANICO;MONTEVIDEO;AE;0
HOSPITAL BRITANICO;MONTEVIDEO;LE;0
HOSPITAL BRITANICO;PAYSANDU;MG;0
HOSPITAL BRITANICO;PAYSANDU;MFYC;0
HOSPITAL BRITANICO;PAYSANDU;Pediatría;0
HOSPITAL BRITANICO;PAYSANDU;Gine;0
HOSPITAL BRITANICO;PAYSANDU;AE;0
HOSPITAL BRITANICO;PAYSANDU;LE;0
HOSPITAL BRITANICO;RIO NEGRO;MG;0
HOSPITAL BRITANICO;RIO NEGRO;MFYC;0
HOSPITAL BRITANICO;RIO NEGRO;Pediatría;0
HOSPITAL BRITANICO;RIO NEGRO;Gine;0
HOSPITAL BRITANICO;RIO NEGRO;AE;0
HOSPITAL BRITANICO;RIO NEGRO;LE;0
HOSPITAL BRITANICO;RIVERA;MG;0
HOSPITAL BRITANICO;RIVERA;MFYC;0
HOSPITAL BRITANICO;RIVERA;Pediatría;0
HOSPITAL BRITANICO;RIVERA;Gine;0
HOSPITAL BRITANICO;RIVERA;AE;0
HOSPITAL BRITANICO;RIVERA;LE;0
HOSPITAL BRITANICO;ROCHA;MG;0
HOSPITAL BRITANICO;ROCHA;MFYC;0
HOSPITAL BRITANICO;ROCHA;Pediatría;0
HOSPITAL BRITANICO;ROCHA;Gine;0
HOSPITAL BRITANICO;ROCHA;AE;0
HOSPITAL BRITANICO;ROCHA;LE;0
HOSPITAL BRITANICO;SALTO;MG;0
HOSPITAL BRITANICO;SALTO;MFYC;0
HOSPITAL BRITANICO;SALTO;Pediatría;0
HOSPITAL BRITANICO;SALTO;Gine;0
HOSPITAL BRITANICO;SALTO;AE;0
HOSPITAL BRITANICO;SALTO;LE;0
HOSPITAL BRITANICO;SAN JOSE;MG;0
HOSPITAL BRITANICO;SAN JOSE;MFYC;0
HOSPITAL BRITANICO;SAN JOSE;Pediatría;0
HOSPITAL BRITANICO;SAN JOSE;Gine;0
HOSPITAL BRITANICO;SAN JOSE;AE;0
HOSPITAL BRITANICO;SAN JOSE;LE;0
HOSPITAL BRITANICO;SORIANO;MG;0
HOSPITAL BRITANICO;SORIANO;MFYC;0
HOSPITAL BRITANICO;SORIANO;Pediatría;0
HOSPITAL BRITANICO;SORIANO;Gine;0
HOSPITAL BRITANICO;SORIANO;AE;0
HOSPITAL BRITANICO;SORIANO;LE;0
HOSPITAL BRITANICO;TACUAREMBO;MG;0
HOSPITAL BRITANICO;TACUAREMBO;MFYC;0
HOSPITAL BRITANICO;TACUAREMBO;Pediatría;0
HOSPITAL BRITANICO;TACUAREMBO;Gine;0
HOSPITAL BRITANICO;TACUAREMBO;AE;0
HOSPITAL BRITANICO;TACUAREMBO;LE;0
HOSPITAL BRITANICO;TREINTA Y TRES;MG;0
HOSPITAL BRITANICO;TREINTA Y TRES;MFYC;0
HOSPITAL BRITANICO;TREINTA Y TRES;Pediatría;0
HOSPITAL BRITANICO;TREINTA Y TRES;Gine;0
HOSPITAL BRITANICO;TREINTA Y TRES;AE;0
HOSPITAL BRITANICO;TREINTA Y TRES;LE;0
HOSPITAL EVANGÉLICO;ARTIGAS;MG;0
HOSPITAL EVANGÉLICO;ARTIGAS;MFYC;0
HOSPITAL EVANGÉLICO;ARTIGAS;Pediatría;0
HOSPITAL EVANGÉLICO;ARTIGAS;Gine;0
HOSPITAL EVANGÉLICO;ARTIGAS;AE;0
HOSPITAL EVANGÉLICO;ARTIGAS;LE;0
HOSPITAL EVANGÉLICO;CANELONES;MG;0.376022771434874
HOSPITAL EVANGÉLICO;CANELONES;MFYC;0.023012209747441
HOSPITAL EVANGÉLICO;CANELONES;Pediatría;1.68762129778078
HOSPITAL EVANGÉLICO;CANELONES;Gine;0.340251128531797
HOSPITAL EVANGÉLICO;CANELONES;AE;2.55568290945138
HOSPITAL EVANGÉLICO;CANELONES;LE;1.27784145472569
HOSPITAL EVANGÉLICO;CERRO LARGO;MG;0
HOSPITAL EVANGÉLICO;CERRO LARGO;MFYC;0
HOSPITAL EVANGÉLICO;CERRO LARGO;Pediatría;0
HOSPITAL EVANGÉLICO;CERRO LARGO;Gine;0
HOSPITAL EVANGÉLICO;CERRO LARGO;AE;0
HOSPITAL EVANGÉLICO;CERRO LARGO;LE;0
HOSPITAL EVANGÉLICO;COLONIA;MG;3.25061752361317
HOSPITAL EVANGÉLICO;COLONIA;MFYC;0.389602821568013
HOSPITAL EVANGÉLICO;COLONIA;Pediatría;1.61057263000666
HOSPITAL EVANGÉLICO;COLONIA;Gine;0.827176508187167
HOSPITAL EVANGÉLICO;COLONIA;AE;23.3378981242271
HOSPITAL EVANGÉLICO;COLONIA;LE;1.60253297332997
HOSPITAL EVANGÉLICO;DURAZNO;MG;0
HOSPITAL EVANGÉLICO;DURAZNO;MFYC;0
HOSPITAL EVANGÉLICO;DURAZNO;Pediatría;0
HOSPITAL EVANGÉLICO;DURAZNO;Gine;0
HOSPITAL EVANGÉLICO;DURAZNO;AE;0
HOSPITAL EVANGÉLICO;DURAZNO;LE;0
HOSPITAL EVANGÉLICO;FLORES;MG;0
HOSPITAL EVANGÉLICO;FLORES;MFYC;0
HOSPITAL EVANGÉLICO;FLORES;Pediatría;0
HOSPITAL EVANGÉLICO;FLORES;Gine;0
HOSPITAL EVANGÉLICO;FLORES;AE;0
HOSPITAL EVANGÉLICO;FLORES;LE;0
HOSPITAL EVANGÉLICO;FLORIDA;MG;0
HOSPITAL EVANGÉLICO;FLORIDA;MFYC;0
HOSPITAL EVANGÉLICO;FLORIDA;Pediatría;0
HOSPITAL EVANGÉLICO;FLORIDA;Gine;0
HOSPITAL EVANGÉLICO;FLORIDA;AE;0
HOSPITAL EVANGÉLICO;FLORIDA;LE;0
HOSPITAL EVANGÉLICO;LAVALLEJA;MG;0
HOSPITAL EVANGÉLICO;LAVALLEJA;MFYC;0
HOSPITAL EVANGÉLICO;LAVALLEJA;Pediatría;0
HOSPITAL EVANGÉLICO;LAVALLEJA;Gine;0
HOSPITAL EVANGÉLICO;LAVALLEJA;AE;0
HOSPITAL EVANGÉLICO;LAVALLEJA;LE;0
HOSPITAL EVANGÉLICO;MALDONADO;MG;0
HOSPITAL EVANGÉLICO;MALDONADO;MFYC;0
HOSPITAL EVANGÉLICO;MALDONADO;Pediatría;0
HOSPITAL EVANGÉLICO;MALDONADO;Gine;0
HOSPITAL EVANGÉLICO;MALDONADO;AE;0
HOSPITAL EVANGÉLICO;MALDONADO;LE;0
HOSPITAL EVANGÉLICO;MONTEVIDEO;MG;1.91682683404037
HOSPITAL EVANGÉLICO;MONTEVIDEO;MFYC;0.0273536948085653
HOSPITAL EVANGÉLICO;MONTEVIDEO;Pediatría;5.12381185493412
HOSPITAL EVANGÉLICO;MONTEVIDEO;Gine;1.31601311156975
HOSPITAL EVANGÉLICO;MONTEVIDEO;AE;10.883461176154
HOSPITAL EVANGÉLICO;MONTEVIDEO;LE;2.31895341907453
HOSPITAL EVANGÉLICO;PAYSANDU;MG;0
HOSPITAL EVANGÉLICO;PAYSANDU;MFYC;0
HOSPITAL EVANGÉLICO;PAYSANDU;Pediatría;0
HOSPITAL EVANGÉLICO;PAYSANDU;Gine;0
HOSPITAL EVANGÉLICO;PAYSANDU;AE;0
HOSPITAL EVANGÉLICO;PAYSANDU;LE;0
HOSPITAL EVANGÉLICO;RIO NEGRO;MG;0
HOSPITAL EVANGÉLICO;RIO NEGRO;MFYC;0
HOSPITAL EVANGÉLICO;RIO NEGRO;Pediatría;0
HOSPITAL EVANGÉLICO;RIO NEGRO;Gine;0
HOSPITAL EVANGÉLICO;RIO NEGRO;AE;21.8369507676019
HOSPITAL EVANGÉLICO;RIO NEGRO;LE;0
HOSPITAL EVANGÉLICO;RIVERA;MG;0
HOSPITAL EVANGÉLICO;RIVERA;MFYC;0
HOSPITAL EVANGÉLICO;RIVERA;Pediatría;0
HOSPITAL EVANGÉLICO;RIVERA;Gine;0
HOSPITAL EVANGÉLICO;RIVERA;AE;0
HOSPITAL EVANGÉLICO;RIVERA;LE;0
HOSPITAL EVANGÉLICO;ROCHA;MG;0
HOSPITAL EVANGÉLICO;ROCHA;MFYC;0
HOSPITAL EVANGÉLICO;ROCHA;Pediatría;0
HOSPITAL EVANGÉLICO;ROCHA;Gine;0
HOSPITAL EVANGÉLICO;ROCHA;AE;0
HOSPITAL EVANGÉLICO;ROCHA;LE;0
HOSPITAL EVANGÉLICO;SALTO;MG;0
HOSPITAL EVANGÉLICO;SALTO;MFYC;0
HOSPITAL EVANGÉLICO;SALTO;Pediatría;0
HOSPITAL EVANGÉLICO;SALTO;Gine;0
HOSPITAL EVANGÉLICO;SALTO;AE;0
HOSPITAL EVANGÉLICO;SALTO;LE;0
HOSPITAL EVANGÉLICO;SAN JOSE;MG;0
HOSPITAL EVANGÉLICO;SAN JOSE;MFYC;0
HOSPITAL EVANGÉLICO;SAN JOSE;Pediatría;0
HOSPITAL EVANGÉLICO;SAN JOSE;Gine;0
HOSPITAL EVANGÉLICO;SAN JOSE;AE;0
HOSPITAL EVANGÉLICO;SAN JOSE;LE;0
HOSPITAL EVANGÉLICO;SORIANO;MG;6.15911035072712
HOSPITAL EVANGÉLICO;SORIANO;MFYC;0
HOSPITAL EVANGÉLICO;SORIANO;Pediatría;12.7809771502879
HOSPITAL EVANGÉLICO;SORIANO;Gine;1.94968102644972
HOSPITAL EVANGÉLICO;SORIANO;AE;25.9053799455725
HOSPITAL EVANGÉLICO;SORIANO;LE;0
HOSPITAL EVANGÉLICO;TACUAREMBO;MG;0
HOSPITAL EVANGÉLICO;TACUAREMBO;MFYC;0
HOSPITAL EVANGÉLICO;TACUAREMBO;Pediatría;0
HOSPITAL EVANGÉLICO;TACUAREMBO;Gine;0
HOSPITAL EVANGÉLICO;TACUAREMBO;AE;0
HOSPITAL EVANGÉLICO;TACUAREMBO;LE;0
HOSPITAL EVANGÉLICO;TREINTA Y TRES;MG;0
HOSPITAL EVANGÉLICO;TREINTA Y TRES;MFYC;0
HOSPITAL EVANGÉLICO;TREINTA Y TRES;Pediatría;0
HOSPITAL EVANGÉLICO;TREINTA Y TRES;Gine;0
HOSPITAL EVANGÉLICO;TREINTA Y TRES;AE;0
HOSPITAL EVANGÉLICO;TREINTA Y TRES;LE;0
IAC;ARTIGAS;MG;0
IAC;ARTIGAS;MFYC;0
IAC;ARTIGAS;Pediatría;0
IAC;ARTIGAS;Gine;0
IAC;ARTIGAS;AE;0
IAC;ARTIGAS;LE;0
IAC;CANELONES;MG;0
IAC;CANELONES;MFYC;0
IAC;CANELONES;Pediatría;0
IAC;CANELONES;Gine;0
IAC;CANELONES;AE;0
IAC;CANELONES;LE;0
IAC;CERRO LARGO;MG;0
IAC;CERRO LARGO;MFYC;0
IAC;CERRO LARGO;Pediatría;0
IAC;CERRO LARGO;Gine;0
IAC;CERRO LARGO;AE;0
IAC;CERRO LARGO;LE;0
IAC;COLONIA;MG;0
IAC;COLONIA;MFYC;0
IAC;COLONIA;Pediatría;0
IAC;COLONIA;Gine;0
IAC;COLONIA;AE;0
IAC;COLONIA;LE;0
IAC;DURAZNO;MG;0
IAC;DURAZNO;MFYC;0
IAC;DURAZNO;Pediatría;0
IAC;DURAZNO;Gine;0
IAC;DURAZNO;AE;0
IAC;DURAZNO;LE;0
IAC;FLORES;MG;0
IAC;FLORES;MFYC;0
IAC;FLORES;Pediatría;0
IAC;FLORES;Gine;0
IAC;FLORES;AE;0
IAC;FLORES;LE;0
IAC;FLORIDA;MG;0
IAC;FLORIDA;MFYC;0
IAC;FLORIDA;Pediatría;0
IAC;FLORIDA;Gine;0
IAC;FLORIDA;AE;0
IAC;FLORIDA;LE;0
IAC;LAVALLEJA;MG;3.18656475401012
IAC;LAVALLEJA;MFYC;0
IAC;LAVALLEJA;Pediatría;0
IAC;LAVALLEJA;Gine;0.646087580760948
IAC;LAVALLEJA;AE;15.6465139566905
IAC;LAVALLEJA;LE;0
IAC;MALDONADO;MG;0
IAC;MALDONADO;MFYC;0
IAC;MALDONADO;Pediatría;0
IAC;MALDONADO;Gine;0
IAC;MALDONADO;AE;0
IAC;MALDONADO;LE;0
IAC;MONTEVIDEO;MG;0
IAC;MONTEVIDEO;MFYC;0
IAC;MONTEVIDEO;Pediatría;0
IAC;MONTEVIDEO;Gine;0
IAC;MONTEVIDEO;AE;0
IAC;MONTEVIDEO;LE;0
IAC;PAYSANDU;MG;0
IAC;PAYSANDU;MFYC;0
IAC;PAYSANDU;Pediatría;0
IAC;PAYSANDU;Gine;0
IAC;PAYSANDU;AE;0
IAC;PAYSANDU;LE;0
IAC;RIO NEGRO;MG;0
IAC;RIO NEGRO;MFYC;0
IAC;RIO NEGRO;Pediatría;0
IAC;RIO NEGRO;Gine;0
IAC;RIO NEGRO;AE;0
IAC;RIO NEGRO;LE;0
IAC;RIVERA;MG;0
IAC;RIVERA;MFYC;0
IAC;RIVERA;Pediatría;0
IAC;RIVERA;Gine;0
IAC;RIVERA;AE;0
IAC;RIVERA;LE;0
IAC;ROCHA;MG;0
IAC;ROCHA;MFYC;0
IAC;ROCHA;Pediatría;0
IAC;ROCHA;Gine;0
IAC;ROCHA;AE;0
IAC;ROCHA;LE;0
IAC;SALTO;MG;0
IAC;SALTO;MFYC;0
IAC;SALTO;Pediatría;0
IAC;SALTO;Gine;0
IAC;SALTO;AE;0
IAC;SALTO;LE;0
IAC;SAN JOSE;MG;0
IAC;SAN JOSE;MFYC;0
IAC;SAN JOSE;Pediatría;0
IAC;SAN JOSE;Gine;0
IAC;SAN JOSE;AE;0
IAC;SAN JOSE;LE;0
IAC;SORIANO;MG;0
IAC;SORIANO;MFYC;0
IAC;SORIANO;Pediatría;0
IAC;SORIANO;Gine;0
IAC;SORIANO;AE;0
IAC;SORIANO;LE;0
IAC;TACUAREMBO;MG;0
IAC;TACUAREMBO;MFYC;0
IAC;TACUAREMBO;Pediatría;0
IAC;TACUAREMBO;Gine;0
IAC;TACUAREMBO;AE;0
IAC;TACUAREMBO;LE;0
IAC;TREINTA Y TRES;MG;1.52704176220619
IAC;TREINTA Y TRES;MFYC;0.138403292710894
IAC;TREINTA Y TRES;Pediatría;3.65189069973201
IAC;TREINTA Y TRES;Gine;1.01875114140601
IAC;TREINTA Y TRES;AE;10.1016857395881
IAC;TREINTA Y TRES;LE;0
MÉDICA URUGUAYA;ARTIGAS;MG;0
MÉDICA URUGUAYA;ARTIGAS;MFYC;0
MÉDICA URUGUAYA;ARTIGAS;Pediatría;0
MÉDICA URUGUAYA;ARTIGAS;Gine;0
MÉDICA URUGUAYA;ARTIGAS;AE;0
MÉDICA URUGUAYA;ARTIGAS;LE;0
MÉDICA URUGUAYA;CANELONES;MG;2.15853150413307
MÉDICA URUGUAYA;CANELONES;MFYC;0
MÉDICA URUGUAYA;CANELONES;Pediatría;3.81628643864143
MÉDICA URUGUAYA;CANELONES;Gine;1.02527368020518
MÉDICA URUGUAYA;CANELONES;AE;0
MÉDICA URUGUAYA;CANELONES;LE;0
MÉDICA URUGUAYA;CERRO LARGO;MG;0.617760617760618
MÉDICA URUGUAYA;CERRO LARGO;MFYC;0
MÉDICA URUGUAYA;CERRO LARGO;Pediatría;0
MÉDICA URUGUAYA;CERRO LARGO;Gine;0
MÉDICA URUGUAYA;CERRO LARGO;AE;0
MÉDICA URUGUAYA;CERRO LARGO;LE;0
MÉDICA URUGUAYA;COLONIA;MG;17.6361453672378
MÉDICA URUGUAYA;COLONIA;MFYC;0
MÉDICA URUGUAYA;COLONIA;Pediatría;0
MÉDICA URUGUAYA;COLONIA;Gine;0
MÉDICA URUGUAYA;COLONIA;AE;0
MÉDICA URUGUAYA;COLONIA;LE;0
MÉDICA URUGUAYA;DURAZNO;MG;1.09919468722568
MÉDICA URUGUAYA;DURAZNO;MFYC;0
MÉDICA URUGUAYA;DURAZNO;Pediatría;6.76691729323308
MÉDICA URUGUAYA;DURAZNO;Gine;0
MÉDICA URUGUAYA;DURAZNO;AE;0
MÉDICA URUGUAYA;DURAZNO;LE;0
MÉDICA URUGUAYA;FLORES;MG;0
MÉDICA URUGUAYA;FLORES;MFYC;0
MÉDICA URUGUAYA;FLORES;Pediatría;0
MÉDICA URUGUAYA;FLORES;Gine;0
MÉDICA URUGUAYA;FLORES;AE;0
MÉDICA URUGUAYA;FLORES;LE;0
MÉDICA URUGUAYA;FLORIDA;MG;11.3193116634799
MÉDICA URUGUAYA;FLORIDA;MFYC;0
MÉDICA URUGUAYA;FLORIDA;Pediatría;3.18407960199005
MÉDICA URUGUAYA;FLORIDA;Gine;5.07381992098149
MÉDICA URUGUAYA;FLORIDA;AE;0
MÉDICA URUGUAYA;FLORIDA;LE;0
MÉDICA URUGUAYA;LAVALLEJA;MG;4.60210930009588
MÉDICA URUGUAYA;LAVALLEJA;MFYC;0
MÉDICA URUGUAYA;LAVALLEJA;Pediatría;6.97518443997317
MÉDICA URUGUAYA;LAVALLEJA;Gine;0.60952380952381
MÉDICA URUGUAYA;LAVALLEJA;AE;0
MÉDICA URUGUAYA;LAVALLEJA;LE;0
MÉDICA URUGUAYA;MALDONADO;MG;6.89160086145011
MÉDICA URUGUAYA;MALDONADO;MFYC;0
MÉDICA URUGUAYA;MALDONADO;Pediatría;16.4665523156089
MÉDICA URUGUAYA;MALDONADO;Gine;2.3505905858847
MÉDICA URUGUAYA;MALDONADO;AE;0
MÉDICA URUGUAYA;MALDONADO;LE;0
MÉDICA URUGUAYA;MONTEVIDEO;MG;2.89698869237696
MÉDICA URUGUAYA;MONTEVIDEO;MFYC;0
MÉDICA URUGUAYA;MONTEVIDEO;Pediatría;5.62017507957895
MÉDICA URUGUAYA;MONTEVIDEO;Gine;1.92618146457224
MÉDICA URUGUAYA;MONTEVIDEO;AE;0.0156279251634202
MÉDICA URUGUAYA;MONTEVIDEO;LE;0
MÉDICA URUGUAYA;PAYSANDU;MG;0
MÉDICA URUGUAYA;PAYSANDU;MFYC;0
MÉDICA URUGUAYA;PAYSANDU;Pediatría;0
MÉDICA URUGUAYA;PAYSANDU;Gine;0
MÉDICA URUGUAYA;PAYSANDU;AE;0
MÉDICA URUGUAYA;PAYSANDU;LE;0
MÉDICA URUGUAYA;RIO NEGRO;MG;4.25097077457592
MÉDICA URUGUAYA;RIO NEGRO;MFYC;0
MÉDICA URUGUAYA;RIO NEGRO;Pediatría;0
MÉDICA URUGUAYA;RIO NEGRO;Gine;0
MÉDICA URUGUAYA;RIO NEGRO;AE;0
MÉDICA URUGUAYA;RIO NEGRO;LE;0
MÉDICA URUGUAYA;RIVERA;MG;0
MÉDICA URUGUAYA;RIVERA;MFYC;0
MÉDICA URUGUAYA;RIVERA;Pediatría;0
MÉDICA URUGUAYA;RIVERA;Gine;0
MÉDICA URUGUAYA;RIVERA;AE;0
MÉDICA URUGUAYA;RIVERA;LE;0
MÉDICA URUGUAYA;ROCHA;MG;10.9330377518419
MÉDICA URUGUAYA;ROCHA;MFYC;0
MÉDICA URUGUAYA;ROCHA;Pediatría;9.12330719885959
MÉDICA URUGUAYA;ROCHA;Gine;0.613305862341583
MÉDICA URUGUAYA;ROCHA;AE;0
MÉDICA URUGUAYA;ROCHA;LE;0
MÉDICA URUGUAYA;SALTO;MG;0
MÉDICA URUGUAYA;SALTO;MFYC;0
MÉDICA URUGUAYA;SALTO;Pediatría;0
MÉDICA URUGUAYA;SALTO;Gine;0
MÉDICA URUGUAYA;SALTO;AE;0
MÉDICA URUGUAYA;SALTO;LE;0
MÉDICA URUGUAYA;SAN JOSE;MG;1.76959876442216
MÉDICA URUGUAYA;SAN JOSE;MFYC;0
MÉDICA URUGUAYA;SAN JOSE;Pediatría;0
MÉDICA URUGUAYA;SAN JOSE;Gine;0.0764069625844655
MÉDICA URUGUAYA;SAN JOSE;AE;0
MÉDICA URUGUAYA;SAN JOSE;LE;0
MÉDICA URUGUAYA;SORIANO;MG;20.1121114319687
MÉDICA URUGUAYA;SORIANO;MFYC;0
MÉDICA URUGUAYA;SORIANO;Pediatría;0
MÉDICA URUGUAYA;SORIANO;Gine;0
MÉDICA URUGUAYA;SORIANO;AE;0
MÉDICA URUGUAYA;SORIANO;LE;0
MÉDICA URUGUAYA;TACUAREMBO;MG;5.11213517665131
MÉDICA URUGUAYA;TACUAREMBO;MFYC;0
MÉDICA URUGUAYA;TACUAREMBO;Pediatría;39.8849472674976
MÉDICA URUGUAYA;TACUAREMBO;Gine;0
MÉDICA URUGUAYA;TACUAREMBO;AE;0
MÉDICA URUGUAYA;TACUAREMBO;LE;0
MÉDICA URUGUAYA;TREINTA Y TRES;MG;3.29939692626937
MÉDICA URUGUAYA;TREINTA Y TRES;MFYC;0
MÉDICA URUGUAYA;TREINTA Y TRES;Pediatría;3.45715947810189
MÉDICA URUGUAYA;TREINTA Y TRES;Gine;2.1232072679018
MÉDICA URUGUAYA;TREINTA Y TRES;AE;0
MÉDICA URUGUAYA;TREINTA Y TRES;LE;0
MEDICARE;ARTIGAS;MG;0
MEDICARE;ARTIGAS;MFYC;0
MEDICARE;ARTIGAS;Pediatría;0
MEDICARE;ARTIGAS;Gine;0
MEDICARE;ARTIGAS;AE;0
MEDICARE;ARTIGAS;LE;0
MEDICARE;CANELONES;MG;0
MEDICARE;CANELONES;MFYC;0
MEDICARE;CANELONES;Pediatría;0
MEDICARE;CANELONES;Gine;0
MEDICARE;CANELONES;AE;0
MEDICARE;CANELONES;LE;0
MEDICARE;CERRO LARGO;MG;0
MEDICARE;CERRO LARGO;MFYC;0
MEDICARE;CERRO LARGO;Pediatría;0
MEDICARE;CERRO LARGO;Gine;0
MEDICARE;CERRO LARGO;AE;0
MEDICARE;CERRO LARGO;LE;0
MEDICARE;COLONIA;MG;0
MEDICARE;COLONIA;MFYC;0
MEDICARE;COLONIA;Pediatría;0
MEDICARE;COLONIA;Gine;0
MEDICARE;COLONIA;AE;0
MEDICARE;COLONIA;LE;0
MEDICARE;DURAZNO;MG;0
MEDICARE;DURAZNO;MFYC;0
MEDICARE;DURAZNO;Pediatría;0
MEDICARE;DURAZNO;Gine;0
MEDICARE;DURAZNO;AE;0
MEDICARE;DURAZNO;LE;0
MEDICARE;FLORES;MG;0
MEDICARE;FLORES;MFYC;0
MEDICARE;FLORES;Pediatría;0
MEDICARE;FLORES;Gine;0
MEDICARE;FLORES;AE;0
MEDICARE;FLORES;LE;0
MEDICARE;FLORIDA;MG;0
MEDICARE;FLORIDA;MFYC;0
MEDICARE;FLORIDA;Pediatría;0
MEDICARE;FLORIDA;Gine;0
MEDICARE;FLORIDA;AE;0
MEDICARE;FLORIDA;LE;0
MEDICARE;LAVALLEJA;MG;0
MEDICARE;LAVALLEJA;MFYC;0
MEDICARE;LAVALLEJA;Pediatría;0
MEDICARE;LAVALLEJA;Gine;0
MEDICARE;LAVALLEJA;AE;0
MEDICARE;LAVALLEJA;LE;0
MEDICARE;MALDONADO;MG;0
MEDICARE;MALDONADO;MFYC;0
MEDICARE;MALDONADO;Pediatría;0
MEDICARE;MALDONADO;Gine;0
MEDICARE;MALDONADO;AE;0
MEDICARE;MALDONADO;LE;0
MEDICARE;MONTEVIDEO;MG;0.516616790045677
MEDICARE;MONTEVIDEO;MFYC;0
MEDICARE;MONTEVIDEO;Pediatría;1.41843971631206
MEDICARE;MONTEVIDEO;Gine;0.662062667655956
MEDICARE;MONTEVIDEO;AE;0.147154040849962
MEDICARE;MONTEVIDEO;LE;0
MEDICARE;PAYSANDU;MG;0
MEDICARE;PAYSANDU;MFYC;0
MEDICARE;PAYSANDU;Pediatría;0
MEDICARE;PAYSANDU;Gine;0
MEDICARE;PAYSANDU;AE;0
MEDICARE;PAYSANDU;LE;0
MEDICARE;RIO NEGRO;MG;0
MEDICARE;RIO NEGRO;MFYC;0
MEDICARE;RIO NEGRO;Pediatría;0
MEDICARE;RIO NEGRO;Gine;0
MEDICARE;RIO NEGRO;AE;0
MEDICARE;RIO NEGRO;LE;0
MEDICARE;RIVERA;MG;0
MEDICARE;RIVERA;MFYC;0
MEDICARE;RIVERA;Pediatría;0
MEDICARE;RIVERA;Gine;0
MEDICARE;RIVERA;AE;0
MEDICARE;RIVERA;LE;0
MEDICARE;ROCHA;MG;0
MEDICARE;ROCHA;MFYC;0
MEDICARE;ROCHA;Pediatría;0
MEDICARE;ROCHA;Gine;0
MEDICARE;ROCHA;AE;0
MEDICARE;ROCHA;LE;0
MEDICARE;SALTO;MG;0
MEDICARE;SALTO;MFYC;0
MEDICARE;SALTO;Pediatría;0
MEDICARE;SALTO;Gine;0
MEDICARE;SALTO;AE;0
MEDICARE;SALTO;LE;0
MEDICARE;SAN JOSE;MG;0
MEDICARE;SAN JOSE;MFYC;0
MEDICARE;SAN JOSE;Pediatría;0
MEDICARE;SAN JOSE;Gine;0
MEDICARE;SAN JOSE;AE;0
MEDICARE;SAN JOSE;LE;0
MEDICARE;SORIANO;MG;0
MEDICARE;SORIANO;MFYC;0
MEDICARE;SORIANO;Pediatría;0
MEDICARE;SORIANO;Gine;0
MEDICARE;SORIANO;AE;0
MEDICARE;SORIANO;LE;0
MEDICARE;TACUAREMBO;MG;0
MEDICARE;TACUAREMBO;MFYC;0
MEDICARE;TACUAREMBO;Pediatría;0
MEDICARE;TACUAREMBO;Gine;0
MEDICARE;TACUAREMBO;AE;0
MEDICARE;TACUAREMBO;LE;0
MEDICARE;TREINTA Y TRES;MG;0
MEDICARE;TREINTA Y TRES;MFYC;0
MEDICARE;TREINTA Y TRES;Pediatría;0
MEDICARE;TREINTA Y TRES;Gine;0
MEDICARE;TREINTA Y TRES;AE;0
MEDICARE;TREINTA Y TRES;LE;0
MP;ARTIGAS;MG;0
MP;ARTIGAS;MFYC;0
MP;ARTIGAS;Pediatría;0
MP;ARTIGAS;Gine;0
MP;ARTIGAS;AE;0
MP;ARTIGAS;LE;0
MP;CANELONES;MG;0
MP;CANELONES;MFYC;0
MP;CANELONES;Pediatría;0
MP;CANELONES;Gine;0
MP;CANELONES;AE;0
MP;CANELONES;LE;0
MP;CERRO LARGO;MG;0
MP;CERRO LARGO;MFYC;0
MP;CERRO LARGO;Pediatría;0
MP;CERRO LARGO;Gine;0
MP;CERRO LARGO;AE;0
MP;CERRO LARGO;LE;0
MP;COLONIA;MG;0
MP;COLONIA;MFYC;0
MP;COLONIA;Pediatría;0
MP;COLONIA;Gine;0
MP;COLONIA;AE;0
MP;COLONIA;LE;0
MP;DURAZNO;MG;0
MP;DURAZNO;MFYC;0
MP;DURAZNO;Pediatría;0
MP;DURAZNO;Gine;0
MP;DURAZNO;AE;0
MP;DURAZNO;LE;0
MP;FLORES;MG;0
MP;FLORES;MFYC;0
MP;FLORES;Pediatría;0
MP;FLORES;Gine;0
MP;FLORES;AE;0
MP;FLORES;LE;0
MP;FLORIDA;MG;0
MP;FLORIDA;MFYC;0
MP;FLORIDA;Pediatría;0
MP;FLORIDA;Gine;0
MP;FLORIDA;AE;0
MP;FLORIDA;LE;0
MP;LAVALLEJA;MG;0
MP;LAVALLEJA;MFYC;0
MP;LAVALLEJA;Pediatría;0
MP;LAVALLEJA;Gine;0
MP;LAVALLEJA;AE;0
MP;LAVALLEJA;LE;0
MP;MALDONADO;MG;0
MP;MALDONADO;MFYC;0
MP;MALDONADO;Pediatría;0
MP;MALDONADO;Gine;0
MP;MALDONADO;AE;0
MP;MALDONADO;LE;0
MP;MONTEVIDEO;MG;0.159391911288975
MP;MONTEVIDEO;MFYC;0
MP;MONTEVIDEO;Pediatría;0.236682350665385
MP;MONTEVIDEO;Gine;0.116219786966938
MP;MONTEVIDEO;AE;3.08119070705779
MP;MONTEVIDEO;LE;0.000554969507755366
MP;PAYSANDU;MG;0
MP;PAYSANDU;MFYC;0
MP;PAYSANDU;Pediatría;0
MP;PAYSANDU;Gine;0
MP;PAYSANDU;AE;0
MP;PAYSANDU;LE;0
MP;RIO NEGRO;MG;0
MP;RIO NEGRO;MFYC;0
MP;RIO NEGRO;Pediatría;0
MP;RIO NEGRO;Gine;0
MP;RIO NEGRO;AE;0
MP;RIO NEGRO;LE;0
MP;RIVERA;MG;0
MP;RIVERA;MFYC;0
MP;RIVERA;Pediatría;0
MP;RIVERA;Gine;0
MP;RIVERA;AE;0
MP;RIVERA;LE;0
MP;ROCHA;MG;0
MP;ROCHA;MFYC;0
MP;ROCHA;Pediatría;0
MP;ROCHA;Gine;0
MP;ROCHA;AE;0
MP;ROCHA;LE;0
MP;SALTO;MG;0
MP;SALTO;MFYC;0
MP;SALTO;Pediatría;0
MP;SALTO;Gine;0
MP;SALTO;AE;0
MP;SALTO;LE;0
MP;SAN JOSE;MG;0
MP;SAN JOSE;MFYC;0
MP;SAN JOSE;Pediatría;0
MP;SAN JOSE;Gine;0
MP;SAN JOSE;AE;0
MP;SAN JOSE;LE;0
MP;SORIANO;MG;0
MP;SORIANO;MFYC;0
MP;SORIANO;Pediatría;0
MP;SORIANO;Gine;0
MP;SORIANO;AE;0
MP;SORIANO;LE;0
MP;TACUAREMBO;MG;0
MP;TACUAREMBO;MFYC;0
MP;TACUAREMBO;Pediatría;0
MP;TACUAREMBO;Gine;0
MP;TACUAREMBO;AE;0
MP;TACUAREMBO;LE;0
MP;TREINTA Y TRES;MG;0
MP;TREINTA Y TRES;MFYC;0
MP;TREINTA Y TRES;Pediatría;0
MP;TREINTA Y TRES;Gine;0
MP;TREINTA Y TRES;AE;0
MP;TREINTA Y TRES;LE;0
SEGURO AMERICANO;ARTIGAS;MG;0
SEGURO AMERICANO;ARTIGAS;MFYC;0
SEGURO AMERICANO;ARTIGAS;Pediatría;0
SEGURO AMERICANO;ARTIGAS;Gine;0
SEGURO AMERICANO;ARTIGAS;AE;0
SEGURO AMERICANO;ARTIGAS;LE;0
SEGURO AMERICANO;CANELONES;MG;0
SEGURO AMERICANO;CANELONES;MFYC;0
SEGURO AMERICANO;CANELONES;Pediatría;0
SEGURO AMERICANO;CANELONES;Gine;0
SEGURO AMERICANO;CANELONES;AE;0
SEGURO AMERICANO;CANELONES;LE;0
SEGURO AMERICANO;CERRO LARGO;MG;0
SEGURO AMERICANO;CERRO LARGO;MFYC;0
SEGURO AMERICANO;CERRO LARGO;Pediatría;0
SEGURO AMERICANO;CERRO LARGO;Gine;0
SEGURO AMERICANO;CERRO LARGO;AE;0
SEGURO AMERICANO;CERRO LARGO;LE;0
SEGURO AMERICANO;COLONIA;MG;0
SEGURO AMERICANO;COLONIA;MFYC;0
SEGURO AMERICANO;COLONIA;Pediatría;0
SEGURO AMERICANO;COLONIA;Gine;0
SEGURO AMERICANO;COLONIA;AE;0
SEGURO AMERICANO;COLONIA;LE;0
SEGURO AMERICANO;DURAZNO;MG;0
SEGURO AMERICANO;DURAZNO;MFYC;0
SEGURO AMERICANO;DURAZNO;Pediatría;0
SEGURO AMERICANO;DURAZNO;Gine;0
SEGURO AMERICANO;DURAZNO;AE;0
SEGURO AMERICANO;DURAZNO;LE;0
SEGURO AMERICANO;FLORES;MG;0
SEGURO AMERICANO;FLORES;MFYC;0
SEGURO AMERICANO;FLORES;Pediatría;0
SEGURO AMERICANO;FLORES;Gine;0
SEGURO AMERICANO;FLORES;AE;0
SEGURO AMERICANO;FLORES;LE;0
SEGURO AMERICANO;FLORIDA;MG;0
SEGURO AMERICANO;FLORIDA;MFYC;0
SEGURO AMERICANO;FLORIDA;Pediatría;0
SEGURO AMERICANO;FLORIDA;Gine;0
SEGURO AMERICANO;FLORIDA;AE;0
SEGURO AMERICANO;FLORIDA;LE;0
SEGURO AMERICANO;LAVALLEJA;MG;0
SEGURO AMERICANO;LAVALLEJA;MFYC;0
SEGURO AMERICANO;LAVALLEJA;Pediatría;0
SEGURO AMERICANO;LAVALLEJA;Gine;0
SEGURO AMERICANO;LAVALLEJA;AE;0
SEGURO AMERICANO;LAVALLEJA;LE;0
SEGURO AMERICANO;MALDONADO;MG;0
SEGURO AMERICANO;MALDONADO;MFYC;0
SEGURO AMERICANO;MALDONADO;Pediatría;0
SEGURO AMERICANO;MALDONADO;Gine;0
SEGURO AMERICANO;MALDONADO;AE;0
SEGURO AMERICANO;MALDONADO;LE;0
SEGURO AMERICANO;MONTEVIDEO;MG;2.26878840397038
SEGURO AMERICANO;MONTEVIDEO;MFYC;0
SEGURO AMERICANO;MONTEVIDEO;Pediatría;0.0120389459902786
SEGURO AMERICANO;MONTEVIDEO;Gine;0.0213875785696463
SEGURO AMERICANO;MONTEVIDEO;AE;20.3637764837275
SEGURO AMERICANO;MONTEVIDEO;LE;0.645222110950385
SEGURO AMERICANO;PAYSANDU;MG;0
SEGURO AMERICANO;PAYSANDU;MFYC;0
SEGURO AMERICANO;PAYSANDU;Pediatría;0
SEGURO AMERICANO;PAYSANDU;Gine;0
SEGURO AMERICANO;PAYSANDU;AE;0
SEGURO AMERICANO;PAYSANDU;LE;0
SEGURO AMERICANO;RIO NEGRO;MG;0
SEGURO AMERICANO;RIO NEGRO;MFYC;0
SEGURO AMERICANO;RIO NEGRO;Pediatría;0
SEGURO AMERICANO;RIO NEGRO;Gine;0
SEGURO AMERICANO;RIO NEGRO;AE;0
SEGURO AMERICANO;RIO NEGRO;LE;0
SEGURO AMERICANO;RIVERA;MG;0
SEGURO AMERICANO;RIVERA;MFYC;0
SEGURO AMERICANO;RIVERA;Pediatría;0
SEGURO AMERICANO;RIVERA;Gine;0
SEGURO AMERICANO;RIVERA;AE;0
SEGURO AMERICANO;RIVERA;LE;0
SEGURO AMERICANO;ROCHA;MG;0
SEGURO AMERICANO;ROCHA;MFYC;0
SEGURO AMERICANO;ROCHA;Pediatría;0
SEGURO AMERICANO;ROCHA;Gine;0
SEGURO AMERICANO;ROCHA;AE;0
SEGURO AMERICANO;ROCHA;LE;0
SEGURO AMERICANO;SALTO;MG;0
SEGURO AMERICANO;SALTO;MFYC;0
SEGURO AMERICANO;SALTO;Pediatría;0
SEGURO AMERICANO;SALTO;Gine;0
SEGURO AMERICANO;SALTO;AE;0
SEGURO AMERICANO;SALTO;LE;0
SEGURO AMERICANO;SAN JOSE;MG;0
SEGURO AMERICANO;SAN JOSE;MFYC;0
SEGURO AMERICANO;SAN JOSE;Pediatría;0
SEGURO AMERICANO;SAN JOSE;Gine;0
SEGURO AMERICANO;SAN JOSE;AE;0
SEGURO AMERICANO;SAN JOSE;LE;0
SEGURO AMERICANO;SORIANO;MG;0
SEGURO AMERICANO;SORIANO;MFYC;0
SEGURO AMERICANO;SORIANO;Pediatría;0
SEGURO AMERICANO;SORIANO;Gine;0
SEGURO AMERICANO;SORIANO;AE;0
SEGURO AMERICANO;SORIANO;LE;0
SEGURO AMERICANO;TACUAREMBO;MG;0
SEGURO AMERICANO;TACUAREMBO;MFYC;0
SEGURO AMERICANO;TACUAREMBO;Pediatría;0
SEGURO AMERICANO;TACUAREMBO;Gine;0
SEGURO AMERICANO;TACUAREMBO;AE;0
SEGURO AMERICANO;TACUAREMBO;LE;0
SEGURO AMERICANO;TREINTA Y TRES;MG;0
SEGURO AMERICANO;TREINTA Y TRES;MFYC;0
SEGURO AMERICANO;TREINTA Y TRES;Pediatría;0
SEGURO AMERICANO;TREINTA Y TRES;Gine;0
SEGURO AMERICANO;TREINTA Y TRES;AE;0
SEGURO AMERICANO;TREINTA Y TRES;LE;0
SMI;ARTIGAS;MG;0
SMI;ARTIGAS;MFYC;0
SMI;ARTIGAS;Pediatría;0
SMI;ARTIGAS;Gine;0
SMI;ARTIGAS;AE;0
SMI;ARTIGAS;LE;0
SMI;CANELONES;MG;0.650526914580907
SMI;CANELONES;MFYC;0
SMI;CANELONES;Pediatría;2.38926651927086
SMI;CANELONES;Gine;0.217133761280353
SMI;CANELONES;AE;4.0933948979926
SMI;CANELONES;LE;0
SMI;CERRO LARGO;MG;0
SMI;CERRO LARGO;MFYC;0
SMI;CERRO LARGO;Pediatría;0
SMI;CERRO LARGO;Gine;0
SMI;CERRO LARGO;AE;0
SMI;CERRO LARGO;LE;0
SMI;COLONIA;MG;0
SMI;COLONIA;MFYC;0
SMI;COLONIA;Pediatría;0
SMI;COLONIA;Gine;0
SMI;COLONIA;AE;0
SMI;COLONIA;LE;0
SMI;DURAZNO;MG;0
SMI;DURAZNO;MFYC;0
SMI;DURAZNO;Pediatría;0
SMI;DURAZNO;Gine;0
SMI;DURAZNO;AE;0
SMI;DURAZNO;LE;0
SMI;FLORES;MG;0
SMI;FLORES;MFYC;0
SMI;FLORES;Pediatría;0
SMI;FLORES;Gine;0
SMI;FLORES;AE;0
SMI;FLORES;LE;0
SMI;FLORIDA;MG;0
SMI;FLORIDA;MFYC;0
SMI;FLORIDA;Pediatría;0
SMI;FLORIDA;Gine;0
SMI;FLORIDA;AE;0
SMI;FLORIDA;LE;0
SMI;LAVALLEJA;MG;0
SMI;LAVALLEJA;MFYC;0
SMI;LAVALLEJA;Pediatría;0
SMI;LAVALLEJA;Gine;0
SMI;LAVALLEJA;AE;0
SMI;LAVALLEJA;LE;0
SMI;MALDONADO;MG;0
SMI;MALDONADO;MFYC;0
SMI;MALDONADO;Pediatría;0
SMI;MALDONADO;Gine;0
SMI;MALDONADO;AE;0
SMI;MALDONADO;LE;0
SMI;MONTEVIDEO;MG;1.61319405936461
SMI;MONTEVIDEO;MFYC;0.0498377601773616
SMI;MONTEVIDEO;Pediatría;4.33210915541534
SMI;MONTEVIDEO;Gine;0.922187690994957
SMI;MONTEVIDEO;AE;7.87574386890439
SMI;MONTEVIDEO;LE;0.341182533201155
SMI;PAYSANDU;MG;0
SMI;PAYSANDU;MFYC;0
SMI;PAYSANDU;Pediatría;0
SMI;PAYSANDU;Gine;0
SMI;PAYSANDU;AE;0
SMI;PAYSANDU;LE;0
SMI;RIO NEGRO;MG;0
SMI;RIO NEGRO;MFYC;0
SMI;RIO NEGRO;Pediatría;0
SMI;RIO NEGRO;Gine;0
SMI;RIO NEGRO;AE;0
SMI;RIO NEGRO;LE;0
SMI;RIVERA;MG;0
SMI;RIVERA;MFYC;0
SMI;RIVERA;Pediatría;0
SMI;RIVERA;Gine;0
SMI;RIVERA;AE;0
SMI;RIVERA;LE;0
SMI;ROCHA;MG;0
SMI;ROCHA;MFYC;0
SMI;ROCHA;Pediatría;0
SMI;ROCHA;Gine;0
SMI;ROCHA;AE;0
SMI;ROCHA;LE;0
SMI;SALTO;MG;0
SMI;SALTO;MFYC;0
SMI;SALTO;Pediatría;0
SMI;SALTO;Gine;0
SMI;SALTO;AE;0
SMI;SALTO;LE;0
SMI;SAN JOSE;MG;0
SMI;SAN JOSE;MFYC;0
SMI;SAN JOSE;Pediatría;0
SMI;SAN JOSE;Gine;0
SMI;SAN JOSE;AE;0
SMI;SAN JOSE;LE;0
SMI;SORIANO;MG;0
SMI;SORIANO;MFYC;0
SMI;SORIANO;Pediatría;0
SMI;SORIANO;Gine;0
SMI;SORIANO;AE;0
SMI;SORIANO;LE;0
SMI;TACUAREMBO;MG;0
SMI;TACUAREMBO;MFYC;0
SMI;TACUAREMBO;Pediatría;0
SMI;TACUAREMBO;Gine;0
SMI;TACUAREMBO;AE;0
SMI;TACUAREMBO;LE;0
SMI;TREINTA Y TRES;MG;0
SMI;TREINTA Y TRES;MFYC;0
SMI;TREINTA Y TRES;Pediatría;0
SMI;TREINTA Y TRES;Gine;0
SMI;TREINTA Y TRES;AE;0
SMI;TREINTA Y TRES;LE;0
SMQS;ARTIGAS;MG;0
SMQS;ARTIGAS;MFYC;0
SMQS;ARTIGAS;Pediatría;0
SMQS;ARTIGAS;Gine;0
SMQS;ARTIGAS;AE;0
SMQS;ARTIGAS;LE;0
SMQS;CANELONES;MG;0
SMQS;CANELONES;MFYC;0
SMQS;CANELONES;Pediatría;0
SMQS;CANELONES;Gine;0
SMQS;CANELONES;AE;0
SMQS;CANELONES;LE;0
SMQS;CERRO LARGO;MG;0
SMQS;CERRO LARGO;MFYC;0
SMQS;CERRO LARGO;Pediatría;0
SMQS;CERRO LARGO;Gine;0
SMQS;CERRO LARGO;AE;0
SMQS;CERRO LARGO;LE;0
SMQS;COLONIA;MG;0
SMQS;COLONIA;MFYC;0
SMQS;COLONIA;Pediatría;0
SMQS;COLONIA;Gine;0
SMQS;COLONIA;AE;0
SMQS;COLONIA;LE;0
SMQS;DURAZNO;MG;0
SMQS;DURAZNO;MFYC;0
SMQS;DURAZNO;Pediatría;0
SMQS;DURAZNO;Gine;0
SMQS;DURAZNO;AE;0
SMQS;DURAZNO;LE;0
SMQS;FLORES;MG;0
SMQS;FLORES;MFYC;0
SMQS;FLORES;Pediatría;0
SMQS;FLORES;Gine;0
SMQS;FLORES;AE;0
SMQS;FLORES;LE;0
SMQS;FLORIDA;MG;0
SMQS;FLORIDA;MFYC;0
SMQS;FLORIDA;Pediatría;0
SMQS;FLORIDA;Gine;0
SMQS;FLORIDA;AE;0
SMQS;FLORIDA;LE;0
SMQS;LAVALLEJA;MG;0
SMQS;LAVALLEJA;MFYC;0
SMQS;LAVALLEJA;Pediatría;0
SMQS;LAVALLEJA;Gine;0
SMQS;LAVALLEJA;AE;0
SMQS;LAVALLEJA;LE;0
SMQS;MALDONADO;MG;0
SMQS;MALDONADO;MFYC;0
SMQS;MALDONADO;Pediatría;0
SMQS;MALDONADO;Gine;0
SMQS;MALDONADO;AE;0
SMQS;MALDONADO;LE;0
SMQS;MONTEVIDEO;MG;0
SMQS;MONTEVIDEO;MFYC;0
SMQS;MONTEVIDEO;Pediatría;0
SMQS;MONTEVIDEO;Gine;0
SMQS;MONTEVIDEO;AE;0
SMQS;MONTEVIDEO;LE;0
SMQS;PAYSANDU;MG;0
SMQS;PAYSANDU;MFYC;0
SMQS;PAYSANDU;Pediatría;0
SMQS;PAYSANDU;Gine;0
SMQS;PAYSANDU;AE;0
SMQS;PAYSANDU;LE;0
SMQS;RIO NEGRO;MG;0
SMQS;RIO NEGRO;MFYC;0
SMQS;RIO NEGRO;Pediatría;0
SMQS;RIO NEGRO;Gine;0
SMQS;RIO NEGRO;AE;0
SMQS;RIO NEGRO;LE;0
SMQS;RIVERA;MG;0
SMQS;RIVERA;MFYC;0
SMQS;RIVERA;Pediatría;0
SMQS;RIVERA;Gine;0
SMQS;RIVERA;AE;0
SMQS;RIVERA;LE;0
SMQS;ROCHA;MG;0
SMQS;ROCHA;MFYC;0
SMQS;ROCHA;Pediatría;0
SMQS;ROCHA;Gine;0
SMQS;ROCHA;AE;0
SMQS;ROCHA;LE;0
SMQS;SALTO;MG;2.09031541257879
SMQS;SALTO;MFYC;0
SMQS;SALTO;Pediatría;5.64997220093465
SMQS;SALTO;Gine;1.60691211253166
SMQS;SALTO;AE;15.0645614098329
SMQS;SALTO;LE;4.90154111426097
SMQS;SAN JOSE;MG;0
SMQS;SAN JOSE;MFYC;0
SMQS;SAN JOSE;Pediatría;0
SMQS;SAN JOSE;Gine;0
SMQS;SAN JOSE;AE;0
SMQS;SAN JOSE;LE;0
SMQS;SORIANO;MG;0
SMQS;SORIANO;MFYC;0
SMQS;SORIANO;Pediatría;0
SMQS;SORIANO;Gine;0
SMQS;SORIANO;AE;0
SMQS;SORIANO;LE;0
SMQS;TACUAREMBO;MG;0
SMQS;TACUAREMBO;MFYC;0
SMQS;TACUAREMBO;Pediatría;0
SMQS;TACUAREMBO;Gine;0
SMQS;TACUAREMBO;AE;0
SMQS;TACUAREMBO;LE;0
SMQS;TREINTA Y TRES;MG;0
SMQS;TREINTA Y TRES;MFYC;0
SMQS;TREINTA Y TRES;Pediatría;0
SMQS;TREINTA Y TRES;Gine;0
SMQS;TREINTA Y TRES;AE;0
SMQS;TREINTA Y TRES;LE;0
SUMMUM;ARTIGAS;MG;0
SUMMUM;ARTIGAS;MFYC;0
SUMMUM;ARTIGAS;Pediatría;0
SUMMUM;ARTIGAS;Gine;0
SUMMUM;ARTIGAS;AE;0
SUMMUM;ARTIGAS;LE;0
SUMMUM;CANELONES;MG;0
SUMMUM;CANELONES;MFYC;0
SUMMUM;CANELONES;Pediatría;0
SUMMUM;CANELONES;Gine;0
SUMMUM;CANELONES;AE;0
SUMMUM;CANELONES;LE;0
SUMMUM;CERRO LARGO;MG;0
SUMMUM;CERRO LARGO;MFYC;0
SUMMUM;CERRO LARGO;Pediatría;0
SUMMUM;CERRO LARGO;Gine;0
SUMMUM;CERRO LARGO;AE;0
SUMMUM;CERRO LARGO;LE;0
SUMMUM;COLONIA;MG;0
SUMMUM;COLONIA;MFYC;0
SUMMUM;COLONIA;Pediatría;0
SUMMUM;COLONIA;Gine;0
SUMMUM;COLONIA;AE;0
SUMMUM;COLONIA;LE;0
SUMMUM;DURAZNO;MG;0
SUMMUM;DURAZNO;MFYC;0
SUMMUM;DURAZNO;Pediatría;0
SUMMUM;DURAZNO;Gine;0
SUMMUM;DURAZNO;AE;0
SUMMUM;DURAZNO;LE;0
SUMMUM;FLORES;MG;0
SUMMUM;FLORES;MFYC;0
SUMMUM;FLORES;Pediatría;0
SUMMUM;FLORES;Gine;0
SUMMUM;FLORES;AE;0
SUMMUM;FLORES;LE;0
SUMMUM;FLORIDA;MG;0
SUMMUM;FLORIDA;MFYC;0
SUMMUM;FLORIDA;Pediatría;0
SUMMUM;FLORIDA;Gine;0
SUMMUM;FLORIDA;AE;0
SUMMUM;FLORIDA;LE;0
SUMMUM;LAVALLEJA;MG;0
SUMMUM;LAVALLEJA;MFYC;0
SUMMUM;LAVALLEJA;Pediatría;0
SUMMUM;LAVALLEJA;Gine;0
SUMMUM;LAVALLEJA;AE;0
SUMMUM;LAVALLEJA;LE;0
SUMMUM;MALDONADO;MG;0
SUMMUM;MALDONADO;MFYC;0
SUMMUM;MALDONADO;Pediatría;0
SUMMUM;MALDONADO;Gine;0
SUMMUM;MALDONADO;AE;0
SUMMUM;MALDONADO;LE;0
SUMMUM;MONTEVIDEO;MG;0
SUMMUM;MONTEVIDEO;MFYC;0
SUMMUM;MONTEVIDEO;Pediatría;0
SUMMUM;MONTEVIDEO;Gine;0
SUMMUM;MONTEVIDEO;AE;0
SUMMUM;MONTEVIDEO;LE;0
SUMMUM;PAYSANDU;MG;0
SUMMUM;PAYSANDU;MFYC;0
SUMMUM;PAYSANDU;Pediatría;0
SUMMUM;PAYSANDU;Gine;0
SUMMUM;PAYSANDU;AE;0
SUMMUM;PAYSANDU;LE;0
SUMMUM;RIO NEGRO;MG;0
SUMMUM;RIO NEGRO;MFYC;0
SUMMUM;RIO NEGRO;Pediatría;0
SUMMUM;RIO NEGRO;Gine;0
SUMMUM;RIO NEGRO;AE;0
SUMMUM;RIO NEGRO;LE;0
SUMMUM;RIVERA;MG;0
SUMMUM;RIVERA;MFYC;0
SUMMUM;RIVERA;Pediatría;0
SUMMUM;RIVERA;Gine;0
SUMMUM;RIVERA;AE;0
SUMMUM;RIVERA;LE;0
SUMMUM;ROCHA;MG;0
SUMMUM;ROCHA;MFYC;0
SUMMUM;ROCHA;Pediatría;0
SUMMUM;ROCHA;Gine;0
SUMMUM;ROCHA;AE;0
SUMMUM;ROCHA;LE;0
SUMMUM;SALTO;MG;0
SUMMUM;SALTO;MFYC;0
SUMMUM;SALTO;Pediatría;0
SUMMUM;SALTO;Gine;0
SUMMUM;SALTO;AE;0
SUMMUM;SALTO;LE;0
SUMMUM;SAN JOSE;MG;0
SUMMUM;SAN JOSE;MFYC;0
SUMMUM;SAN JOSE;Pediatría;0
SUMMUM;SAN JOSE;Gine;0
SUMMUM;SAN JOSE;AE;0
SUMMUM;SAN JOSE;LE;0
SUMMUM;SORIANO;MG;0
SUMMUM;SORIANO;MFYC;0
SUMMUM;SORIANO;Pediatría;0
SUMMUM;SORIANO;Gine;0
SUMMUM;SORIANO;AE;0
SUMMUM;SORIANO;LE;0
SUMMUM;TACUAREMBO;MG;0
SUMMUM;TACUAREMBO;MFYC;0
SUMMUM;TACUAREMBO;Pediatría;0
SUMMUM;TACUAREMBO;Gine;0
SUMMUM;TACUAREMBO;AE;0
SUMMUM;TACUAREMBO;LE;0
SUMMUM;TREINTA Y TRES;MG;0
SUMMUM;TREINTA Y TRES;MFYC;0
SUMMUM;TREINTA Y TRES;Pediatría;0
SUMMUM;TREINTA Y TRES;Gine;0
SUMMUM;TREINTA Y TRES;AE;0
SUMMUM;TREINTA Y TRES;LE;0
BLUE CROSS & BLUE SHIELD;ARTIGAS;MG;0
BLUE CROSS & BLUE SHIELD;ARTIGAS;MFYC;0
BLUE CROSS & BLUE SHIELD;ARTIGAS;Pediatría;0
BLUE CROSS & BLUE SHIELD;ARTIGAS;Gine;0
BLUE CROSS & BLUE SHIELD;ARTIGAS;AE;0
BLUE CROSS & BLUE SHIELD;ARTIGAS;LE;0
BLUE CROSS & BLUE SHIELD;CANELONES;MG;0
BLUE CROSS & BLUE SHIELD;CANELONES;MFYC;0
BLUE CROSS & BLUE SHIELD;CANELONES;Pediatría;0
BLUE CROSS & BLUE SHIELD;CANELONES;Gine;0
BLUE CROSS & BLUE SHIELD;CANELONES;AE;0
BLUE CROSS & BLUE SHIELD;CANELONES;LE;0
BLUE CROSS & BLUE SHIELD;CERRO LARGO;MG;0
BLUE CROSS & BLUE SHIELD;CERRO LARGO;MFYC;0
BLUE CROSS & BLUE SHIELD;CERRO LARGO;Pediatría;0
BLUE CROSS & BLUE SHIELD;CERRO LARGO;Gine;0
BLUE CROSS & BLUE SHIELD;CERRO LARGO;AE;0
BLUE CROSS & BLUE SHIELD;CERRO LARGO;LE;0
BLUE CROSS & BLUE SHIELD;COLONIA;MG;0
BLUE CROSS & BLUE SHIELD;COLONIA;MFYC;0
BLUE CROSS & BLUE SHIELD;COLONIA;Pediatría;0
BLUE CROSS & BLUE SHIELD;COLONIA;Gine;0
BLUE CROSS & BLUE SHIELD;COLONIA;AE;0
BLUE CROSS & BLUE SHIELD;COLONIA;LE;0
BLUE CROSS & BLUE SHIELD;DURAZNO;MG;0
BLUE CROSS & BLUE SHIELD;DURAZNO;MFYC;0
BLUE CROSS & BLUE SHIELD;DURAZNO;Pediatría;0
BLUE CROSS & BLUE SHIELD;DURAZNO;Gine;0
BLUE CROSS & BLUE SHIELD;DURAZNO;AE;0
BLUE CROSS & BLUE SHIELD;DURAZNO;LE;0
BLUE CROSS & BLUE SHIELD;FLORES;MG;0
BLUE CROSS & BLUE SHIELD;FLORES;MFYC;0
BLUE CROSS & BLUE SHIELD;FLORES;Pediatría;0
BLUE CROSS & BLUE SHIELD;FLORES;Gine;0
BLUE CROSS & BLUE SHIELD;FLORES;AE;0
BLUE CROSS & BLUE SHIELD;FLORES;LE;0
BLUE CROSS & BLUE SHIELD;FLORIDA;MG;0
BLUE CROSS & BLUE SHIELD;FLORIDA;MFYC;0
BLUE CROSS & BLUE SHIELD;FLORIDA;Pediatría;0
BLUE CROSS & BLUE SHIELD;FLORIDA;Gine;0
BLUE CROSS & BLUE SHIELD;FLORIDA;AE;0
BLUE CROSS & BLUE SHIELD;FLORIDA;LE;0
BLUE CROSS & BLUE SHIELD;LAVALLEJA;MG;0
BLUE CROSS & BLUE SHIELD;LAVALLEJA;MFYC;0
BLUE CROSS & BLUE SHIELD;LAVALLEJA;Pediatría;0
BLUE CROSS & BLUE SHIELD;LAVALLEJA;Gine;0
BLUE CROSS & BLUE SHIELD;LAVALLEJA;AE;0
BLUE CROSS & BLUE SHIELD;LAVALLEJA;LE;0
BLUE CROSS & BLUE SHIELD;MALDONADO;MG;0
BLUE CROSS & BLUE SHIELD;MALDONADO;MFYC;0
BLUE CROSS & BLUE SHIELD;MALDONADO;Pediatría;0
BLUE CROSS & BLUE SHIELD;MALDONADO;Gine;0
BLUE CROSS & BLUE SHIELD;MALDONADO;AE;0
BLUE CROSS & BLUE SHIELD;MALDONADO;LE;0
BLUE CROSS & BLUE SHIELD;MONTEVIDEO;MG;0.932783642886317
BLUE CROSS & BLUE SHIELD;MONTEVIDEO;MFYC;0.00905649441214295
BLUE CROSS & BLUE SHIELD;MONTEVIDEO;Pediatría;4.65012295998211
BLUE CROSS & BLUE SHIELD;MONTEVIDEO;Gine;2.88059707507365
BLUE CROSS & BLUE SHIELD;MONTEVIDEO;AE;0
BLUE CROSS & BLUE SHIELD;MONTEVIDEO;LE;0.127671414282293
BLUE CROSS & BLUE SHIELD;PAYSANDU;MG;0
BLUE CROSS & BLUE SHIELD;PAYSANDU;MFYC;0
BLUE CROSS & BLUE SHIELD;PAYSANDU;Pediatría;0
BLUE CROSS & BLUE SHIELD;PAYSANDU;Gine;0
BLUE CROSS & BLUE SHIELD;PAYSANDU;AE;0
BLUE CROSS & BLUE SHIELD;PAYSANDU;LE;0
BLUE CROSS & BLUE SHIELD;RIO NEGRO;MG;0
BLUE CROSS & BLUE SHIELD;RIO NEGRO;MFYC;0
BLUE CROSS & BLUE SHIELD;RIO NEGRO;Pediatría;0
BLUE CROSS & BLUE SHIELD;RIO NEGRO;Gine;0
BLUE CROSS & BLUE SHIELD;RIO NEGRO;AE;0
BLUE CROSS & BLUE SHIELD;RIO NEGRO;LE;0
BLUE CROSS & BLUE SHIELD;RIVERA;MG;0
BLUE CROSS & BLUE SHIELD;RIVERA;MFYC;0
BLUE CROSS & BLUE SHIELD;RIVERA;Pediatría;0
BLUE CROSS & BLUE SHIELD;RIVERA;Gine;0
BLUE CROSS & BLUE SHIELD;RIVERA;AE;0
BLUE CROSS & BLUE SHIELD;RIVERA;LE;0
BLUE CROSS & BLUE SHIELD;ROCHA;MG;0
BLUE CROSS & BLUE SHIELD;ROCHA;MFYC;0
BLUE CROSS & BLUE SHIELD;ROCHA;Pediatría;0
BLUE CROSS & BLUE SHIELD;ROCHA;Gine;0
BLUE CROSS & BLUE SHIELD;ROCHA;AE;0
BLUE CROSS & BLUE SHIELD;ROCHA;LE;0
BLUE CROSS & BLUE SHIELD;SALTO;MG;0
BLUE CROSS & BLUE SHIELD;SALTO;MFYC;0
BLUE CROSS & BLUE SHIELD;SALTO;Pediatría;0
BLUE CROSS & BLUE SHIELD;SALTO;Gine;0
BLUE CROSS & BLUE SHIELD;SALTO;AE;0
BLUE CROSS & BLUE SHIELD;SALTO;LE;0
BLUE CROSS & BLUE SHIELD;SAN JOSE;MG;0
BLUE CROSS & BLUE SHIELD;SAN JOSE;MFYC;0
BLUE CROSS & BLUE SHIELD;SAN JOSE;Pediatría;0
BLUE CROSS & BLUE SHIELD;SAN JOSE;Gine;0
BLUE CROSS & BLUE SHIELD;SAN JOSE;AE;0
BLUE CROSS & BLUE SHIELD;SAN JOSE;LE;0
BLUE CROSS & BLUE SHIELD;SORIANO;MG;0
BLUE CROSS & BLUE SHIELD;SORIANO;MFYC;0
BLUE CROSS & BLUE SHIELD;SORIANO;Pediatría;0
BLUE CROSS & BLUE SHIELD;SORIANO;Gine;0
BLUE CROSS & BLUE SHIELD;SORIANO;AE;0
BLUE CROSS & BLUE SHIELD;SORIANO;LE;0
BLUE CROSS & BLUE SHIELD;TACUAREMBO;MG;0
BLUE CROSS & BLUE SHIELD;TACUAREMBO;MFYC;0
BLUE CROSS & BLUE SHIELD;TACUAREMBO;Pediatría;0
BLUE CROSS & BLUE SHIELD;TACUAREMBO;Gine;0
BLUE CROSS & BLUE SHIELD;TACUAREMBO;AE;0
BLUE CROSS & BLUE SHIELD;TACUAREMBO;LE;0
BLUE CROSS & BLUE SHIELD;TREINTA Y TRES;MG;0
BLUE CROSS & BLUE SHIELD;TREINTA Y TRES;MFYC;0
BLUE CROSS & BLUE SHIELD;TREINTA Y TRES;Pediatría;0
BLUE CROSS & BLUE SHIELD;TREINTA Y TRES;Gine;0
BLUE CROSS & BLUE SHIELD;TREINTA Y TRES;AE;0
BLUE CROSS & BLUE SHIELD;TREINTA Y TRES;LE;0
UNIVERSAL;ARTIGAS;MG;0
UNIVERSAL;ARTIGAS;MFYC;0
UNIVERSAL;ARTIGAS;Pediatría;0
UNIVERSAL;ARTIGAS;Gine;0
UNIVERSAL;ARTIGAS;AE;0
UNIVERSAL;ARTIGAS;LE;0
UNIVERSAL;CANELONES;MG;1.63229714716475
UNIVERSAL;CANELONES;MFYC;0
UNIVERSAL;CANELONES;Pediatría;1.41260972588696
UNIVERSAL;CANELONES;Gine;0.54037514236579
UNIVERSAL;CANELONES;AE;2.39050680518301
UNIVERSAL;CANELONES;LE;0
UNIVERSAL;CERRO LARGO;MG;0
UNIVERSAL;CERRO LARGO;MFYC;0
UNIVERSAL;CERRO LARGO;Pediatría;0
UNIVERSAL;CERRO LARGO;Gine;0
UNIVERSAL;CERRO LARGO;AE;0
UNIVERSAL;CERRO LARGO;LE;0
UNIVERSAL;COLONIA;MG;0
UNIVERSAL;COLONIA;MFYC;0
UNIVERSAL;COLONIA;Pediatría;0
UNIVERSAL;COLONIA;Gine;0
UNIVERSAL;COLONIA;AE;0
UNIVERSAL;COLONIA;LE;0
UNIVERSAL;DURAZNO;MG;0
UNIVERSAL;DURAZNO;MFYC;0
UNIVERSAL;DURAZNO;Pediatría;0
UNIVERSAL;DURAZNO;Gine;0
UNIVERSAL;DURAZNO;AE;0
UNIVERSAL;DURAZNO;LE;0
UNIVERSAL;FLORES;MG;0
UNIVERSAL;FLORES;MFYC;0
UNIVERSAL;FLORES;Pediatría;0
UNIVERSAL;FLORES;Gine;0
UNIVERSAL;FLORES;AE;0
UNIVERSAL;FLORES;LE;0
UNIVERSAL;FLORIDA;MG;0
UNIVERSAL;FLORIDA;MFYC;0
UNIVERSAL;FLORIDA;Pediatría;0
UNIVERSAL;FLORIDA;Gine;0
UNIVERSAL;FLORIDA;AE;0
UNIVERSAL;FLORIDA;LE;0
UNIVERSAL;LAVALLEJA;MG;0
UNIVERSAL;LAVALLEJA;MFYC;0
UNIVERSAL;LAVALLEJA;Pediatría;0
UNIVERSAL;LAVALLEJA;Gine;0
UNIVERSAL;LAVALLEJA;AE;0
UNIVERSAL;LAVALLEJA;LE;0
UNIVERSAL;MALDONADO;MG;0
UNIVERSAL;MALDONADO;MFYC;0
UNIVERSAL;MALDONADO;Pediatría;0
UNIVERSAL;MALDONADO;Gine;0
UNIVERSAL;MALDONADO;AE;0
UNIVERSAL;MALDONADO;LE;0
UNIVERSAL;MONTEVIDEO;MG;1.92447238097615
UNIVERSAL;MONTEVIDEO;MFYC;0.0321118000367353
UNIVERSAL;MONTEVIDEO;Pediatría;4.73064205131158
UNIVERSAL;MONTEVIDEO;Gine;1.415977450788
UNIVERSAL;MONTEVIDEO;AE;9.80861496200244
UNIVERSAL;MONTEVIDEO;LE;0.515283799701618
UNIVERSAL;PAYSANDU;MG;0
UNIVERSAL;PAYSANDU;MFYC;0
UNIVERSAL;PAYSANDU;Pediatría;0
UNIVERSAL;PAYSANDU;Gine;0
UNIVERSAL;PAYSANDU;AE;0
UNIVERSAL;PAYSANDU;LE;0
UNIVERSAL;RIO NEGRO;MG;0
UNIVERSAL;RIO NEGRO;MFYC;0
UNIVERSAL;RIO NEGRO;Pediatría;0
UNIVERSAL;RIO NEGRO;Gine;0
UNIVERSAL;RIO NEGRO;AE;0
UNIVERSAL;RIO NEGRO;LE;0
UNIVERSAL;RIVERA;MG;0
UNIVERSAL;RIVERA;MFYC;0
UNIVERSAL;RIVERA;Pediatría;0
UNIVERSAL;RIVERA;Gine;0
UNIVERSAL;RIVERA;AE;0
UNIVERSAL;RIVERA;LE;0
UNIVERSAL;ROCHA;MG;0
UNIVERSAL;ROCHA;MFYC;0
UNIVERSAL;ROCHA;Pediatría;0
UNIVERSAL;ROCHA;Gine;0
UNIVERSAL;ROCHA;AE;0
UNIVERSAL;ROCHA;LE;0
UNIVERSAL;SALTO;MG;0
UNIVERSAL;SALTO;MFYC;0
UNIVERSAL;SALTO;Pediatría;0
UNIVERSAL;SALTO;Gine;0
UNIVERSAL;SALTO;AE;0
UNIVERSAL;SALTO;LE;0
UNIVERSAL;SAN JOSE;MG;0
UNIVERSAL;SAN JOSE;MFYC;0
UNIVERSAL;SAN JOSE;Pediatría;0
UNIVERSAL;SAN JOSE;Gine;0.780307949019973
UNIVERSAL;SAN JOSE;AE;0
UNIVERSAL;SAN JOSE;LE;0
UNIVERSAL;SORIANO;MG;0
UNIVERSAL;SORIANO;MFYC;0
UNIVERSAL;SORIANO;Pediatría;0
UNIVERSAL;SORIANO;Gine;0
UNIVERSAL;SORIANO;AE;0
UNIVERSAL;SORIANO;LE;0
UNIVERSAL;TACUAREMBO;MG;0
UNIVERSAL;TACUAREMBO;MFYC;0
UNIVERSAL;TACUAREMBO;Pediatría;0
UNIVERSAL;TACUAREMBO;Gine;0
UNIVERSAL;TACUAREMBO;AE;0
UNIVERSAL;TACUAREMBO;LE;0
UNIVERSAL;TREINTA Y TRES;MG;0
UNIVERSAL;TREINTA Y TRES;MFYC;0
UNIVERSAL;TREINTA Y TRES;Pediatría;0
UNIVERSAL;TREINTA Y TRES;Gine;0
UNIVERSAL;TREINTA Y TRES;AE;0
UNIVERSAL;TREINTA Y TRES;LE;0
AMDM;total país;MG;2.14940007266363
AMDM;total país;MFYC;0.0832680509329135
AMDM;total país;Pediatría;4.27302749855708
AMDM;total país;Gine;1.05603406216013
AMDM;total país;AE;5.5918038550228
AMDM;total país;LE;0
AMEDRIN;total país;MG;2.77988886487037
AMEDRIN;total país;MFYC;0.252216748768473
AMEDRIN;total país;Pediatría;4.45993031358885
AMEDRIN;total país;Gine;2.91714747288253
AMEDRIN;total país;AE;3.31591779867642
AMEDRIN;total país;LE;0
AMSJ;total país;MG;2.2120949287231
AMSJ;total país;MFYC;0.104695284800336
AMSJ;total país;Pediatría;2.78193856000357
AMSJ;total país;Gine;1.27855847599037
AMSJ;total país;AE;2.9393440265089
AMSJ;total país;LE;0.15143594466987
ASOCIACIÓN ESPAÑOLA;total país;MG;4.63805149775214
ASOCIACIÓN ESPAÑOLA;total país;MFYC;0.0226002246621692
ASOCIACIÓN ESPAÑOLA;total país;Pediatría;5.42610117100467
ASOCIACIÓN ESPAÑOLA;total país;Gine;1.67330540516802
ASOCIACIÓN ESPAÑOLA;total país;AE;13.168569729294
ASOCIACIÓN ESPAÑOLA;total país;LE;0.700318731989081
ASSE;total país;MG;2.89077655319827
ASSE;total país;MFYC;1.25037397958422
ASSE;total país;Pediatría;6.59427031934319
ASSE;total país;Gine;1.20140335130595
ASSE;total país;AE;11.4997275232305
ASSE;total país;LE;1.7089750446193
CAAMEPA;total país;MG;1.81008774249676
CAAMEPA;total país;MFYC;0
CAAMEPA;total país;Pediatría;2.78594625902411
CAAMEPA;total país;Gine;0.514098448706338
CAAMEPA;total país;AE;2.84967264385504
CAAMEPA;total país;LE;0.284967264385504
CAMCEL;total país;MG;0.0715605305670378
CAMCEL;total país;MFYC;0
CAMCEL;total país;Pediatría;0.013482256087028
CAMCEL;total país;Gine;0.299936208075955
CAMCEL;total país;AE;7.12921883921685
CAMCEL;total país;LE;0
CAMDEL;total país;MG;2.96751419233271
CAMDEL;total país;MFYC;0
CAMDEL;total país;Pediatría;3.75222255001236
CAMDEL;total país;Gine;1.16751711755109
CAMDEL;total país;AE;14.2645817103222
CAMDEL;total país;LE;0.34696019499163
CAMEC;total país;MG;0.137766853369649
CAMEC;total país;MFYC;0
CAMEC;total país;Pediatría;0
CAMEC;total país;Gine;0.276593963700682
CAMEC;total país;AE;0
CAMEC;total país;LE;0
CAMEDUR;total país;MG;4.28262446948206
CAMEDUR;total país;MFYC;0
CAMEDUR;total país;Pediatría;4.44900591526641
CAMEDUR;total país;Gine;1.5803417732481
CAMEDUR;total país;AE;9.91190726583883
CAMEDUR;total país;LE;0.606722485135299
CAMOC;total país;MG;2.46918092638957
CAMOC;total país;MFYC;0
CAMOC;total país;Pediatría;5.16581632653061
CAMOC;total país;Gine;1.05012204121019
CAMOC;total país;AE;7.48408228275744
CAMOC;total país;LE;0
CAMS;total país;MG;2.63568755307091
CAMS;total país;MFYC;0.0534495585738531
CAMS;total país;Pediatría;5.48608888018233
CAMS;total país;Gine;1.1902921177375
CAMS;total país;AE;9.33668919792794
CAMS;total país;LE;0.809185403010068
CAMY;total país;MG;2.19208173398699
CAMY;total país;MFYC;0.808179989992164
CAMY;total país;Pediatría;4.44048294303541
CAMY;total país;Gine;2.94264915456611
CAMY;total país;AE;65.6856049758039
CAMY;total país;LE;1.32178970325821
CASMER;total país;MG;2.66516396122687
CASMER;total país;MFYC;0
CASMER;total país;Pediatría;4.42051019496665
CASMER;total país;Gine;1.98621768309817
CASMER;total país;AE;18.6426045549712
CASMER;total país;LE;0.702139610886994
CASMU;total país;MG;0.54445534505989
CASMU;total país;MFYC;0.438459553608411
CASMU;total país;Pediatría;4.56557968853862
CASMU;total país;Gine;0.546181696262236
CASMU;total país;AE;2.23008670195975
CASMU;total país;LE;0.456950380780733
CÍRCULO CATÓLICO;total país;MG;2.21042750559905
CÍRCULO CATÓLICO;total país;MFYC;0
CÍRCULO CATÓLICO;total país;Pediatría;3.79168185769975
CÍRCULO CATÓLICO;total país;Gine;0.565702834239908
CÍRCULO CATÓLICO;total país;AE;14.4094558911509
CÍRCULO CATÓLICO;total país;LE;0
COMECA;total país;MG;3.65504900470518
COMECA;total país;MFYC;0
COMECA;total país;Pediatría;4.88420626521163
COMECA;total país;Gine;1.36739055064073
COMECA;total país;AE;8.89694746310459
COMECA;total país;LE;1.00529717394097
COMEF;total país;MG;4.27028219934228
COMEF;total país;MFYC;0
COMEF;total país;Pediatría;6.06302182463701
COMEF;total país;Gine;1.65392802887146
COMEF;total país;AE;32.3390867367067
COMEF;total país;LE;1.27901027859169
COMEFLO;total país;MG;1.92898310179437
COMEFLO;total país;MFYC;0
COMEFLO;total país;Pediatría;5.77908552914339
COMEFLO;total país;Gine;1.64845440701061
COMEFLO;total país;AE;5.6413830857172
COMEFLO;total país;LE;0
COMEPA;total país;MG;1.73924250744337
COMEPA;total país;MFYC;0.428194900721031
COMEPA;total país;Pediatría;4.98899647887324
COMEPA;total país;Gine;1.57026028364941
COMEPA;total país;AE;11.8750730495923
COMEPA;total país;LE;0.857990717065742
COMERI;total país;MG;1.52224756001565
COMERI;total país;MFYC;0
COMERI;total país;Pediatría;3.53077557310628
COMERI;total país;Gine;1.3870448158155
COMERI;total país;AE;9.81041834735508
COMERI;total país;LE;1.84395528408436
COMERO;total país;MG;1.88690019314327
COMERO;total país;MFYC;0
COMERO;total país;Pediatría;2.59341099884981
COMERO;total país;Gine;0.559221958738219
COMERO;total país;AE;3.18900148820069
COMERO;total país;LE;0
COMTA;total país;MG;2.36302390295391
COMTA;total país;MFYC;0
COMTA;total país;Pediatría;5.93061944087276
COMTA;total país;Gine;1.07555625442252
COMTA;total país;AE;13.0545368459431
COMTA;total país;LE;0.312418028933003
COSEM;total país;MG;1.05742132862326
COSEM;total país;MFYC;0.361957405314356
COSEM;total país;Pediatría;6.48516494496631
COSEM;total país;Gine;1.31568458113135
COSEM;total país;AE;6.17786415499663
COSEM;total país;LE;1.49360549167072
CRAME;total país;MG;2.35705260136119
CRAME;total país;MFYC;0
CRAME;total país;Pediatría;5.34506111948943
CRAME;total país;Gine;2.49492679195183
CRAME;total país;AE;6.67657080776035
CRAME;total país;LE;0.42276478183087
CRAMI;total país;MG;2.98657580089019
CRAMI;total país;MFYC;0
CRAMI;total país;Pediatría;5.62692071434414
CRAMI;total país;Gine;1.48537695278775
CRAMI;total país;AE;7.89816697106752
CRAMI;total país;LE;0.519720130709613
CUDAM;total país;MG;1.73700171231567
CUDAM;total país;MFYC;0.00960994869939105
CUDAM;total país;Pediatría;3.65838728494372
CUDAM;total país;Gine;1.27512127512127
CUDAM;total país;AE;4.98828912631802
CUDAM;total país;LE;0.218976695624145
GREMCA;total país;MG;1.32902538372697
GREMCA;total país;MFYC;0.0530927535057907
GREMCA;total país;Pediatría;4.71798240506815
GREMCA;total país;Gine;0.999847261875389
GREMCA;total país;AE;4.77614419802309
GREMCA;total país;LE;0
GREMEDA;total país;MG;3.71101059587172
GREMEDA;total país;MFYC;0
GREMEDA;total país;Pediatría;4.58948137906923
GREMEDA;total país;Gine;2.08727070594775
GREMEDA;total país;AE;8.76656547692722
GREMEDA;total país;LE;1.46573120444019
HOSPITAL BRITANICO;total país;MG;0
HOSPITAL BRITANICO;total país;MFYC;0
HOSPITAL BRITANICO;total país;Pediatría;0
HOSPITAL BRITANICO;total país;Gine;0
HOSPITAL BRITANICO;total país;AE;0
HOSPITAL BRITANICO;total país;LE;0
HOSPITAL EVANGÉLICO;total país;MG;2.03019257512603
HOSPITAL EVANGÉLICO;total país;MFYC;0.0961316681263841
HOSPITAL EVANGÉLICO;total país;Pediatría;3.99362289984923
HOSPITAL EVANGÉLICO;total país;Gine;1.10171058714748
HOSPITAL EVANGÉLICO;total país;AE;12.7105859712641
HOSPITAL EVANGÉLICO;total país;LE;1.97899691514839
IAC;total país;MG;1.69259981613383
IAC;total país;MFYC;0.124407572226009
IAC;total país;Pediatría;3.25615960669982
IAC;total país;Gine;0.981817696730387
IAC;total país;AE;10.6623939737872
IAC;total país;LE;0
MÉDICA URUGUAYA;total país;MG;2.85703691461659
MÉDICA URUGUAYA;total país;MFYC;0
MÉDICA URUGUAYA;total país;Pediatría;4.96822389683191
MÉDICA URUGUAYA;total país;Gine;1.59685461259304
MÉDICA URUGUAYA;total país;AE;0.00997199571809168
MÉDICA URUGUAYA;total país;LE;0
MEDICARE;total país;MG;0.516616790045677
MEDICARE;total país;MFYC;0
MEDICARE;total país;Pediatría;1.41843971631206
MEDICARE;total país;Gine;0.662062667655956
MEDICARE;total país;AE;0.147154040849962
MEDICARE;total país;LE;0
MP;total país;MG;0.159391911288975
MP;total país;MFYC;0
MP;total país;Pediatría;0.236682350665385
MP;total país;Gine;0.116219786966938
MP;total país;AE;3.08119070705779
MP;total país;LE;0.000554969507755366
SEGURO AMERICANO;total país;MG;2.26878840397038
SEGURO AMERICANO;total país;MFYC;0
SEGURO AMERICANO;total país;Pediatría;0.0120389459902786
SEGURO AMERICANO;total país;Gine;0.0213875785696463
SEGURO AMERICANO;total país;AE;20.3637764837275
SEGURO AMERICANO;total país;LE;0.645222110950385
SMI;total país;MG;1.51866570454899
SMI;total país;MFYC;0.0448531124951325
SMI;total país;Pediatría;4.11874294508945
SMI;total país;Gine;0.853894827407428
SMI;total país;AE;7.4974428183728
SMI;total país;LE;0.30705831258438
SMQS;total país;MG;2.09031541257879
SMQS;total país;MFYC;0
SMQS;total país;Pediatría;5.64997220093465
SMQS;total país;Gine;1.60691211253166
SMQS;total país;AE;15.0645614098329
SMQS;total país;LE;4.90154111426097
SUMMUM;total país;MG;0
SUMMUM;total país;MFYC;0
SUMMUM;total país;Pediatría;0
SUMMUM;total país;Gine;0
SUMMUM;total país;AE;0
SUMMUM;total país;LE;0
BLUE CROSS & BLUE SHIELD;total país;MG;0.932783642886317
BLUE CROSS & BLUE SHIELD;total país;MFYC;0.00905649441214295
BLUE CROSS & BLUE SHIELD;total país;Pediatría;4.65012295998211
BLUE CROSS & BLUE SHIELD;total país;Gine;2.88059707507365
BLUE CROSS & BLUE SHIELD;total país;AE;0
BLUE CROSS & BLUE SHIELD;total país;LE;0.127671414282293
UNIVERSAL;total país;MG;1.8437165747464
UNIVERSAL;total país;MFYC;0.0277418625508747
UNIVERSAL;total país;Pediatría;4.20533276956431
UNIVERSAL;total país;Gine;1.30996836988259
UNIVERSAL;total país;AE;8.73489890623032
UNIVERSAL;total país;LE;0.445161352825491
